identifier,X,Y,rmse,mae,mean_rel_error,lpips,lacunarity_error
20180601_hrrrt17_npk,10.0,0.98,55.617836,45.804718,0.27406502,0.1610649824142456,0.3214932079316252
20180601_hrrrt17_idw,10.0,0.98,20.865955,16.444263,0.15130657,0.1869705319404602,0.098765673396811
20180601_hrrrt17_ordinary_kriging,10.0,0.98,27.25531,22.207485,0.18724705,0.1500154584646225,0.1129406867954361
20180601_hrrrt17_pk,10.0,0.98,43.490784,34.603657,0.20720232,0.1243174225091934,0.2428712454793024
20180601_hrrrt17_npk,1.0,0.98,81.8944,77.39867,0.43962225,0.3786607980728149,0.2714541934036424
20180601_hrrrt17_idw,1.0,0.98,27.197844,22.966223,0.18562737,0.5788981914520264,0.1081293389657655
20180601_hrrrt17_ordinary_kriging,1.0,0.98,31.670618,26.814102,0.2124176,0.4582270085811615,0.127607743429635
20180601_hrrrt17_pk,1.0,0.98,73.94042,66.392944,0.38094175,0.3337768614292145,0.3282580293022042
20180601_hrrrt17_npk,20.0,0.98,15.218478,11.641746,0.074740306,0.0263674519956111,0.0827006407140496
20180601_hrrrt17_idw,20.0,0.98,13.316561,8.835826,0.10893319,0.1389492750167846,0.0806659598564098
20180601_hrrrt17_ordinary_kriging,20.0,0.98,14.909584,10.405554,0.11727216,0.1172176077961921,0.0880699905574064
20180601_hrrrt17_pk,20.0,0.98,17.257446,13.819467,0.08404655,0.0303587932139635,0.0883902709659465
20180601_hrrrt17_npk,30.0,0.98,11.631877,8.274058,0.05435803,0.0213625393807888,0.0549005980384399
20180601_hrrrt17_idw,30.0,0.98,13.772003,9.401673,0.118941896,0.1093738228082656,0.0856538812122534
20180601_hrrrt17_ordinary_kriging,30.0,0.98,15.418929,10.760809,0.12614514,0.1028583794832229,0.087416863310391
20180601_hrrrt17_pk,30.0,0.98,9.235697,6.8428783,0.04523443,0.0206279512494802,0.036206479889584
20180601_hrrrt17_npk,5.0,0.98,68.09875,58.97662,0.3479551,0.225663810968399,0.3818083423054627
20180601_hrrrt17_idw,5.0,0.98,19.591413,15.225334,0.13994706,0.2663899958133697,0.1120334033504565
20180601_hrrrt17_ordinary_kriging,5.0,0.98,25.785461,20.934738,0.17308085,0.1553857773542404,0.1223121908849146
20180601_hrrrt17_pk,5.0,0.98,64.4027,50.24831,0.29595193,0.1872100681066513,0.3801997490267854
20180602_hrrrt20_npk,10.0,0.98,60.463768,50.838623,0.2883509,0.2975151836872101,0.2588165422435667
20180602_hrrrt20_idw,10.0,0.98,21.364264,16.834826,0.1421636,0.4438405036926269,0.1232561347340891
20180602_hrrrt20_ordinary_kriging,10.0,0.98,30.856457,25.183075,0.19254948,0.1605648547410965,0.1443561493136601
20180602_hrrrt20_pk,10.0,0.98,48.312122,39.8221,0.22420056,0.2542977333068847,0.1922724743782486
20180602_hrrrt20_npk,1.0,0.98,95.759995,90.56928,0.51634717,0.5325697660446167,0.3424766959181072
20180602_hrrrt20_idw,1.0,0.98,26.884367,19.926529,0.16106609,0.7420336008071899,0.0539122330231729
20180602_hrrrt20_ordinary_kriging,1.0,0.98,34.165474,27.877712,0.22358316,0.5492722392082214,0.1498083989493104
20180602_hrrrt20_pk,1.0,0.98,75.38639,66.97898,0.3855061,0.3802484273910522,0.293540828345455
20180602_hrrrt20_npk,20.0,0.98,18.672752,13.900824,0.08365737,0.0727450996637344,0.0398099256537626
20180602_hrrrt20_idw,20.0,0.98,22.147533,17.115654,0.14892362,0.2282474935054779,0.1150754285618452
20180602_hrrrt20_ordinary_kriging,20.0,0.98,32.041325,25.977419,0.19974059,0.2190143764019012,0.1400157561279694
20180602_hrrrt20_pk,20.0,0.98,19.974125,14.624478,0.08889836,0.0849537998437881,0.0304135383734505
20180602_hrrrt20_npk,30.0,0.98,12.876356,9.724546,0.062723994,0.0722883492708206,0.0383092430678648
20180602_hrrrt20_idw,30.0,0.98,17.549372,13.608089,0.1350428,0.184779018163681,0.0827507242925671
20180602_hrrrt20_ordinary_kriging,30.0,0.98,30.4163,24.293585,0.19733451,0.2219090312719345,0.1246612795067593
20180602_hrrrt20_pk,30.0,0.98,12.763334,9.473201,0.06475752,0.0655543580651283,0.0339204947266807
20180602_hrrrt20_npk,5.0,0.98,62.92022,54.99666,0.31410632,0.3324643969535827,0.2697075007439355
20180602_hrrrt20_idw,5.0,0.98,20.732086,16.324512,0.14046247,0.5185030102729797,0.1225791296973577
20180602_hrrrt20_ordinary_kriging,5.0,0.98,30.670094,25.1444,0.19234483,0.158545434474945,0.1468344360222182
20180602_hrrrt20_pk,5.0,0.98,70.28288,57.111713,0.32799497,0.3303610682487488,0.3622344178303943
20180603_hrrrt18_npk,10.0,0.98,72.20804,58.759426,0.29057735,0.2782495617866516,0.2456278761800019
20180603_hrrrt18_idw,10.0,0.98,18.25955,13.99105,0.123696014,0.3608800172805786,0.0835945965653606
20180603_hrrrt18_ordinary_kriging,10.0,0.98,22.627321,18.246813,0.14777702,0.2771839201450348,0.0962262409515851
20180603_hrrrt18_pk,10.0,0.98,52.543457,41.9249,0.21437238,0.2398310154676437,0.1791938072405393
20180603_hrrrt18_npk,1.0,0.98,127.40447,121.47658,0.6046537,0.4725648760795593,0.479970130761444
20180603_hrrrt18_idw,1.0,0.98,21.010153,16.112919,0.13341469,0.6743970513343811,0.060270288088591
20180603_hrrrt18_ordinary_kriging,1.0,0.98,23.383417,18.18861,0.14722806,0.3851533532142639,0.076556186460937
20180603_hrrrt18_pk,1.0,0.98,100.36561,88.993256,0.44281024,0.4411789178848266,0.3940237742199374
20180603_hrrrt18_npk,20.0,0.98,18.555445,13.351846,0.075026326,0.0633647814393043,0.0461424093416726
20180603_hrrrt18_idw,20.0,0.98,15.676972,11.486726,0.12002843,0.2134282886981964,0.070263633274552
20180603_hrrrt18_ordinary_kriging,20.0,0.98,20.580091,16.131523,0.14721075,0.1462293565273285,0.0871823266705184
20180603_hrrrt18_pk,20.0,0.98,19.095446,14.445872,0.07789111,0.0609828159213066,0.0480835959443255
20180603_hrrrt18_npk,30.0,0.98,11.28433,8.518131,0.050975874,0.0530516505241394,0.0349447549974898
20180603_hrrrt18_idw,30.0,0.98,16.101828,11.963389,0.13147788,0.1772429943084716,0.0735378250354828
20180603_hrrrt18_ordinary_kriging,30.0,0.98,22.073423,17.641212,0.16339488,0.1414252817630767,0.0868658357199913
20180603_hrrrt18_pk,30.0,0.98,11.371141,8.493025,0.046933156,0.0412600450217723,0.0325505098313144
20180603_hrrrt18_npk,5.0,0.98,81.60666,68.68602,0.34101018,0.3269565105438232,0.315921605802527
20180603_hrrrt18_idw,5.0,0.98,19.122375,15.0136175,0.1267349,0.4748885035514831,0.0901192879865328
20180603_hrrrt18_ordinary_kriging,5.0,0.98,22.182161,17.809353,0.14245087,0.2015050798654556,0.0974073789790906
20180603_hrrrt18_pk,5.0,0.98,60.829445,48.77306,0.2422749,0.2503563165664673,0.2179965354934965
20180603_hrrrt20_npk,10.0,0.98,79.240524,64.868454,0.32943028,0.301664650440216,0.3087222250661342
20180603_hrrrt20_idw,10.0,0.98,15.427891,11.531597,0.112387724,0.3700923919677734,0.0736424734399545
20180603_hrrrt20_ordinary_kriging,10.0,0.98,19.696539,15.400867,0.13538581,0.2167569696903228,0.0835546903850476
20180603_hrrrt20_pk,10.0,0.98,48.746,39.41462,0.21034783,0.1946785449981689,0.1525453235804131
20180603_hrrrt20_npk,1.0,0.98,118.772896,114.1462,0.5666047,0.4528137743473053,0.3284027630584319
20180603_hrrrt20_idw,1.0,0.98,17.76173,13.46573,0.11881733,0.6567900776863098,0.057490773762136
20180603_hrrrt20_ordinary_kriging,1.0,0.98,22.576715,17.282051,0.13957682,0.3640326261520386,0.0119036590725054
20180603_hrrrt20_pk,1.0,0.98,83.754074,74.4843,0.3684393,0.3086923360824585,0.2747241365229146
20180603_hrrrt20_npk,20.0,0.98,16.47566,11.963076,0.075203784,0.0754267871379852,0.0407076403866693
20180603_hrrrt20_idw,20.0,0.98,13.909226,10.111688,0.11303395,0.2438225001096725,0.0642949493655948
20180603_hrrrt20_ordinary_kriging,20.0,0.98,17.709064,13.438816,0.13200267,0.1483442932367324,0.076295356019079
20180603_hrrrt20_pk,20.0,0.98,19.081167,14.275297,0.09225758,0.066811166703701,0.0530993426552498
20180603_hrrrt20_npk,30.0,0.98,11.775001,8.582287,0.06458225,0.0634422674775123,0.0282357077572849
20180603_hrrrt20_idw,30.0,0.98,14.54763,10.618201,0.12356825,0.1825043708086013,0.0662469710050709
20180603_hrrrt20_ordinary_kriging,30.0,0.98,19.154013,14.722106,0.14436874,0.1444724202156067,0.0762474613991379
20180603_hrrrt20_pk,30.0,0.98,11.2080345,8.241923,0.06820505,0.0571606159210205,0.035300534654557
20180603_hrrrt20_npk,5.0,0.98,79.65631,67.42009,0.33389756,0.3166547417640686,0.2956884406538676
20180603_hrrrt20_idw,5.0,0.98,16.463186,12.613566,0.115983784,0.4453539252281189,0.0799728642357651
20180603_hrrrt20_ordinary_kriging,5.0,0.98,15.941061,12.380011,0.11307472,0.1783086955547332,0.0766012169246109
20180603_hrrrt20_pk,5.0,0.98,69.47829,56.080875,0.2840393,0.2684560716152191,0.2727017437814724
20180610_hrrrt19_npk,10.0,0.98,58.766663,48.55194,0.26437533,0.2258679270744323,0.2483602289324561
20180610_hrrrt19_idw,10.0,0.98,27.259623,20.275562,0.20226514,0.3070745468139648,0.1187262163762022
20180610_hrrrt19_ordinary_kriging,10.0,0.98,31.350132,24.599133,0.22582528,0.1868379861116409,0.1258311562315778
20180610_hrrrt19_pk,10.0,0.98,45.41783,35.671616,0.20223394,0.1301126629114151,0.2127762917059414
20180610_hrrrt19_npk,1.0,0.98,119.78389,110.63683,0.56053823,0.5025379657745361,0.3203003214278995
20180610_hrrrt19_idw,1.0,0.98,31.631483,24.573965,0.21824375,0.6051507592201233,0.1155089708657732
20180610_hrrrt19_ordinary_kriging,1.0,0.98,29.790665,23.468441,0.20946708,0.4871496856212616,0.1286033781676718
20180610_hrrrt19_pk,1.0,0.98,96.40488,84.70179,0.44166505,0.4852644801139831,0.3484914917966833
20180610_hrrrt19_npk,20.0,0.98,10.4305105,7.192859,0.052232135,0.0141696697100996,0.014459702138281
20180610_hrrrt19_idw,20.0,0.98,25.229662,18.792799,0.19858289,0.1599658727645874,0.1061838644594428
20180610_hrrrt19_ordinary_kriging,20.0,0.98,29.811384,23.66097,0.22386369,0.159237653017044,0.120189378865269
20180610_hrrrt19_pk,20.0,0.98,8.620883,6.1667204,0.053322695,0.0125518981367349,0.0377256490710211
20180610_hrrrt19_npk,30.0,0.98,6.399856,4.7782426,0.025205135,0.0099456366151571,0.0279340851183863
20180610_hrrrt19_idw,30.0,0.98,20.047764,15.605997,0.09089399,0.1203868985176086,0.0825184132449018
20180610_hrrrt19_ordinary_kriging,30.0,0.98,26.97696,21.63424,0.12057095,0.1244183853268623,0.0992674640939747
20180610_hrrrt19_pk,30.0,0.98,6.343276,4.7143908,0.025652448,0.0115091688930988,0.0289482717353487
20180610_hrrrt19_npk,5.0,0.98,69.16817,58.06064,0.3104455,0.2508638799190521,0.3109942752441664
20180610_hrrrt19_idw,5.0,0.98,30.02315,22.353546,0.21205568,0.3788480758666992,0.1228546247599674
20180610_hrrrt19_ordinary_kriging,5.0,0.98,32.510998,25.223022,0.22749378,0.2133474797010421,0.1274647250293303
20180610_hrrrt19_pk,5.0,0.98,64.63118,50.498512,0.28005663,0.2053781300783157,0.3032373387853369
20180612_hrrrt17_npk,10.0,0.98,44.507664,38.612152,0.2931944,0.1340073645114898,0.1771621283743494
20180612_hrrrt17_idw,10.0,0.98,27.224592,18.408192,0.22747947,0.325189471244812,0.1879521954673413
20180612_hrrrt17_ordinary_kriging,10.0,0.98,32.313686,22.61866,0.2668095,0.1890383809804916,0.196326527144314
20180612_hrrrt17_pk,10.0,0.98,35.25749,30.485722,0.23086312,0.1047986149787902,0.1365135201996606
20180612_hrrrt17_npk,1.0,0.98,84.94874,77.839005,0.5464356,0.3539971709251404,0.1580582163016509
20180612_hrrrt17_idw,1.0,0.98,30.914549,21.350346,0.21946992,0.6400460004806519,0.1811165495518306
20180612_hrrrt17_ordinary_kriging,1.0,0.98,36.14079,27.927269,0.27255198,0.4938127994537353,0.2086828300941996
20180612_hrrrt17_pk,1.0,0.98,70.252686,62.898262,0.46320102,0.3934871852397918,0.2656594612640758
20180612_hrrrt17_npk,20.0,0.98,19.215822,14.370155,0.13122238,0.0754234120249748,0.1287850898800488
20180612_hrrrt17_idw,20.0,0.98,29.581285,20.363441,0.25663984,0.2380628287792205,0.1920773942194061
20180612_hrrrt17_ordinary_kriging,20.0,0.98,37.353603,27.975283,0.31798792,0.2504221498966217,0.2038849777683086
20180612_hrrrt17_pk,20.0,0.98,16.572874,12.167362,0.11698815,0.0703041031956672,0.1245090957170518
20180612_hrrrt17_npk,30.0,0.98,13.041974,9.964087,0.07517449,0.0592401698231697,0.064086548567139
20180612_hrrrt17_idw,30.0,0.98,20.177015,13.768828,0.13098243,0.1934432834386825,0.1324355119719947
20180612_hrrrt17_ordinary_kriging,30.0,0.98,25.339212,17.49477,0.16452233,0.1611601710319519,0.1454983381389639
20180612_hrrrt17_pk,30.0,0.98,16.523668,11.707783,0.09114478,0.056730180978775,0.0847308717863309
20180612_hrrrt17_npk,5.0,0.98,47.704536,42.110996,0.30554575,0.1603509783744812,0.1402051603674727
20180612_hrrrt17_idw,5.0,0.98,26.221706,18.017216,0.21845369,0.3884978890419006,0.1856638350855728
20180612_hrrrt17_ordinary_kriging,5.0,0.98,29.593018,21.474821,0.24834599,0.1460881233215332,0.1905635655440914
20180612_hrrrt17_pk,5.0,0.98,49.998123,42.355965,0.32262197,0.1614723950624466,0.2505492338291096
20180614_hrrrt17_npk,10.0,0.98,72.66084,57.22376,0.27816728,0.2499737292528152,0.2788917259595013
20180614_hrrrt17_idw,10.0,0.98,21.296467,16.28153,0.15005805,0.2795067429542541,0.0880346226283806
20180614_hrrrt17_ordinary_kriging,10.0,0.98,24.302814,19.23054,0.16385414,0.1479825973510742,0.0912656013120686
20180614_hrrrt17_pk,10.0,0.98,68.37484,52.287834,0.2597488,0.2093709409236908,0.2727949529124173
20180614_hrrrt17_npk,1.0,0.98,127.848366,118.92677,0.59196335,0.5369558930397034,0.3879447592026331
20180614_hrrrt17_idw,1.0,0.98,24.419489,18.938116,0.15846565,0.5664582252502441,0.0902820848213643
20180614_hrrrt17_ordinary_kriging,1.0,0.98,26.87968,21.466469,0.1678182,0.4879341423511505,0.0863251034191363
20180614_hrrrt17_pk,1.0,0.98,107.648026,95.37088,0.47321758,0.546122670173645,0.3614290946696657
20180614_hrrrt17_npk,20.0,0.98,11.889316,9.256332,0.06285473,0.0172849372029304,0.0451428523335954
20180614_hrrrt17_idw,20.0,0.98,21.340076,15.415929,0.15544344,0.1484200805425644,0.0790796189563801
20180614_hrrrt17_ordinary_kriging,20.0,0.98,24.599602,19.397314,0.17282794,0.1372101604938507,0.0888083840896878
20180614_hrrrt17_pk,20.0,0.98,9.302877,7.091552,0.055094376,0.0117147993296384,0.0368755701179399
20180614_hrrrt17_npk,30.0,0.98,6.9264665,5.3859835,0.02699668,0.0092690289020538,0.0304535352279788
20180614_hrrrt17_idw,30.0,0.98,19.3024,14.657949,0.08014054,0.1068079769611358,0.0719523387810322
20180614_hrrrt17_ordinary_kriging,30.0,0.98,25.496307,20.697,0.10847837,0.1336704045534134,0.0838059460819304
20180614_hrrrt17_pk,30.0,0.98,6.445866,4.8604994,0.02449169,0.0087389592081308,0.024332681350476
20180614_hrrrt17_npk,5.0,0.98,74.108604,63.91521,0.3331786,0.2666747868061065,0.2399060391308422
20180614_hrrrt17_idw,5.0,0.98,22.388699,17.239979,0.15318829,0.3496221005916595,0.0900813082527219
20180614_hrrrt17_ordinary_kriging,5.0,0.98,25.10476,19.837358,0.16649531,0.2123341709375381,0.0945923052238574
20180614_hrrrt17_pk,5.0,0.98,63.696354,51.678658,0.2564972,0.1661705374717712,0.2438442989452194
20180614_hrrrt19_npk,10.0,0.98,81.71962,64.51424,0.31276342,0.2914923727512359,0.2806166063496324
20180614_hrrrt19_idw,10.0,0.98,23.667177,19.126932,0.16228788,0.3432955145835876,0.0951886290726802
20180614_hrrrt19_ordinary_kriging,10.0,0.98,28.195013,23.091131,0.18170704,0.1657610833644867,0.101241228164588
20180614_hrrrt19_pk,10.0,0.98,66.29082,52.215878,0.2541478,0.1981738209724426,0.2178181161812705
20180614_hrrrt19_npk,1.0,0.98,126.78912,117.69132,0.5791153,0.5467449426651001,0.3300038366915974
20180614_hrrrt19_idw,1.0,0.98,27.983494,22.933432,0.17604013,0.618939220905304,0.1030447450922815
20180614_hrrrt19_ordinary_kriging,1.0,0.98,31.429039,25.843195,0.18692985,0.543500542640686,0.0870306150985197
20180614_hrrrt19_pk,1.0,0.98,104.11399,88.72878,0.44398472,0.5140515565872192,0.3380870499484932
20180614_hrrrt19_npk,20.0,0.98,10.496886,8.158377,0.0522509,0.0163483601063489,0.042511255531486
20180614_hrrrt19_idw,20.0,0.98,23.265821,17.07507,0.17230345,0.1653198599815368,0.0853732708202211
20180614_hrrrt19_ordinary_kriging,20.0,0.98,27.045227,21.36924,0.18932718,0.147702157497406,0.096706130989784
20180614_hrrrt19_pk,20.0,0.98,8.99084,7.0735626,0.0522518,0.0125566478818655,0.0203227470137389
20180614_hrrrt19_npk,30.0,0.98,7.4469533,5.5875173,0.027815392,0.0126804374158382,0.0317672490337484
20180614_hrrrt19_idw,30.0,0.98,19.957346,15.937936,0.08800372,0.1191678941249847,0.0774927435801423
20180614_hrrrt19_ordinary_kriging,30.0,0.98,27.755558,22.804743,0.12099964,0.1293640732765197,0.0908401192342306
20180614_hrrrt19_pk,30.0,0.98,7.014355,5.290749,0.025969557,0.0107634449377655,0.0273349538930166
20180614_hrrrt19_npk,5.0,0.98,99.15567,83.9576,0.4063833,0.3772783577442169,0.3458800563165488
20180614_hrrrt19_idw,5.0,0.98,23.177706,18.621788,0.1601684,0.406706839799881,0.0965503667862803
20180614_hrrrt19_ordinary_kriging,5.0,0.98,27.123964,21.954008,0.17773022,0.193363219499588,0.1033842605425081
20180614_hrrrt19_pk,5.0,0.98,84.071106,68.41061,0.32334858,0.2999082803726196,0.2851974712851527
20180616_hrrrt19_npk,10.0,0.98,71.54542,58.739624,0.31305954,0.299014151096344,0.2323076561559774
20180616_hrrrt19_idw,10.0,0.98,22.093828,17.443449,0.2081023,0.3388154208660126,0.090968760397362
20180616_hrrrt19_ordinary_kriging,10.0,0.98,25.965338,20.901276,0.22531444,0.1296475082635879,0.0953597116597648
20180616_hrrrt19_pk,10.0,0.98,65.23369,52.67647,0.2717947,0.2454883456230163,0.2042380858229522
20180616_hrrrt19_npk,1.0,0.98,115.592316,107.89226,0.53451884,0.539557695388794,0.2960235243714896
20180616_hrrrt19_idw,1.0,0.98,25.36754,20.121548,0.20792204,0.6401932239532471,0.0892925234770883
20180616_hrrrt19_ordinary_kriging,1.0,0.98,33.176456,26.63141,0.2345529,0.5696856379508972,0.0562176004084165
20180616_hrrrt19_pk,1.0,0.98,106.904106,94.10771,0.46757695,0.5447160005569458,0.3363719453244527
20180616_hrrrt19_npk,20.0,0.98,8.356673,6.474214,0.06511601,0.0112813366577029,0.0296279739145312
20180616_hrrrt19_idw,20.0,0.98,21.450663,15.25145,0.22161172,0.1748130023479461,0.0785428372246571
20180616_hrrrt19_ordinary_kriging,20.0,0.98,25.739706,19.93317,0.24381934,0.1518749892711639,0.092608728883366
20180616_hrrrt19_pk,20.0,0.98,10.152294,7.654995,0.0743344,0.0190462190657854,0.0506560690143254
20180616_hrrrt19_npk,30.0,0.98,7.2842994,5.503835,0.04486248,0.0087085710838437,0.0052236202440923
20180616_hrrrt19_idw,30.0,0.98,18.589075,14.244073,0.1534124,0.1380666196346283,0.0711771759433598
20180616_hrrrt19_ordinary_kriging,30.0,0.98,25.864853,20.94735,0.18212792,0.1482861787080764,0.0864190186772592
20180616_hrrrt19_pk,30.0,0.98,7.3848724,5.565712,0.044033416,0.0082847252488136,0.0095203899810636
20180616_hrrrt19_npk,5.0,0.98,80.638695,67.82991,0.3397255,0.3287355303764343,0.2691811766877709
20180616_hrrrt19_idw,5.0,0.98,22.31984,17.269785,0.20587455,0.3947394490242004,0.0942921969188066
20180616_hrrrt19_ordinary_kriging,5.0,0.98,25.879261,20.345581,0.22127442,0.1965367943048477,0.0993441589165889
20180616_hrrrt19_pk,5.0,0.98,89.72455,72.446846,0.3578457,0.3355518281459808,0.336821802746145
20180619_hrrrt17_npk,10.0,0.98,57.256557,48.098995,0.25990456,0.2079166769981384,0.2017031575807362
20180619_hrrrt17_idw,10.0,0.98,24.91997,17.772985,0.17025326,0.2663523852825165,0.118468015548502
20180619_hrrrt17_ordinary_kriging,10.0,0.98,28.356544,21.342283,0.18848456,0.1638913005590438,0.1235447153561377
20180619_hrrrt17_pk,10.0,0.98,44.061207,34.785267,0.19087562,0.1525463908910751,0.1766084508659978
20180619_hrrrt17_npk,1.0,0.98,109.92431,100.27244,0.51337624,0.5071586966514587,0.2580233267544948
20180619_hrrrt17_idw,1.0,0.98,28.28309,21.320267,0.18327422,0.574385404586792,0.1279806660266253
20180619_hrrrt17_ordinary_kriging,1.0,0.98,29.96045,23.162476,0.1900512,0.5444773435592651,0.1205006616744098
20180619_hrrrt17_pk,1.0,0.98,93.95342,82.20477,0.42411566,0.5219911336898804,0.3396861009638827
20180619_hrrrt17_npk,20.0,0.98,9.7712,7.616112,0.05655775,0.016961745917797,0.0194040214985728
20180619_hrrrt17_idw,20.0,0.98,26.137877,18.959108,0.18479651,0.1423406451940536,0.1177440274127136
20180619_hrrrt17_ordinary_kriging,20.0,0.98,29.655201,22.8285,0.20474654,0.1537628173828125,0.1240627976812481
20180619_hrrrt17_pk,20.0,0.98,8.744049,6.5605526,0.045592133,0.016151275485754,0.0342541721587999
20180619_hrrrt17_npk,30.0,0.98,8.094801,6.0599723,0.031797364,0.0156330410391092,0.028839039162423
20180619_hrrrt17_idw,30.0,0.98,19.86987,14.658996,0.08533974,0.12383683770895,0.089135400931347
20180619_hrrrt17_ordinary_kriging,30.0,0.98,28.605387,23.038702,0.12977636,0.1455861330032348,0.1069954305645004
20180619_hrrrt17_pk,30.0,0.98,7.8416786,5.907489,0.031219011,0.0123584140092134,0.0214369587777405
20180619_hrrrt17_npk,5.0,0.98,68.485565,58.23741,0.3114478,0.2487613260746002,0.2672214570751718
20180619_hrrrt17_idw,5.0,0.98,27.846302,19.828623,0.18498476,0.3285601139068603,0.1222980229197849
20180619_hrrrt17_ordinary_kriging,5.0,0.98,31.242722,23.109198,0.2038784,0.2199143022298813,0.127416611586502
20180619_hrrrt17_pk,5.0,0.98,62.24052,46.76224,0.26525086,0.1887256503105163,0.2759765017789344
20180622_hrrrt18_npk,10.0,0.98,71.30814,61.16789,0.42985523,0.2253047823905944,0.1662877752942655
20180622_hrrrt18_idw,10.0,0.98,52.551,44.82208,0.40307415,0.4075203537940979,0.2232869204011249
20180622_hrrrt18_ordinary_kriging,10.0,0.98,57.544384,48.74722,0.42751777,0.2456590384244918,0.2196862888866092
20180622_hrrrt18_pk,10.0,0.98,64.52055,54.862366,0.41401088,0.2058071345090866,0.1761159626138075
20180622_hrrrt18_npk,1.0,0.98,106.63491,97.208084,0.5748971,0.3444261252880096,0.1797126143103147
20180622_hrrrt18_idw,1.0,0.98,45.88219,36.849358,0.42221263,0.5964053273200989,0.2427776063699862
20180622_hrrrt18_ordinary_kriging,1.0,0.98,47.70953,38.081856,0.42904228,0.5907188653945923,0.248402616370831
20180622_hrrrt18_pk,1.0,0.98,84.293175,72.89021,0.51151097,0.3237467408180237,0.160606315338571
20180622_hrrrt18_npk,20.0,0.98,34.840996,26.566372,0.16592297,0.089510828256607,0.1398117832061461
20180622_hrrrt18_idw,20.0,0.98,33.700794,25.768385,0.28777963,0.2221592664718628,0.1981575465360216
20180622_hrrrt18_ordinary_kriging,20.0,0.98,28.548498,21.082697,0.18199216,0.1412084847688675,0.1688560310818962
20180622_hrrrt18_pk,20.0,0.98,28.517796,21.812078,0.13252999,0.0758765786886215,0.1259900125013996
20180622_hrrrt18_npk,30.0,0.98,18.785677,13.990237,0.09598051,0.0593080930411815,0.0719375422046328
20180622_hrrrt18_idw,30.0,0.98,30.239075,20.384937,0.30707848,0.1683099716901779,0.1835676898169188
20180622_hrrrt18_ordinary_kriging,30.0,0.98,25.235487,16.693863,0.20679973,0.1187632083892822,0.1624053259224435
20180622_hrrrt18_pk,30.0,0.98,18.401182,13.0712185,0.09002454,0.0522898137569427,0.0691203895257908
20180622_hrrrt18_npk,5.0,0.98,76.55528,66.45401,0.44347388,0.2444578409194946,0.1663602852219764
20180622_hrrrt18_idw,5.0,0.98,46.258858,38.16367,0.36830714,0.4774568676948547,0.2287597132847265
20180622_hrrrt18_ordinary_kriging,5.0,0.98,54.50587,45.843525,0.43659902,0.3716940879821777,0.2416559911007582
20180622_hrrrt18_pk,5.0,0.98,66.26585,55.822018,0.4041199,0.2026165127754211,0.0931471397611343
20180622_hrrrt22_npk,10.0,0.98,72.03795,56.473015,0.28635392,0.1904607415199279,0.2627947698296751
20180622_hrrrt22_idw,10.0,0.98,26.716743,20.69623,0.14172693,0.3001585006713867,0.0922308519995729
20180622_hrrrt22_ordinary_kriging,10.0,0.98,25.018372,19.710062,0.12768885,0.1133539155125618,0.0978554247506994
20180622_hrrrt22_pk,10.0,0.98,80.66333,63.113365,0.31955233,0.2145980596542358,0.3230398433049786
20180622_hrrrt22_npk,1.0,0.98,113.380554,104.77983,0.5673046,0.4047058522701263,0.4505040772697273
20180622_hrrrt22_idw,1.0,0.98,42.799374,33.261833,0.38260254,0.6580057144165039,0.1365370737726808
20180622_hrrrt22_ordinary_kriging,1.0,0.98,43.14297,33.903107,0.3808096,0.5129142999649048,0.1412193086059654
20180622_hrrrt22_pk,1.0,0.98,84.34552,71.15676,0.39776373,0.3399678468704223,0.3638964363501967
20180622_hrrrt22_npk,20.0,0.98,17.437565,13.477265,0.07303905,0.0629072412848472,0.0206052777648927
20180622_hrrrt22_idw,20.0,0.98,21.757267,16.644491,0.13911909,0.1555292606353759,0.1059413174013024
20180622_hrrrt22_ordinary_kriging,20.0,0.98,21.423515,16.563625,0.12224804,0.0795061662793159,0.1010731398349882
20180622_hrrrt22_pk,20.0,0.98,22.177408,16.605204,0.08632565,0.0804321467876434,0.044352424349366
20180622_hrrrt22_npk,30.0,0.98,15.259186,11.453627,0.063859195,0.0593980997800827,0.0487745640734821
20180622_hrrrt22_idw,30.0,0.98,19.374224,15.004184,0.13432212,0.1232437193393707,0.0968007175405668
20180622_hrrrt22_ordinary_kriging,30.0,0.98,19.346857,14.857392,0.113513194,0.0756662413477897,0.0900624874143457
20180622_hrrrt22_pk,30.0,0.98,16.156733,11.934288,0.066332534,0.0637474730610847,0.0500875831599137
20180622_hrrrt22_npk,5.0,0.98,74.87803,61.747173,0.31668591,0.2261778861284256,0.2597833638485985
20180622_hrrrt22_idw,5.0,0.98,28.527596,21.900309,0.15283078,0.3524417877197265,0.1194267022362944
20180622_hrrrt22_ordinary_kriging,5.0,0.98,25.906519,20.125643,0.13699739,0.1466903090476989,0.1214291791569814
20180622_hrrrt22_pk,5.0,0.98,75.0561,59.708412,0.31288058,0.2285340726375579,0.3269711440209578
20180625_hrrrt17_npk,10.0,0.98,54.707848,43.232983,0.2400628,0.1575161218643188,0.2428072758554398
20180625_hrrrt17_idw,10.0,0.98,30.178251,22.403038,0.18946534,0.2960557341575622,0.1315534790294717
20180625_hrrrt17_ordinary_kriging,10.0,0.98,29.215412,21.761595,0.1710907,0.1636267006397247,0.123779957190857
20180625_hrrrt17_pk,10.0,0.98,42.29972,33.625072,0.18739614,0.1141474545001983,0.1790593477957756
20180625_hrrrt17_npk,1.0,0.98,97.335045,90.71597,0.50720763,0.4041635394096374,0.2934103923470263
20180625_hrrrt17_idw,1.0,0.98,30.695662,23.302515,0.24646248,0.5790249705314636,0.1261717193614348
20180625_hrrrt17_ordinary_kriging,1.0,0.98,26.353073,19.911982,0.2151428,0.4735321402549743,0.1174388177451407
20180625_hrrrt17_pk,1.0,0.98,84.94132,75.1238,0.41222614,0.3526861369609833,0.2703719960548306
20180625_hrrrt17_npk,20.0,0.98,19.144274,14.78578,0.08942541,0.0495858862996101,0.0759500221671145
20180625_hrrrt17_idw,20.0,0.98,23.782299,17.39823,0.16255791,0.1764682531356811,0.1245619443566671
20180625_hrrrt17_ordinary_kriging,20.0,0.98,29.78988,22.92371,0.19344269,0.1929799765348434,0.134609918207192
20180625_hrrrt17_pk,20.0,0.98,19.658766,14.93479,0.08560491,0.0405451208353042,0.0634177055856451
20180625_hrrrt17_npk,30.0,0.98,16.44469,12.217224,0.070069395,0.0463269650936126,0.0566243520205026
20180625_hrrrt17_idw,30.0,0.98,20.640207,15.564854,0.14644535,0.146641731262207,0.101808262758541
20180625_hrrrt17_ordinary_kriging,30.0,0.98,28.050215,22.140865,0.18148942,0.1719306707382202,0.1208428769522599
20180625_hrrrt17_pk,30.0,0.98,15.967375,12.273495,0.071869604,0.0334769189357757,0.0456329741916644
20180625_hrrrt17_npk,5.0,0.98,61.714684,51.523125,0.28210232,0.1303196847438812,0.2309338832488336
20180625_hrrrt17_idw,5.0,0.98,27.65179,20.474049,0.17056635,0.3375052809715271,0.1354000631476287
20180625_hrrrt17_ordinary_kriging,5.0,0.98,31.99217,24.78931,0.19510801,0.274009644985199,0.1409472606580379
20180625_hrrrt17_pk,5.0,0.98,65.366295,52.52042,0.2854245,0.1508911401033401,0.2730391854684463
20180626_hrrrt23_npk,10.0,0.98,56.430077,46.58367,0.25047398,0.2450590431690216,0.1965773086557907
20180626_hrrrt23_idw,10.0,0.98,25.844715,20.346895,0.1894664,0.4223847687244415,0.1015559912554692
20180626_hrrrt23_ordinary_kriging,10.0,0.98,28.060896,22.537836,0.2042129,0.2677402794361114,0.1069000381673272
20180626_hrrrt23_pk,10.0,0.98,55.62246,45.321243,0.2398798,0.2193839699029922,0.1965889506711979
20180626_hrrrt23_npk,1.0,0.98,127.74801,118.357,0.5844415,0.5061715245246887,0.397182862412283
20180626_hrrrt23_idw,1.0,0.98,30.06025,23.979044,0.19763139,0.6486933827400208,0.0925567923909528
20180626_hrrrt23_ordinary_kriging,1.0,0.98,27.823107,22.287476,0.19522944,0.5560804009437561,0.1100955966606845
20180626_hrrrt23_pk,1.0,0.98,91.88126,81.24941,0.40882018,0.3873006403446197,0.3185363261588314
20180626_hrrrt23_npk,20.0,0.98,15.310458,11.503204,0.08090213,0.0524318255484104,0.0477894382734507
20180626_hrrrt23_idw,20.0,0.98,25.092838,18.662497,0.19594792,0.2253187000751495,0.0923924302641
20180626_hrrrt23_ordinary_kriging,20.0,0.98,27.760494,21.80714,0.21380258,0.2027904093265533,0.1019263512860487
20180626_hrrrt23_pk,20.0,0.98,15.516009,11.890138,0.08575737,0.0471040569245815,0.060515981220247
20180626_hrrrt23_npk,30.0,0.98,14.399934,10.391562,0.074016616,0.0428856611251831,0.0408374431148981
20180626_hrrrt23_idw,30.0,0.98,22.1059,17.080893,0.1776813,0.1773492246866226,0.0783467314135068
20180626_hrrrt23_ordinary_kriging,30.0,0.98,28.747469,23.384937,0.20524295,0.1679935306310653,0.0928729373230218
20180626_hrrrt23_pk,30.0,0.98,12.763953,9.561674,0.0696505,0.0402714759111404,0.0442811547324458
20180626_hrrrt23_npk,5.0,0.98,84.17161,71.47302,0.36093143,0.3269926905632019,0.3286520753646996
20180626_hrrrt23_idw,5.0,0.98,26.762953,20.93705,0.19136183,0.4797141551971435,0.1039671784850387
20180626_hrrrt23_ordinary_kriging,5.0,0.98,27.794947,21.969168,0.19950566,0.2923499345779419,0.1086148633286544
20180626_hrrrt23_pk,5.0,0.98,68.83336,55.25534,0.28594968,0.274855226278305,0.2738196258712735
20180627_hrrrt18_npk,10.0,0.98,72.452065,58.485218,0.28713334,0.2144084274768829,0.2834965683186491
20180627_hrrrt18_idw,10.0,0.98,17.325,12.016816,0.13303617,0.3276519179344177,0.0659025583980394
20180627_hrrrt18_ordinary_kriging,10.0,0.98,20.96863,15.449145,0.14583553,0.1745700240135193,0.0757274086251012
20180627_hrrrt18_pk,10.0,0.98,65.33526,52.641632,0.26324737,0.1997735947370529,0.2579136788385129
20180627_hrrrt18_npk,1.0,0.98,122.53551,115.84813,0.5596146,0.5254054069519043,0.3443928042126999
20180627_hrrrt18_idw,1.0,0.98,21.788158,16.37426,0.14451262,0.5479535460472107,0.0802878271155839
20180627_hrrrt18_ordinary_kriging,1.0,0.98,21.862354,16.214497,0.14563634,0.5294443368911743,0.0827747431959126
20180627_hrrrt18_pk,1.0,0.98,106.33785,95.973785,0.46431148,0.5433050394058228,0.3717938405939711
20180627_hrrrt18_npk,20.0,0.98,18.165977,12.174245,0.07619655,0.0406239479780197,0.0700131729340373
20180627_hrrrt18_idw,20.0,0.98,16.73455,10.919744,0.1373162,0.1827184408903122,0.0593783316775925
20180627_hrrrt18_ordinary_kriging,20.0,0.98,20.711246,14.837351,0.15658762,0.15656478703022,0.073168520848527
20180627_hrrrt18_pk,20.0,0.98,16.912542,11.588179,0.07059216,0.0324131101369857,0.0642959957190479
20180627_hrrrt18_npk,30.0,0.98,8.890018,6.3685493,0.046425123,0.0232291538268327,0.0250291874445135
20180627_hrrrt18_idw,30.0,0.98,16.251907,10.96827,0.13920686,0.1348445266485214,0.0580999012469651
20180627_hrrrt18_ordinary_kriging,30.0,0.98,21.370104,16.085773,0.16267475,0.1263913959264755,0.0711413630509166
20180627_hrrrt18_pk,30.0,0.98,9.945391,6.9717326,0.056089673,0.0294493976980447,0.0231348714205791
20180627_hrrrt18_npk,5.0,0.98,70.13966,58.86665,0.29367524,0.2022302597761154,0.2763246002774568
20180627_hrrrt18_idw,5.0,0.98,22.18215,15.72816,0.15454501,0.3685539364814758,0.0787550454102508
20180627_hrrrt18_ordinary_kriging,5.0,0.98,22.78037,16.593267,0.15592219,0.2432672679424286,0.0812251976569797
20180627_hrrrt18_pk,5.0,0.98,72.219986,57.418446,0.28851783,0.209938108921051,0.3182047549633776
20180628_hrrrt20_npk,10.0,0.98,70.76653,57.711147,0.2993281,0.2428271025419235,0.221890953290739
20180628_hrrrt20_idw,10.0,0.98,22.172792,17.057228,0.20528498,0.3453215956687927,0.0779759694822607
20180628_hrrrt20_ordinary_kriging,10.0,0.98,24.301739,19.235151,0.21575636,0.1506841331720352,0.0808973396958274
20180628_hrrrt20_pk,10.0,0.98,68.43479,53.8024,0.27207622,0.2331016212701797,0.2220620532168412
20180628_hrrrt20_npk,1.0,0.98,121.46592,115.64374,0.5783454,0.5188612937927246,0.2831512149515259
20180628_hrrrt20_idw,1.0,0.98,24.832064,19.746302,0.21218333,0.620274007320404,0.0812699811942912
20180628_hrrrt20_ordinary_kriging,1.0,0.98,24.301783,19.157545,0.20818032,0.5613585114479065,0.0863170901829061
20180628_hrrrt20_pk,1.0,0.98,113.89253,101.898,0.5151695,0.5646010041236877,0.3833822851207592
20180628_hrrrt20_npk,20.0,0.98,12.840183,9.314007,0.08290742,0.0186768136918544,0.0440475523955557
20180628_hrrrt20_idw,20.0,0.98,19.680582,13.945376,0.21614802,0.1787134110927581,0.0648274796904859
20180628_hrrrt20_ordinary_kriging,20.0,0.98,22.78987,17.498322,0.22905673,0.146520659327507,0.0764268517364382
20180628_hrrrt20_pk,20.0,0.98,12.170937,9.059428,0.07596152,0.015438868664205,0.0401560175895775
20180628_hrrrt20_npk,30.0,0.98,7.5691605,5.6603904,0.029204106,0.0137110855430364,0.0208352460790908
20180628_hrrrt20_idw,30.0,0.98,18.814062,14.082636,0.08407052,0.1275430917739868,0.0629523020866998
20180628_hrrrt20_ordinary_kriging,30.0,0.98,23.471176,18.849373,0.10643112,0.1133595257997512,0.0735396304730385
20180628_hrrrt20_pk,30.0,0.98,7.4646006,5.4008813,0.029060531,0.0132926413789391,0.0173911022636312
20180628_hrrrt20_npk,5.0,0.98,88.264824,74.39183,0.3721978,0.3195438981056213,0.3246436670274694
20180628_hrrrt20_idw,5.0,0.98,22.19403,17.220966,0.20472153,0.4199645519256592,0.0822870888562248
20180628_hrrrt20_ordinary_kriging,5.0,0.98,23.337458,18.293165,0.21134831,0.2120943367481231,0.0847333050852758
20180628_hrrrt20_pk,5.0,0.98,74.91144,60.117393,0.31260732,0.2568601965904236,0.2610643668627339
20180701_hrrrt20_npk,10.0,0.98,53.92017,41.959858,0.2523239,0.1261869966983795,0.2343779951809853
20180701_hrrrt20_idw,10.0,0.98,22.39886,17.924328,0.15242286,0.3372837901115417,0.1469028046482985
20180701_hrrrt20_ordinary_kriging,10.0,0.98,35.38042,29.409819,0.24052066,0.3137386441230774,0.191014070721697
20180701_hrrrt20_pk,10.0,0.98,60.398758,47.746143,0.28347838,0.137406900525093,0.2844050914195396
20180701_hrrrt20_npk,1.0,0.98,100.61966,94.2288,0.5491449,0.3662260472774505,0.3775744255741239
20180701_hrrrt20_idw,1.0,0.98,25.600986,20.453896,0.17329897,0.5467912554740906,0.1684950681718581
20180701_hrrrt20_ordinary_kriging,1.0,0.98,37.108505,31.126972,0.25125614,0.4769797325134277,0.2002848774836337
20180701_hrrrt20_pk,1.0,0.98,78.09625,67.47469,0.38727376,0.2699935436248779,0.2985719957240397
20180701_hrrrt20_npk,20.0,0.98,18.833538,14.331706,0.09141018,0.0642838180065155,0.0570007709492975
20180701_hrrrt20_idw,20.0,0.98,22.746061,18.304852,0.16722192,0.1901926398277282,0.1508790952808851
20180701_hrrrt20_ordinary_kriging,20.0,0.98,29.105194,23.393652,0.20596564,0.1660286635160446,0.1709554373788855
20180701_hrrrt20_pk,20.0,0.98,18.193361,13.696755,0.09081625,0.0531543418765068,0.0403279163825106
20180701_hrrrt20_npk,30.0,0.98,11.008381,8.53173,0.07097735,0.0464542359113693,0.0566748751742148
20180701_hrrrt20_idw,30.0,0.98,21.536385,16.947699,0.1666872,0.1764849424362182,0.1340554709780049
20180701_hrrrt20_ordinary_kriging,30.0,0.98,22.352976,16.410042,0.16861966,0.1233364194631576,0.139664910861947
20180701_hrrrt20_pk,30.0,0.98,10.503671,7.863069,0.06598698,0.0480716377496719,0.0431791017167389
20180701_hrrrt20_npk,5.0,0.98,61.86684,52.583504,0.3085049,0.1355764716863632,0.2753748059291396
20180701_hrrrt20_idw,5.0,0.98,25.255896,20.547276,0.172156,0.3721209466457367,0.1685373663014805
20180701_hrrrt20_ordinary_kriging,5.0,0.98,34.57187,28.524923,0.23160721,0.2377129793167114,0.1918177248282771
20180701_hrrrt20_pk,5.0,0.98,60.853897,49.393833,0.30090484,0.1307318806648254,0.3360120201404908
20180704_hrrrt21_npk,10.0,0.98,64.57801,54.601303,0.29130322,0.2470671683549881,0.3121551013141755
20180704_hrrrt21_idw,10.0,0.98,19.609118,14.241931,0.14045139,0.2778460085391998,0.09103154257923
20180704_hrrrt21_ordinary_kriging,10.0,0.98,25.40814,19.450502,0.16685797,0.173566460609436,0.1020253715928979
20180704_hrrrt21_pk,10.0,0.98,41.469975,32.363506,0.18491432,0.1289673596620559,0.2144571639935435
20180704_hrrrt21_npk,1.0,0.98,111.46317,103.76726,0.5260786,0.5253756046295166,0.3571378921987348
20180704_hrrrt21_idw,1.0,0.98,25.633728,19.28575,0.16595721,0.5682860612869263,0.1063392158856266
20180704_hrrrt21_ordinary_kriging,1.0,0.98,25.881834,19.487673,0.16713448,0.4939472079277038,0.1061947197152206
20180704_hrrrt21_pk,1.0,0.98,87.884384,77.99689,0.39876094,0.5349408388137817,0.3251955306554733
20180704_hrrrt21_npk,20.0,0.98,13.798984,9.324992,0.05881683,0.02431071549654,0.073074052846776
20180704_hrrrt21_idw,20.0,0.98,16.189978,10.753738,0.12468153,0.1634254455566406,0.0745936470466139
20180704_hrrrt21_ordinary_kriging,20.0,0.98,23.760406,18.224901,0.16335186,0.1584078669548034,0.0961999276164153
20180704_hrrrt21_pk,20.0,0.98,20.632786,12.595245,0.07620143,0.0323009267449379,0.1040958307672091
20180704_hrrrt21_npk,30.0,0.98,6.724842,5.024756,0.04188928,0.0107276076450943,0.0357679550375349
20180704_hrrrt21_idw,30.0,0.98,15.86217,10.478033,0.13085476,0.1325229704380035,0.0678185458983676
20180704_hrrrt21_ordinary_kriging,30.0,0.98,24.781958,19.07357,0.17347199,0.1504572331905365,0.0920538519146026
20180704_hrrrt21_pk,30.0,0.98,6.7396245,4.9776063,0.034159392,0.0097079472616314,0.0316794324114013
20180704_hrrrt21_npk,5.0,0.98,69.299324,62.567318,0.3346091,0.2617596983909607,0.3003985866550669
20180704_hrrrt21_idw,5.0,0.98,25.397316,18.982014,0.16777606,0.3359077572822571,0.1019432718905784
20180704_hrrrt21_ordinary_kriging,5.0,0.98,28.321524,21.858427,0.18162422,0.1938321590423584,0.1044283221886237
20180704_hrrrt21_pk,5.0,0.98,59.019207,48.08358,0.26491636,0.2056222856044769,0.3196204844881274
20180705_hrrrt18_npk,10.0,0.98,78.56635,63.564686,0.30328432,0.2599143981933594,0.2090848886384513
20180705_hrrrt18_idw,10.0,0.98,25.000547,20.77841,0.15543875,0.2409158051013946,0.1150407231491424
20180705_hrrrt18_ordinary_kriging,10.0,0.98,27.102303,22.553839,0.1641317,0.1308598071336746,0.112099917878507
20180705_hrrrt18_pk,10.0,0.98,66.67683,52.830383,0.25629961,0.2021343857049942,0.1327628106872106
20180705_hrrrt18_npk,1.0,0.98,124.296364,116.674065,0.55938846,0.544305682182312,0.3517775499039003
20180705_hrrrt18_idw,1.0,0.98,24.957178,20.713757,0.15633416,0.5496103763580322,0.1205445634784655
20180705_hrrrt18_ordinary_kriging,1.0,0.98,23.522562,18.4751,0.14416401,0.4685366749763489,0.1123742301349883
20180705_hrrrt18_pk,1.0,0.98,107.80881,94.05762,0.43906477,0.4873394072055816,0.3320565634840933
20180705_hrrrt18_npk,20.0,0.98,16.158772,11.984742,0.08467465,0.0622934624552726,0.0607465324603526
20180705_hrrrt18_idw,20.0,0.98,17.136005,11.164784,0.12579355,0.1533135920763015,0.0953925060766292
20180705_hrrrt18_ordinary_kriging,20.0,0.98,16.383795,11.286238,0.12606554,0.1154889985918998,0.0850251629963378
20180705_hrrrt18_pk,20.0,0.98,14.13833,10.275297,0.0688365,0.051472932100296,0.0521680352651981
20180705_hrrrt18_npk,30.0,0.98,10.812914,7.4121337,0.05368007,0.0433355569839477,0.0240123147894868
20180705_hrrrt18_idw,30.0,0.98,12.985885,9.328452,0.119705416,0.1233425438404083,0.0716752906315009
20180705_hrrrt18_ordinary_kriging,30.0,0.98,13.314012,9.449791,0.121693484,0.1038827076554298,0.06637298854417
20180705_hrrrt18_pk,30.0,0.98,10.476181,7.3069015,0.05579195,0.0411817133426666,0.0273994959830674
20180705_hrrrt18_npk,5.0,0.98,105.735634,87.5668,0.4029674,0.3199034929275512,0.3537965799025263
20180705_hrrrt18_idw,5.0,0.98,26.401722,22.32117,0.15870944,0.3035619854927063,0.1179966062989776
20180705_hrrrt18_ordinary_kriging,5.0,0.98,29.759947,25.726362,0.17572959,0.1911178231239318,0.1213168801595174
20180705_hrrrt18_pk,5.0,0.98,87.44287,69.8093,0.32380262,0.2668378949165344,0.2572396746957175
20180709_hrrrt23_npk,10.0,0.98,69.58677,57.01329,0.29413435,0.2516053020954132,0.2672254612526786
20180709_hrrrt23_idw,10.0,0.98,25.106133,19.73366,0.16534887,0.426651120185852,0.1106271744230437
20180709_hrrrt23_ordinary_kriging,10.0,0.98,28.977297,23.780851,0.1924383,0.1969385594129562,0.1210950314811723
20180709_hrrrt23_pk,10.0,0.98,54.44657,43.310966,0.2195415,0.1735734343528747,0.197320092401061
20180709_hrrrt23_npk,1.0,0.98,111.926,104.39004,0.54238635,0.4335526823997497,0.295304198512754
20180709_hrrrt23_idw,1.0,0.98,29.19015,23.52638,0.19230273,0.678552508354187,0.1230560425579194
20180709_hrrrt23_ordinary_kriging,1.0,0.98,39.571136,33.130177,0.23598236,0.5570142865180969,0.0896330010617514
20180709_hrrrt23_pk,1.0,0.98,99.84458,87.78718,0.4577138,0.477132499217987,0.3501194063653771
20180709_hrrrt23_npk,20.0,0.98,17.375628,12.817516,0.07380273,0.0642058998346328,0.0555982329395321
20180709_hrrrt23_idw,20.0,0.98,23.933102,18.394262,0.16513513,0.2027801424264907,0.0990440009117419
20180709_hrrrt23_ordinary_kriging,20.0,0.98,29.046078,23.906012,0.2011081,0.1892851591110229,0.1152993272879184
20180709_hrrrt23_pk,20.0,0.98,19.609053,13.684227,0.07408618,0.0577186420559883,0.0748753116428422
20180709_hrrrt23_npk,30.0,0.98,11.999476,9.122036,0.05469415,0.0525669418275356,0.0367956665196755
20180709_hrrrt23_idw,30.0,0.98,22.858007,17.943863,0.1556234,0.133857250213623,0.0913396919520802
20180709_hrrrt23_ordinary_kriging,30.0,0.98,30.62276,25.940376,0.20190595,0.1445247232913971,0.1099930331058021
20180709_hrrrt23_pk,30.0,0.98,12.085765,9.136931,0.047517784,0.0468076467514038,0.032588383003304
20180709_hrrrt23_npk,5.0,0.98,80.35391,67.01208,0.3516451,0.2756865322589874,0.3466235911561733
20180709_hrrrt23_idw,5.0,0.98,30.36065,23.22996,0.19765343,0.4848790764808655,0.120171351572817
20180709_hrrrt23_ordinary_kriging,5.0,0.98,32.324314,25.195272,0.21076603,0.2402784526348114,0.1261420165004981
20180709_hrrrt23_pk,5.0,0.98,75.746284,61.24425,0.32138866,0.2976434230804443,0.3152302656528148
20180712_hrrrt21_npk,10.0,0.98,73.527725,60.382423,0.28375092,0.2520214915275574,0.2562878803695481
20180712_hrrrt21_idw,10.0,0.98,15.963581,11.099539,0.08093121,0.3251371383666992,0.0556642233844717
20180712_hrrrt21_ordinary_kriging,10.0,0.98,19.340614,14.51451,0.09629922,0.1895374059677124,0.061168502231485
20180712_hrrrt21_pk,10.0,0.98,37.939377,31.467733,0.14771433,0.1306629478931427,0.1014124562411321
20180712_hrrrt21_npk,1.0,0.98,124.82061,117.4963,0.57256925,0.5233842134475708,0.366487540547225
20180712_hrrrt21_idw,1.0,0.98,19.181688,13.193541,0.1455234,0.5972900390625,0.0604803339628144
20180712_hrrrt21_ordinary_kriging,1.0,0.98,23.970879,18.097633,0.16891383,0.5318536758422852,0.0212452669888959
20180712_hrrrt21_pk,1.0,0.98,100.75727,90.38749,0.4433431,0.4701513946056366,0.3327312559400142
20180712_hrrrt21_npk,20.0,0.98,17.07495,12.496185,0.062128864,0.0433793812990188,0.0475533418464474
20180712_hrrrt21_idw,20.0,0.98,15.994936,10.7107115,0.08290556,0.2148391753435135,0.057036062508536
20180712_hrrrt21_ordinary_kriging,20.0,0.98,18.842472,13.715593,0.09964957,0.1787823587656021,0.0646203726983026
20180712_hrrrt21_pk,20.0,0.98,18.01295,13.37231,0.06407562,0.0409231856465339,0.0471356037428644
20180712_hrrrt21_npk,30.0,0.98,9.33967,6.9309626,0.033988167,0.036392442882061,0.0300993014811552
20180712_hrrrt21_idw,30.0,0.98,16.055996,10.924686,0.08299018,0.1922401785850525,0.0557121904250454
20180712_hrrrt21_ordinary_kriging,30.0,0.98,19.401785,14.465481,0.10246945,0.1727281063795089,0.0630626246718494
20180712_hrrrt21_pk,30.0,0.98,9.235657,6.732746,0.032478034,0.0324228964745998,0.0314311514960076
20180712_hrrrt21_npk,5.0,0.98,80.12774,67.93756,0.33048812,0.283042848110199,0.2698290286244131
20180712_hrrrt21_idw,5.0,0.98,16.998617,11.444244,0.13742597,0.3693409562110901,0.061699198158367
20180712_hrrrt21_ordinary_kriging,5.0,0.98,19.549526,13.71891,0.15136449,0.2585716247558594,0.0696166318262256
20180712_hrrrt21_pk,5.0,0.98,93.78529,75.48147,0.37389255,0.3026617169380188,0.3900864178489576
20180712_hrrrt22_npk,10.0,0.98,76.908356,63.388935,0.29192895,0.2916100323200226,0.2597906050805211
20180712_hrrrt22_idw,10.0,0.98,17.532364,12.660157,0.08961454,0.3515447974205017,0.0616201451946471
20180712_hrrrt22_ordinary_kriging,10.0,0.98,20.86842,15.831028,0.10522209,0.1821910291910171,0.0678248504909721
20180712_hrrrt22_pk,10.0,0.98,55.207783,44.133354,0.20209715,0.1942318081855774,0.1642603445563716
20180712_hrrrt22_npk,1.0,0.98,127.28793,119.751724,0.58281076,0.5258933305740356,0.397384117719801
20180712_hrrrt22_idw,1.0,0.98,21.40252,15.013067,0.1740204,0.6356445550918579,0.0710650969762524
20180712_hrrrt22_ordinary_kriging,1.0,0.98,27.755089,21.813362,0.2026118,0.5559774041175842,0.0362961722485565
20180712_hrrrt22_pk,1.0,0.98,106.426865,95.79808,0.45632935,0.4789725542068481,0.3301212402383354
20180712_hrrrt22_npk,20.0,0.98,18.147818,13.2944765,0.06443424,0.0450923554599285,0.0065957816983556
20180712_hrrrt22_idw,20.0,0.98,17.112625,11.867256,0.09074404,0.2372979819774627,0.0618173752028609
20180712_hrrrt22_ordinary_kriging,20.0,0.98,20.3674,14.921269,0.10971963,0.1918848603963852,0.0705498664706449
20180712_hrrrt22_pk,20.0,0.98,17.618727,13.620944,0.064283624,0.0430491305887699,0.0171547983283044
20180712_hrrrt22_npk,30.0,0.98,10.10413,7.109484,0.03641773,0.0372896566987037,0.034106247117153
20180712_hrrrt22_idw,30.0,0.98,16.978584,11.556137,0.091442004,0.2164599001407623,0.0589632311505141
20180712_hrrrt22_ordinary_kriging,30.0,0.98,20.537249,14.896443,0.112466596,0.2045893669128418,0.0680712089273285
20180712_hrrrt22_pk,30.0,0.98,10.346511,7.1802497,0.03540444,0.0328490175306797,0.0311065595233355
20180712_hrrrt22_npk,5.0,0.98,85.25102,70.98869,0.34159514,0.293556272983551,0.2970386343188
20180712_hrrrt22_idw,5.0,0.98,18.148886,13.052672,0.14701141,0.4026374816894531,0.0712130382920209
20180712_hrrrt22_ordinary_kriging,5.0,0.98,21.082054,15.279805,0.1613579,0.2544755935668945,0.0755881737136309
20180712_hrrrt22_pk,5.0,0.98,89.651375,71.89776,0.34263933,0.3070079982280731,0.3357972578753796
20180716_hrrrt17_npk,10.0,0.98,36.288124,30.489557,0.24426031,0.1018545851111412,0.2688507703052323
20180716_hrrrt17_idw,10.0,0.98,27.413939,19.87551,0.29158708,0.2808143496513366,0.225098537084639
20180716_hrrrt17_ordinary_kriging,10.0,0.98,37.542942,29.141037,0.3907066,0.2636992335319519,0.2547048978178894
20180716_hrrrt17_pk,10.0,0.98,37.801674,31.758139,0.26544294,0.1071384996175766,0.3098670775114689
20180716_hrrrt17_npk,1.0,0.98,66.65341,60.597633,0.4503275,0.2585150897502899,0.335521292081924
20180716_hrrrt17_idw,1.0,0.98,56.251003,44.376972,0.62354743,0.5806936621665955,0.2204753010628726
20180716_hrrrt17_ordinary_kriging,1.0,0.98,62.175484,54.267998,0.7296686,0.5400111675262451,0.2898281153874459
20180716_hrrrt17_pk,1.0,0.98,29.741838,25.539839,0.2305854,0.1447596698999405,0.1723280611172354
20180716_hrrrt17_npk,20.0,0.98,21.509449,17.460787,0.1386988,0.0486527420580387,0.0600762542575312
20180716_hrrrt17_idw,20.0,0.98,26.419367,19.298138,0.24647868,0.2175080627202987,0.1805864292123421
20180716_hrrrt17_ordinary_kriging,20.0,0.98,26.55167,19.958498,0.27096233,0.1711966097354889,0.2010007565381936
20180716_hrrrt17_pk,20.0,0.98,20.43712,15.999036,0.12373012,0.0414458476006984,0.0852669917763623
20180716_hrrrt17_npk,30.0,0.98,13.366456,10.70258,0.08493937,0.0347508005797863,0.0809670889199192
20180716_hrrrt17_idw,30.0,0.98,22.408243,15.712343,0.24711372,0.1842243820428848,0.1803801053002891
20180716_hrrrt17_ordinary_kriging,30.0,0.98,19.563953,13.806137,0.24415226,0.1548272520303726,0.1650593870314993
20180716_hrrrt17_pk,30.0,0.98,12.855145,10.061674,0.0892245,0.0354046113789081,0.0801298453135474
20180716_hrrrt17_npk,5.0,0.98,45.96066,39.711975,0.303435,0.1186220794916153,0.3276108702907757
20180716_hrrrt17_idw,5.0,0.98,29.338625,21.681911,0.30488202,0.2927029728889465,0.2418771695476932
20180716_hrrrt17_ordinary_kriging,5.0,0.98,36.558575,26.885406,0.34865898,0.2595265507698059,0.2430375028050494
20180716_hrrrt17_pk,5.0,0.98,27.999817,23.062483,0.19702223,0.0998734906315803,0.2292757308818438
20180718_hrrrt22_npk,10.0,0.98,62.71864,53.116627,0.30838683,0.1791750639677047,0.2480602062470005
20180718_hrrrt22_idw,10.0,0.98,20.487965,15.490914,0.229509,0.2852608263492584,0.100527053277126
20180718_hrrrt22_ordinary_kriging,10.0,0.98,25.329105,19.186602,0.26573202,0.3809564411640167,0.1180063422728937
20180718_hrrrt22_pk,10.0,0.98,65.46202,56.123928,0.3220324,0.1815486848354339,0.2760887577329541
20180718_hrrrt22_npk,1.0,0.98,114.415215,108.45932,0.5974351,0.4465003907680511,0.3945429372098168
20180718_hrrrt22_idw,1.0,0.98,25.170607,18.568787,0.24261734,0.5523647665977478,0.1135252474266235
20180718_hrrrt22_ordinary_kriging,1.0,0.98,27.496412,20.121302,0.2590657,0.555039644241333,0.1236678412321164
20180718_hrrrt22_pk,1.0,0.98,85.05658,78.44459,0.43731686,0.3632833063602447,0.2870218932938707
20180718_hrrrt22_npk,20.0,0.98,24.656498,18.558743,0.103915215,0.0688484162092208,0.0415668563331386
20180718_hrrrt22_idw,20.0,0.98,18.97008,14.123894,0.24461803,0.2269978076219558,0.0961570329082033
20180718_hrrrt22_ordinary_kriging,20.0,0.98,25.840979,19.44614,0.28609374,0.2916610240936279,0.1141618014586433
20180718_hrrrt22_pk,20.0,0.98,20.82534,15.768712,0.09332583,0.0627942010760307,0.0037976861972811
20180718_hrrrt22_npk,30.0,0.98,12.436589,8.834728,0.056223556,0.0384932905435562,0.0214386309653416
20180718_hrrrt22_idw,30.0,0.98,18.053896,13.277894,0.26765966,0.2096615433692932,0.095121896870957
20180718_hrrrt22_ordinary_kriging,30.0,0.98,25.944664,19.923292,0.31567302,0.29264897108078,0.1109380998374909
20180718_hrrrt22_pk,30.0,0.98,12.681661,9.176946,0.055482216,0.0333216823637485,0.0491483118024204
20180718_hrrrt22_npk,5.0,0.98,72.30435,62.66598,0.34631214,0.190772458910942,0.3051265107880986
20180718_hrrrt22_idw,5.0,0.98,23.053526,17.169065,0.23126204,0.3310906887054443,0.1026642807040275
20180718_hrrrt22_ordinary_kriging,5.0,0.98,25.939852,19.411871,0.25810724,0.4151991009712219,0.1209403927866039
20180718_hrrrt22_pk,5.0,0.98,67.63302,56.471462,0.32090107,0.1739092469215393,0.3200313731711165
20180722_hrrrt19_npk,10.0,0.98,31.367395,24.4147,0.18007256,0.1406084597110748,0.1167032114692179
20180722_hrrrt19_idw,10.0,0.98,40.053387,30.147545,0.41001406,0.3266412615776062,0.2548428083491572
20180722_hrrrt19_ordinary_kriging,10.0,0.98,49.211273,38.36778,0.5105567,0.3393757939338684,0.2790131297625626
20180722_hrrrt19_pk,10.0,0.98,33.231735,25.563393,0.19120081,0.1333214342594146,0.1618786307036975
20180722_hrrrt19_npk,1.0,0.98,63.26323,52.585552,0.35716262,0.2403278350830078,0.188474900612739
20180722_hrrrt19_idw,1.0,0.98,56.115635,43.84788,0.54236996,0.5537113547325134,0.2673843674368759
20180722_hrrrt19_ordinary_kriging,1.0,0.98,60.35293,50.111687,0.6158286,0.5362572073936462,0.2958241025745473
20180722_hrrrt19_pk,1.0,0.98,49.121674,40.0571,0.2903905,0.2263759523630142,0.1504375732726658
20180722_hrrrt19_npk,20.0,0.98,19.906103,13.697589,0.10883411,0.0795790627598762,0.0576361674420856
20180722_hrrrt19_idw,20.0,0.98,22.90849,17.766249,0.26377913,0.1842011064291,0.1887217608310069
20180722_hrrrt19_ordinary_kriging,20.0,0.98,27.019941,20.41715,0.30122808,0.2146507650613784,0.2111477748041813
20180722_hrrrt19_pk,20.0,0.98,19.193813,13.895599,0.11228098,0.0896084159612655,0.0354415164779587
20180722_hrrrt19_npk,30.0,0.98,11.955796,9.188633,0.08731079,0.0875077545642852,0.0488577462053819
20180722_hrrrt19_idw,30.0,0.98,22.744648,17.393654,0.2775614,0.1910975277423858,0.1794998361711008
20180722_hrrrt19_ordinary_kriging,30.0,0.98,21.266792,15.64749,0.2654207,0.1950606107711792,0.1753171384600909
20180722_hrrrt19_pk,30.0,0.98,11.935076,8.770558,0.081487104,0.0645434558391571,0.0353292670791503
20180722_hrrrt19_npk,5.0,0.98,35.89244,28.955294,0.21285076,0.1600045412778854,0.1756338996491965
20180722_hrrrt19_idw,5.0,0.98,40.968906,31.387976,0.4127518,0.3566239774227142,0.2662585292702725
20180722_hrrrt19_ordinary_kriging,5.0,0.98,45.208202,32.80627,0.43506655,0.2914960980415344,0.2682686191457628
20180722_hrrrt19_pk,5.0,0.98,38.265938,31.55802,0.2464491,0.1563791334629058,0.2992861804231654
20180728_hrrrt23_npk,10.0,0.98,62.93609,52.222134,0.29244828,0.1969778090715408,0.2607968812455565
20180728_hrrrt23_idw,10.0,0.98,18.335436,13.704909,0.16169433,0.2415670752525329,0.1110023925809576
20180728_hrrrt23_ordinary_kriging,10.0,0.98,27.883762,22.086792,0.22345479,0.2859272360801697,0.1365444461930514
20180728_hrrrt23_pk,10.0,0.98,60.52222,49.705597,0.2762769,0.1845641732215881,0.2548375845499832
20180728_hrrrt23_npk,1.0,0.98,94.14624,87.78698,0.48873273,0.436370700597763,0.3228121908050909
20180728_hrrrt23_idw,1.0,0.98,18.204054,11.749014,0.15712032,0.5921173095703125,0.0640833805427057
20180728_hrrrt23_ordinary_kriging,1.0,0.98,24.700603,19.145956,0.21214369,0.4934033751487732,0.1347136826649148
20180728_hrrrt23_pk,1.0,0.98,70.00875,61.404102,0.34807852,0.403174489736557,0.2908522449310517
20180728_hrrrt23_npk,20.0,0.98,18.570848,13.995117,0.08620295,0.0494800247251987,0.0822567163948643
20180728_hrrrt23_idw,20.0,0.98,16.91027,11.075984,0.16474186,0.1928198486566543,0.1059545755456814
20180728_hrrrt23_ordinary_kriging,20.0,0.98,27.0906,21.168142,0.23344366,0.2158041596412658,0.1309382594426621
20180728_hrrrt23_pk,20.0,0.98,15.886615,11.488917,0.0697693,0.0311971642076969,0.0455672197164331
20180728_hrrrt23_npk,30.0,0.98,10.522391,7.7186193,0.048338067,0.0218724329024553,0.0527041836539121
20180728_hrrrt23_idw,30.0,0.98,14.113519,8.944561,0.15996997,0.1625881493091583,0.0846531606879109
20180728_hrrrt23_ordinary_kriging,30.0,0.98,27.111643,21.475594,0.24348599,0.2581352591514587,0.1219714625321951
20180728_hrrrt23_pk,30.0,0.98,9.643556,7.29699,0.047740404,0.017650332301855,0.0456495891357956
20180728_hrrrt23_npk,5.0,0.98,68.58629,57.440647,0.31953692,0.1909178346395492,0.3056284582834837
20180728_hrrrt23_idw,5.0,0.98,19.386902,14.911099,0.1611404,0.2805998921394348,0.1163496133084935
20180728_hrrrt23_ordinary_kriging,5.0,0.98,28.807737,23.256166,0.21780731,0.3346547782421112,0.1423302671312333
20180728_hrrrt23_pk,5.0,0.98,71.88643,57.944008,0.3232985,0.1986881345510482,0.3472159489741946
20180802_hrrrt21_npk,10.0,0.98,70.22454,59.589096,0.31625906,0.2246390283107757,0.2977211545679369
20180802_hrrrt21_idw,10.0,0.98,20.594027,15.337673,0.1991344,0.3325653076171875,0.1164282841525342
20180802_hrrrt21_ordinary_kriging,10.0,0.98,29.739855,23.808516,0.26290345,0.321492850780487,0.1298497901173561
20180802_hrrrt21_pk,10.0,0.98,48.317486,39.585094,0.20730338,0.1363416314125061,0.1844001879405784
20180802_hrrrt21_npk,1.0,0.98,116.648674,107.59714,0.5479092,0.4527014791965484,0.3632335503915855
20180802_hrrrt21_idw,1.0,0.98,23.428967,18.089005,0.21010458,0.5433447360992432,0.1244311981387542
20180802_hrrrt21_ordinary_kriging,1.0,0.98,29.013931,23.266272,0.24786124,0.5256564617156982,0.1331048605646546
20180802_hrrrt21_pk,1.0,0.98,90.65784,80.86582,0.42120555,0.3345967531204223,0.354253102193698
20180802_hrrrt21_npk,20.0,0.98,17.049042,12.32133,0.07133686,0.0400612466037273,0.0289191477052566
20180802_hrrrt21_idw,20.0,0.98,18.402122,13.275251,0.20374,0.169478565454483,0.1030232117096378
20180802_hrrrt21_ordinary_kriging,20.0,0.98,28.485363,23.022276,0.27200496,0.183530569076538,0.123949219432936
20180802_hrrrt21_pk,20.0,0.98,17.819355,12.606811,0.07131386,0.0358863323926925,0.014043869135603
20180802_hrrrt21_npk,30.0,0.98,8.951266,6.616109,0.04114573,0.0245816092938184,0.024722482482376
20180802_hrrrt21_idw,30.0,0.98,16.810184,12.610879,0.21294226,0.147672101855278,0.0875156961856308
20180802_hrrrt21_ordinary_kriging,30.0,0.98,28.018269,23.213041,0.27859783,0.1992240101099014,0.1141999256094313
20180802_hrrrt21_pk,30.0,0.98,9.131785,6.659692,0.04725788,0.0255788415670394,0.0135152242791243
20180802_hrrrt21_npk,5.0,0.98,77.216644,66.0943,0.3519186,0.2385123670101165,0.3557368033148077
20180802_hrrrt21_idw,5.0,0.98,21.36984,15.90185,0.19519632,0.3767141699790954,0.1174030069139375
20180802_hrrrt21_ordinary_kriging,5.0,0.98,29.214207,23.349178,0.25380254,0.2777376174926758,0.1317615695293668
20180802_hrrrt21_pk,5.0,0.98,58.529495,48.341087,0.25858372,0.1736368983983993,0.2710933932675011
20180802_hrrrt23_npk,10.0,0.98,52.236015,42.515053,0.22603233,0.1778065860271453,0.2109933378038906
20180802_hrrrt23_idw,10.0,0.98,24.710798,18.26607,0.22331396,0.3862429559230804,0.1397913565296374
20180802_hrrrt23_ordinary_kriging,10.0,0.98,35.123444,28.040955,0.29926527,0.3366908431053161,0.1549643923062104
20180802_hrrrt23_pk,10.0,0.98,56.053875,42.761852,0.22328986,0.1425130069255828,0.2194246065499674
20180802_hrrrt23_npk,1.0,0.98,114.26092,107.25592,0.5552639,0.4269181191921234,0.3162838438233091
20180802_hrrrt23_idw,1.0,0.98,26.94851,21.139793,0.2300003,0.5780133008956909,0.1472040226843989
20180802_hrrrt23_ordinary_kriging,1.0,0.98,33.714462,27.501232,0.27772585,0.5270578861236572,0.1583431158890885
20180802_hrrrt23_pk,1.0,0.98,92.68814,82.81754,0.4265359,0.3891017735004425,0.3036495996381444
20180802_hrrrt23_npk,20.0,0.98,21.318695,14.519073,0.084396355,0.0446918010711669,0.0268697884519311
20180802_hrrrt23_idw,20.0,0.98,21.10947,15.276472,0.22091514,0.2043197154998779,0.1197218124757474
20180802_hrrrt23_ordinary_kriging,20.0,0.98,33.29965,27.0888,0.30486986,0.2266097068786621,0.1465892492950404
20180802_hrrrt23_pk,20.0,0.98,19.075079,12.96627,0.07513816,0.0660654753446579,0.0500697466864303
20180802_hrrrt23_npk,30.0,0.98,10.326436,7.4393306,0.047763553,0.0303586944937706,0.027917296187979
20180802_hrrrt23_idw,30.0,0.98,18.91073,14.5,0.2271546,0.1716053485870361,0.0996646930388158
20180802_hrrrt23_ordinary_kriging,30.0,0.98,32.29116,27.179218,0.30718505,0.2172612100839615,0.1335057948018456
20180802_hrrrt23_pk,30.0,0.98,9.971343,7.3645372,0.048970968,0.0203464459627866,0.0272333065870337
20180802_hrrrt23_npk,5.0,0.98,69.59887,58.857143,0.30858165,0.2031156420707702,0.2960814850449013
20180802_hrrrt23_idw,5.0,0.98,25.237684,18.656988,0.21705964,0.4258284866809845,0.1401314452747681
20180802_hrrrt23_ordinary_kriging,5.0,0.98,34.266163,27.416239,0.2871625,0.299478530883789,0.1569539515392481
20180802_hrrrt23_pk,5.0,0.98,66.12962,54.71193,0.29598907,0.2106222212314605,0.3244689957619093
20180804_hrrrt21_npk,10.0,0.98,58.52464,48.818825,0.2570897,0.2165400087833404,0.220590781629103
20180804_hrrrt21_idw,10.0,0.98,22.066933,17.504475,0.15607633,0.4059446454048157,0.12679891006385
20180804_hrrrt21_ordinary_kriging,10.0,0.98,31.217497,25.529156,0.21288027,0.334066241979599,0.1423699898892906
20180804_hrrrt21_pk,10.0,0.98,67.31272,54.5494,0.27987298,0.2164711654186248,0.2434540175054773
20180804_hrrrt21_npk,1.0,0.98,112.24488,104.44601,0.5428332,0.4268383681774139,0.3584690899408837
20180804_hrrrt21_idw,1.0,0.98,30.58794,25.256657,0.19759175,0.618822455406189,0.1465031144990077
20180804_hrrrt21_ordinary_kriging,1.0,0.98,32.8704,27.218195,0.21238366,0.5283600687980652,0.1472845706364327
20180804_hrrrt21_pk,1.0,0.98,96.79598,86.300285,0.44099152,0.4424686729907989,0.3225979250105286
20180804_hrrrt21_npk,20.0,0.98,18.710278,12.957583,0.0687305,0.0462837517261505,0.019693536588264
20180804_hrrrt21_idw,20.0,0.98,20.493872,15.478791,0.16022979,0.1921833604574203,0.1158648384125096
20180804_hrrrt21_ordinary_kriging,20.0,0.98,31.000757,25.054928,0.22444816,0.2020572870969772,0.137292477723556
20180804_hrrrt21_pk,20.0,0.98,21.497017,15.693865,0.082545824,0.0389771983027458,0.0527225214300271
20180804_hrrrt21_npk,30.0,0.98,9.503817,7.02894,0.040709548,0.0250207390636205,0.011576911803401
20180804_hrrrt21_idw,30.0,0.98,20.259594,15.499303,0.16943738,0.1497563868761062,0.1057812854451711
20180804_hrrrt21_ordinary_kriging,30.0,0.98,31.07249,25.337866,0.23050126,0.1882037222385406,0.1290740662897086
20180804_hrrrt21_pk,30.0,0.98,9.472097,6.740455,0.04298309,0.0267269406467676,0.0196614950670607
20180804_hrrrt21_npk,5.0,0.98,62.77991,54.00231,0.28180885,0.2384929955005645,0.2373607206415755
20180804_hrrrt21_idw,5.0,0.98,22.842712,17.936537,0.1590285,0.4430572688579559,0.1312777743355772
20180804_hrrrt21_ordinary_kriging,5.0,0.98,30.663982,24.692446,0.20959365,0.3081945776939392,0.1459763345235851
20180804_hrrrt21_pk,5.0,0.98,70.78305,59.212875,0.3202054,0.2528767585754394,0.3356934440899107
20180805_hrrrt22_npk,10.0,0.98,66.565926,54.535667,0.27617463,0.2222067415714264,0.2504086829168107
20180805_hrrrt22_idw,10.0,0.98,19.9012,14.5790615,0.19194831,0.3569032251834869,0.0981807618399294
20180805_hrrrt22_ordinary_kriging,10.0,0.98,25.733686,19.801193,0.22943214,0.3007445931434631,0.106015518480783
20180805_hrrrt22_pk,10.0,0.98,60.840187,50.1225,0.24964719,0.1906295120716095,0.220369091456475
20180805_hrrrt22_npk,1.0,0.98,110.72097,102.88166,0.51709926,0.4734484553337097,0.3075497317978228
20180805_hrrrt22_idw,1.0,0.98,23.454176,17.71277,0.20510876,0.5951512455940247,0.1068510142328556
20180805_hrrrt22_ordinary_kriging,1.0,0.98,25.573708,19.598373,0.21967585,0.6036577820777893,0.1101048943583448
20180805_hrrrt22_pk,1.0,0.98,100.27188,89.699196,0.44513533,0.4592379629611969,0.3394261305834048
20180805_hrrrt22_npk,20.0,0.98,17.884117,12.10711,0.06873781,0.0285777747631073,0.0365539590169176
20180805_hrrrt22_idw,20.0,0.98,19.193966,13.217577,0.20383863,0.171800896525383,0.0894833143105519
20180805_hrrrt22_ordinary_kriging,20.0,0.98,25.467241,19.366493,0.24697371,0.167075902223587,0.1025731593292341
20180805_hrrrt22_pk,20.0,0.98,16.07786,11.652104,0.064687245,0.0303652621805667,0.0248616856214876
20180805_hrrrt22_npk,30.0,0.98,8.630389,6.461297,0.0412273,0.0229417271912097,0.0231702137628775
20180805_hrrrt22_idw,30.0,0.98,17.727146,12.981172,0.21019971,0.1395071744918823,0.0745584508909741
20180805_hrrrt22_ordinary_kriging,30.0,0.98,24.891312,19.522316,0.24953198,0.1620988547801971,0.0921793408206169
20180805_hrrrt22_pk,30.0,0.98,8.567196,6.6171074,0.042214118,0.0154600460082292,0.018034748340214
20180805_hrrrt22_npk,5.0,0.98,78.60441,67.036224,0.3392948,0.2762759923934936,0.3255451193092349
20180805_hrrrt22_idw,5.0,0.98,20.741385,15.084275,0.19079487,0.3973124623298645,0.0993161856901328
20180805_hrrrt22_ordinary_kriging,5.0,0.98,25.772573,19.590443,0.2262967,0.2777138948440552,0.1083274001012645
20180805_hrrrt22_pk,5.0,0.98,72.155975,59.318367,0.29838115,0.2303495109081268,0.3060103655272476
20180807_hrrrt20_npk,10.0,0.98,28.89812,24.59425,0.19612545,0.0562105551362037,0.2475295368298382
20180807_hrrrt20_idw,10.0,0.98,25.774965,20.105234,0.26697797,0.2051298171281814,0.2304043451561415
20180807_hrrrt20_ordinary_kriging,10.0,0.98,47.04056,39.750202,0.47499415,0.3402450978755951,0.2830445800314496
20180807_hrrrt20_pk,10.0,0.98,22.6839,17.782124,0.13560447,0.0356024615466594,0.1254695150806428
20180807_hrrrt20_npk,1.0,0.98,66.52888,55.826675,0.37030584,0.365360677242279,0.2141516243161928
20180807_hrrrt20_idw,1.0,0.98,45.303616,35.26011,0.4051023,0.5548621416091919,0.2266599557857897
20180807_hrrrt20_ordinary_kriging,1.0,0.98,58.308537,48.193295,0.56468785,0.4690983295440674,0.2930774060039258
20180807_hrrrt20_pk,1.0,0.98,43.71866,36.677395,0.27169597,0.2585555911064148,0.2542219293376507
20180807_hrrrt20_npk,20.0,0.98,17.937912,12.2892885,0.088781975,0.0308655351400375,0.0225538908481925
20180807_hrrrt20_idw,20.0,0.98,21.367285,15.837656,0.20398735,0.1119976788759231,0.1873300725952272
20180807_hrrrt20_ordinary_kriging,20.0,0.98,23.90635,18.872139,0.23225898,0.140029177069664,0.1990881128727827
20180807_hrrrt20_pk,20.0,0.98,15.497655,11.42178,0.08640527,0.0272200889885425,0.0842851668287375
20180807_hrrrt20_npk,30.0,0.98,10.778226,7.9748955,0.06909028,0.0207044649869203,0.0978635398867562
20180807_hrrrt20_idw,30.0,0.98,16.675486,13.072524,0.21014936,0.0899853035807609,0.1696594284026104
20180807_hrrrt20_ordinary_kriging,30.0,0.98,15.790325,11.63424,0.19127584,0.1331599503755569,0.1487201459543043
20180807_hrrrt20_pk,30.0,0.98,10.612086,7.8344345,0.068197496,0.0190678350627422,0.0867795064408774
20180807_hrrrt20_npk,5.0,0.98,40.79921,34.08787,0.25153926,0.0929329395294189,0.2528542014624561
20180807_hrrrt20_idw,5.0,0.98,29.526718,22.081963,0.28453335,0.2602345943450928,0.2498139534720215
20180807_hrrrt20_ordinary_kriging,5.0,0.98,45.25872,38.71146,0.44281983,0.3081481754779815,0.2876597103252846
20180807_hrrrt20_pk,5.0,0.98,28.145334,24.039762,0.2003532,0.0563203766942024,0.2548454421576682
20180808_hrrrt20_npk,10.0,0.98,56.31651,45.183887,0.24650812,0.1860477477312088,0.1373293587291976
20180808_hrrrt20_idw,10.0,0.98,30.044456,22.11771,0.15247934,0.3139851689338684,0.1444522216026011
20180808_hrrrt20_ordinary_kriging,10.0,0.98,31.97564,24.350964,0.16078454,0.2087018191814422,0.1396046433187412
20180808_hrrrt20_pk,10.0,0.98,55.307068,44.194744,0.23659645,0.1763363182544708,0.1217398582031593
20180808_hrrrt20_npk,1.0,0.98,105.25729,92.52638,0.52158946,0.4292955994606018,0.2760532790220493
20180808_hrrrt20_idw,1.0,0.98,40.862545,31.365385,0.23377825,0.6082214117050171,0.1125103979344929
20180808_hrrrt20_ordinary_kriging,1.0,0.98,46.425545,38.578896,0.28583616,0.4876153469085693,0.1903404348229669
20180808_hrrrt20_pk,1.0,0.98,84.626045,71.090576,0.40635923,0.3723447918891907,0.1828532643139983
20180808_hrrrt20_npk,20.0,0.98,17.147896,12.939579,0.0756439,0.0518466532230377,0.0143848659467219
20180808_hrrrt20_idw,20.0,0.98,24.287622,18.421423,0.15428337,0.1897660493850708,0.141558797578899
20180808_hrrrt20_ordinary_kriging,20.0,0.98,21.826744,15.994812,0.12730102,0.1568155884742736,0.1318189487941131
20180808_hrrrt20_pk,20.0,0.98,19.886904,14.861227,0.08481134,0.0429790802299976,0.0521415157614962
20180808_hrrrt20_npk,30.0,0.98,17.534067,12.056485,0.06904056,0.0403547920286655,0.0687990396986384
20180808_hrrrt20_idw,30.0,0.98,22.300049,16.224546,0.13680772,0.1660374104976654,0.1324802065278016
20180808_hrrrt20_ordinary_kriging,30.0,0.98,20.858232,14.49756,0.11787325,0.1518940776586532,0.1212911085760111
20180808_hrrrt20_pk,30.0,0.98,14.280273,10.006975,0.054067872,0.0321373306214809,0.074429255747693
20180808_hrrrt20_npk,5.0,0.98,69.67701,58.14671,0.3260467,0.2004297375679016,0.1592500888982906
20180808_hrrrt20_idw,5.0,0.98,25.651026,19.171377,0.18300483,0.3559758067131042,0.1597852776990692
20180808_hrrrt20_ordinary_kriging,5.0,0.98,28.433931,21.574255,0.1985713,0.1967373937368393,0.1551761846488783
20180808_hrrrt20_pk,5.0,0.98,61.588463,50.175278,0.2844777,0.1730003505945205,0.1585679122064156
20180810_hrrrt23_npk,10.0,0.98,68.823364,56.043396,0.34259546,0.2269723266363144,0.127855325283839
20180810_hrrrt23_idw,10.0,0.98,41.013714,27.034988,0.3203718,0.3959032893180847,0.206301765455311
20180810_hrrrt23_ordinary_kriging,10.0,0.98,41.823048,28.597233,0.32668173,0.3453284204006195,0.2134624723166998
20180810_hrrrt23_pk,10.0,0.98,48.464836,38.205883,0.24992536,0.1960446387529373,0.0941350745112386
20180810_hrrrt23_npk,1.0,0.98,99.45683,90.8538,0.52078605,0.3675336539745331,0.0990197264379729
20180810_hrrrt23_idw,1.0,0.98,37.047554,24.64004,0.2850427,0.5901259183883667,0.2057317477969799
20180810_hrrrt23_ordinary_kriging,1.0,0.98,45.596134,34.193295,0.3480152,0.5113028883934021,0.231407667465438
20180810_hrrrt23_pk,1.0,0.98,90.3779,77.352455,0.4508375,0.3499724268913269,0.2939404912755519
20180810_hrrrt23_npk,20.0,0.98,33.28271,19.972536,0.23690172,0.1198824346065521,0.1800010767159218
20180810_hrrrt23_idw,20.0,0.98,44.075504,26.166616,0.35838452,0.2763625979423523,0.2091030176226489
20180810_hrrrt23_ordinary_kriging,20.0,0.98,49.2622,35.988403,0.40907875,0.3819248676300049,0.2240367860950695
20180810_hrrrt23_pk,20.0,0.98,23.35534,15.627369,0.16616093,0.1160190254449844,0.1397855364352071
20180810_hrrrt23_npk,30.0,0.98,15.641512,11.329846,0.07094802,0.0631574019789695,0.0457939877869369
20180810_hrrrt23_idw,30.0,0.98,22.251307,17.801256,0.11338187,0.1838203817605972,0.1138364364497646
20180810_hrrrt23_ordinary_kriging,30.0,0.98,23.422548,17.398884,0.11495758,0.1737860739231109,0.1131062543590327
20180810_hrrrt23_pk,30.0,0.98,16.232231,11.914831,0.072073445,0.0590231604874134,0.0615555649835211
20180810_hrrrt23_npk,5.0,0.98,85.8128,72.068085,0.3994492,0.246052011847496,0.2047346843219757
20180810_hrrrt23_idw,5.0,0.98,39.831753,27.628725,0.3066073,0.4306500852108001,0.2099959309639616
20180810_hrrrt23_ordinary_kriging,5.0,0.98,45.64756,33.920605,0.3492182,0.4459945261478424,0.22798819168082
20180810_hrrrt23_pk,5.0,0.98,78.191765,61.739517,0.35830197,0.2121226340532302,0.2234609477949544
20180811_hrrrt23_npk,10.0,0.98,78.29015,60.79794,0.32678348,0.2685741782188415,0.3182503013363239
20180811_hrrrt23_idw,10.0,0.98,28.067507,22.338758,0.2244192,0.33391273021698,0.1631329298194638
20180811_hrrrt23_ordinary_kriging,10.0,0.98,32.359314,25.312449,0.2235037,0.3185465335845947,0.1095943154496162
20180811_hrrrt23_pk,10.0,0.98,70.81209,52.75357,0.27749076,0.2212992906570434,0.2733260375353378
20180811_hrrrt23_npk,1.0,0.98,121.66354,109.456604,0.56886566,0.4970747828483581,0.2954755632450516
20180811_hrrrt23_idw,1.0,0.98,84.92213,73.51381,0.4509609,0.6776015758514404,0.2389020364314942
20180811_hrrrt23_ordinary_kriging,1.0,0.98,86.00035,79.96376,0.47547948,0.5992212891578674,0.1896759359575466
20180811_hrrrt23_pk,1.0,0.98,111.503975,95.889175,0.5013334,0.4750120341777801,0.3910703524969612
20180811_hrrrt23_npk,20.0,0.98,23.585585,16.192554,0.10161149,0.0957834646105766,0.0815175062536355
20180811_hrrrt23_idw,20.0,0.98,32.066887,22.123589,0.2691821,0.2094219923019409,0.1648794245524091
20180811_hrrrt23_ordinary_kriging,20.0,0.98,28.844893,20.116875,0.24436101,0.2160289585590362,0.1561115961751679
20180811_hrrrt23_pk,20.0,0.98,24.60124,16.975586,0.10298766,0.0915161371231079,0.0748028384127629
20180811_hrrrt23_npk,30.0,0.98,16.20168,11.143654,0.07634548,0.0638265460729599,0.0182181679134788
20180811_hrrrt23_idw,30.0,0.98,25.886736,18.285564,0.24542335,0.1854141056537628,0.1414694808708701
20180811_hrrrt23_ordinary_kriging,30.0,0.98,23.303535,16.277893,0.21485281,0.2183730900287628,0.1244987761116381
20180811_hrrrt23_pk,30.0,0.98,15.685862,10.920705,0.07058994,0.0580627657473087,0.0302528123921257
20180811_hrrrt23_npk,5.0,0.98,78.37673,66.00925,0.35149774,0.2519857585430145,0.276221161054403
20180811_hrrrt23_idw,5.0,0.98,26.17756,21.081192,0.23051178,0.3646933436393738,0.1518550002831873
20180811_hrrrt23_ordinary_kriging,5.0,0.98,28.576735,22.077852,0.21888547,0.2769157290458679,0.1072162062519752
20180811_hrrrt23_pk,5.0,0.98,77.89957,62.473087,0.32916686,0.2106042355298996,0.3004050022004869
20180817_hrrrt20_npk,10.0,0.98,63.88607,52.178192,0.28903008,0.2047804296016693,0.2707777431753966
20180817_hrrrt20_idw,10.0,0.98,20.613785,16.063467,0.15152557,0.3456504940986633,0.1000047448617094
20180817_hrrrt20_ordinary_kriging,10.0,0.98,26.367966,20.519392,0.1847182,0.3829998075962066,0.1235857960285581
20180817_hrrrt20_pk,10.0,0.98,54.995583,42.99629,0.24138719,0.1617479771375656,0.2332372249158139
20180817_hrrrt20_npk,1.0,0.98,99.51396,90.6854,0.49750873,0.3979134857654571,0.3324227355945108
20180817_hrrrt20_idw,1.0,0.98,28.58062,22.491371,0.20162468,0.5325134992599487,0.0999169214636761
20180817_hrrrt20_ordinary_kriging,1.0,0.98,29.93688,23.759615,0.21930926,0.5646107792854309,0.1284792552216493
20180817_hrrrt20_pk,1.0,0.98,77.922455,68.5959,0.3781072,0.3070793747901916,0.2721760312390536
20180817_hrrrt20_npk,20.0,0.98,22.188486,16.376564,0.09121582,0.0680052489042282,0.0397318504218488
20180817_hrrrt20_idw,20.0,0.98,21.327803,16.3491,0.16934454,0.1992181837558746,0.1084021037637214
20180817_hrrrt20_ordinary_kriging,20.0,0.98,26.246834,20.638695,0.19985586,0.2508192062377929,0.1210462991816715
20180817_hrrrt20_pk,20.0,0.98,22.796824,15.848699,0.09056721,0.0696777701377868,0.055181659292348
20180817_hrrrt20_npk,30.0,0.98,19.098986,13.533473,0.07420548,0.0462212599813938,0.0554303679755894
20180817_hrrrt20_idw,30.0,0.98,21.06837,15.74233,0.16754602,0.1859707832336425,0.1010770866187261
20180817_hrrrt20_ordinary_kriging,30.0,0.98,27.534124,21.34205,0.20330176,0.2408157289028167,0.1136320971357277
20180817_hrrrt20_pk,30.0,0.98,19.042913,13.308002,0.07167569,0.0365304499864578,0.059848127977067
20180817_hrrrt20_npk,5.0,0.98,73.4149,63.776722,0.35924354,0.2164161056280136,0.3262819437462245
20180817_hrrrt20_idw,5.0,0.98,21.84077,17.087101,0.16026671,0.3888586163520813,0.107475094470928
20180817_hrrrt20_ordinary_kriging,5.0,0.98,26.118887,20.532373,0.18676749,0.4032541811466217,0.1248752129824101
20180817_hrrrt20_pk,5.0,0.98,57.773575,46.224506,0.2607527,0.1630773395299911,0.2639580380081302
20180819_hrrrt17_npk,10.0,0.98,59.698505,48.149715,0.3233837,0.1223414540290832,0.3901728306010193
20180819_hrrrt17_idw,10.0,0.98,27.129045,22.049633,0.2350788,0.3016362488269806,0.1531464625575917
20180819_hrrrt17_ordinary_kriging,10.0,0.98,29.342487,23.702469,0.24823834,0.1454482525587082,0.1396852755821314
20180819_hrrrt17_pk,10.0,0.98,52.672066,41.786694,0.2850563,0.0975190997123718,0.3343111080492602
20180819_hrrrt17_npk,1.0,0.98,87.42076,70.6462,0.42490628,0.2539578676223755,0.2502889595096882
20180819_hrrrt17_idw,1.0,0.98,39.972485,32.418884,0.27349588,0.5325738787651062,0.2185440934644587
20180819_hrrrt17_ordinary_kriging,1.0,0.98,58.575497,47.369823,0.5240795,0.4175328016281128,0.2763287227327635
20180819_hrrrt17_pk,1.0,0.98,66.44259,54.935116,0.36046377,0.162148430943489,0.3810343441891064
20180819_hrrrt17_npk,20.0,0.98,21.44581,15.286848,0.12929252,0.0396981723606586,0.0923104702988328
20180819_hrrrt17_idw,20.0,0.98,31.700344,24.40891,0.34409833,0.1446613371372223,0.2582950067178085
20180819_hrrrt17_ordinary_kriging,20.0,0.98,22.29297,16.736038,0.23306362,0.0888132080435752,0.1974057634246031
20180819_hrrrt17_pk,20.0,0.98,20.893724,14.594604,0.12405121,0.0420635417103767,0.0997051688450135
20180819_hrrrt17_npk,30.0,0.98,19.495941,13.102161,0.109099925,0.0345502644777298,0.1183288303889121
20180819_hrrrt17_idw,30.0,0.98,25.070723,18.473501,0.22006443,0.08893583714962,0.183788838452521
20180819_hrrrt17_ordinary_kriging,30.0,0.98,17.85776,13.116457,0.17042698,0.0828454494476318,0.1329266353610952
20180819_hrrrt17_pk,30.0,0.98,19.015741,12.605727,0.10317369,0.0325137786567211,0.1062611476570638
20180819_hrrrt17_npk,5.0,0.98,55.09013,45.482014,0.3100141,0.1082836017012596,0.3492578254806177
20180819_hrrrt17_idw,5.0,0.98,26.053295,20.483812,0.19859305,0.3591348826885223,0.1462162419424378
20180819_hrrrt17_ordinary_kriging,5.0,0.98,26.837675,20.461716,0.2157387,0.1009303256869316,0.1659099889327432
20180819_hrrrt17_pk,5.0,0.98,56.212074,45.775494,0.32364306,0.1033295318484306,0.4093667590251331
20180823_hrrrt17_npk,10.0,0.98,20.693241,16.450502,0.19649784,0.0697864666581153,0.1147384020282974
20180823_hrrrt17_idw,10.0,0.98,39.881626,30.582045,0.46999028,0.3139963150024414,0.3321110926674481
20180823_hrrrt17_ordinary_kriging,10.0,0.98,58.888737,49.90887,0.7612387,0.4092307090759277,0.4124698779407156
20180823_hrrrt17_pk,10.0,0.98,13.47497,10.923758,0.13477753,0.0482417978346347,0.0305881444060621
20180823_hrrrt17_npk,1.0,0.98,72.65755,58.64275,0.5597293,0.3398586809635162,0.1114451330786042
20180823_hrrrt17_idw,1.0,0.98,54.803497,43.676777,0.67254615,0.5801637768745422,0.3969500139954997
20180823_hrrrt17_ordinary_kriging,1.0,0.98,59.756653,49.2643,0.7497842,0.4620590507984161,0.4259988228159226
20180823_hrrrt17_pk,1.0,0.98,44.994137,34.666492,0.37224698,0.2352067530155182,0.2942050373491044
20180823_hrrrt17_npk,20.0,0.98,19.4781,13.422032,0.16261296,0.0460152998566627,0.1132273839921478
20180823_hrrrt17_idw,20.0,0.98,17.098148,12.396705,0.18991113,0.1190777197480201,0.2419669219326864
20180823_hrrrt17_ordinary_kriging,20.0,0.98,21.923967,15.071101,0.23071769,0.1129343062639236,0.2629733907258237
20180823_hrrrt17_pk,20.0,0.98,13.469934,10.123354,0.11620554,0.0352547466754913,0.0807360657441997
20180823_hrrrt17_npk,30.0,0.98,8.966173,6.6572523,0.06509104,0.0231780409812927,0.0953415892709392
20180823_hrrrt17_idw,30.0,0.98,17.00483,12.461297,0.1250306,0.0981544256210327,0.1944575092999379
20180823_hrrrt17_ordinary_kriging,30.0,0.98,15.803226,10.693863,0.10798275,0.0689755007624626,0.1715459637918238
20180823_hrrrt17_pk,30.0,0.98,9.7082815,7.3410425,0.06991725,0.0243964325636625,0.0756783547248247
20180823_hrrrt17_npk,5.0,0.98,20.589363,16.5889,0.19345564,0.1031922549009323,0.2076436145787795
20180823_hrrrt17_idw,5.0,0.98,45.85421,34.649796,0.57768035,0.3844878077507019,0.3825051306855551
20180823_hrrrt17_ordinary_kriging,5.0,0.98,54.75253,44.170864,0.7046981,0.2491844594478607,0.4100473603043857
20180823_hrrrt17_pk,5.0,0.98,16.972317,13.255072,0.16181448,0.0898742154240608,0.1710294351143665
20180823_hrrrt21_npk,10.0,0.98,40.397205,33.49959,0.2671073,0.1425748765468597,0.3452800160929312
20180823_hrrrt21_idw,10.0,0.98,25.348045,19.645782,0.2371514,0.4272843599319458,0.2440491148251471
20180823_hrrrt21_ordinary_kriging,10.0,0.98,53.93794,42.112015,0.60970795,0.3588784039020538,0.3619585088446356
20180823_hrrrt21_pk,10.0,0.98,27.633669,23.535122,0.20348066,0.0915261134505271,0.272080211333069
20180823_hrrrt21_npk,1.0,0.98,74.12715,62.234715,0.5011828,0.2710904479026794,0.1214863633047299
20180823_hrrrt21_idw,1.0,0.98,57.80557,43.4571,0.6835888,0.6106481552124023,0.3599269642774761
20180823_hrrrt21_ordinary_kriging,1.0,0.98,68.51355,50.926037,0.8279913,0.4084700345993042,0.3825754830764078
20180823_hrrrt21_pk,1.0,0.98,54.619263,43.432392,0.3534032,0.2671213448047638,0.028851637641164
20180823_hrrrt21_npk,20.0,0.98,16.805017,12.002747,0.09765558,0.0747521594166755,0.1354956753454128
20180823_hrrrt21_idw,20.0,0.98,18.530077,15.203235,0.16828464,0.2092642486095428,0.1926141355137347
20180823_hrrrt21_ordinary_kriging,20.0,0.98,24.97959,19.462923,0.22682908,0.1261295527219772,0.2224531410803665
20180601_hrrrt17_npk,10.0,0.98,55.61783599853516,45.804718017578125,0.2740650177001953,0.1610649824142456,0.3214932079316252
20180601_hrrrt17_idw,10.0,0.98,20.865955352783203,16.444263458251953,0.1513065695762634,0.1869705319404602,0.098765673396811
20180601_hrrrt17_ordinary_kriging,10.0,0.98,27.25531005859375,22.20748519897461,0.1872470527887344,0.1500154584646225,0.1129406867954361
20180601_hrrrt17_pk,10.0,0.98,43.49078369140625,34.60365676879883,0.2072023153305053,0.1243174225091934,0.2428712454793024
20180601_hrrrt17_npk,1.0,0.98,81.89440155029297,77.39866638183594,0.4396222531795501,0.3786607980728149,0.2714541934036424
20180601_hrrrt17_idw,1.0,0.98,27.197843551635746,22.966222763061523,0.1856273710727691,0.5788981914520264,0.1081293389657655
20180601_hrrrt17_ordinary_kriging,1.0,0.98,31.670618057250977,26.81410217285156,0.2124176025390625,0.4582270085811615,0.127607743429635
20180601_hrrrt17_pk,1.0,0.98,73.94042205810547,66.3929443359375,0.3809417486190796,0.3337768614292145,0.3282580293022042
20180601_hrrrt17_npk,20.0,0.98,15.218478202819824,11.641745567321776,0.0747403055429458,0.0263674519956111,0.0827006407140496
20180601_hrrrt17_idw,20.0,0.98,13.316560745239258,8.83582592010498,0.108933188021183,0.1389492750167846,0.0806659598564098
20180601_hrrrt17_ordinary_kriging,20.0,0.98,14.909584045410156,10.405553817749023,0.1172721609473228,0.1172176077961921,0.0880699905574064
20180601_hrrrt17_pk,20.0,0.98,17.2574462890625,13.819466590881348,0.0840465500950813,0.0303587932139635,0.0883902709659465
20180601_hrrrt17_npk,30.0,0.98,11.631876945495604,8.27405834197998,0.0543580316007137,0.0213625393807888,0.0549005980384399
20180601_hrrrt17_idw,30.0,0.98,13.772003173828123,9.401673316955566,0.1189418956637382,0.1093738228082656,0.0856538812122534
20180601_hrrrt17_ordinary_kriging,30.0,0.98,15.41892910003662,10.760808944702148,0.126145139336586,0.1028583794832229,0.087416863310391
20180601_hrrrt17_pk,30.0,0.98,9.23569679260254,6.842878341674805,0.0452344305813312,0.0206279512494802,0.036206479889584
20180601_hrrrt17_npk,5.0,0.98,68.09874725341797,58.97661972045898,0.3479551076889038,0.225663810968399,0.3818083423054627
20180601_hrrrt17_idw,5.0,0.98,19.591413497924805,15.225334167480469,0.1399470567703247,0.2663899958133697,0.1120334033504565
20180601_hrrrt17_ordinary_kriging,5.0,0.98,25.78546142578125,20.934738159179688,0.1730808466672897,0.1553857773542404,0.1223121908849146
20180601_hrrrt17_pk,5.0,0.98,64.40270233154297,50.24831008911133,0.2959519326686859,0.1872100681066513,0.3801997490267854
20180602_hrrrt20_npk,10.0,0.98,60.46376800537109,50.838623046875,0.288350909948349,0.2975151836872101,0.2588165422435667
20180602_hrrrt20_idw,10.0,0.98,21.3642635345459,16.83482551574707,0.1421636044979095,0.4438405036926269,0.1232561347340891
20180602_hrrrt20_ordinary_kriging,10.0,0.98,30.8564567565918,25.183074951171875,0.1925494819879531,0.1605648547410965,0.1443561493136601
20180602_hrrrt20_pk,10.0,0.98,48.3121223449707,39.82210159301758,0.2242005616426468,0.2542977333068847,0.1922724743782486
20180602_hrrrt20_npk,1.0,0.98,95.75999450683594,90.56928253173828,0.5163471698760986,0.5325697660446167,0.3424766959181072
20180602_hrrrt20_idw,1.0,0.98,26.884366989135746,19.926528930664062,0.1610660851001739,0.7420336008071899,0.0539122330231729
20180602_hrrrt20_ordinary_kriging,1.0,0.98,34.16547393798828,27.87771224975586,0.2235831618309021,0.5492722392082214,0.1498083989493104
20180602_hrrrt20_pk,1.0,0.98,75.38639068603516,66.9789810180664,0.3855060935020447,0.3802484273910522,0.293540828345455
20180602_hrrrt20_npk,20.0,0.98,18.672752380371094,13.900823593139648,0.083657369017601,0.0727450996637344,0.0398099256537626
20180602_hrrrt20_idw,20.0,0.98,22.147533416748047,17.11565399169922,0.1489236205816269,0.2282474935054779,0.1150754285618452
20180602_hrrrt20_ordinary_kriging,20.0,0.98,32.04132461547852,25.977418899536133,0.1997405886650085,0.2190143764019012,0.1400157561279694
20180602_hrrrt20_pk,20.0,0.98,19.974124908447266,14.624478340148926,0.0888983607292175,0.0849537998437881,0.0304135383734505
20180602_hrrrt20_npk,30.0,0.98,12.87635612487793,9.724546432495115,0.0627239942550659,0.0722883492708206,0.0383092430678648
20180602_hrrrt20_idw,30.0,0.98,17.54937171936035,13.608089447021484,0.1350428014993667,0.184779018163681,0.0827507242925671
20180602_hrrrt20_ordinary_kriging,30.0,0.98,30.41629981994629,24.2935848236084,0.1973345130681991,0.2219090312719345,0.1246612795067593
20180602_hrrrt20_pk,30.0,0.98,12.763334274291992,9.473200798034668,0.0647575184702873,0.0655543580651283,0.0339204947266807
20180602_hrrrt20_npk,5.0,0.98,62.92021942138672,54.99665832519531,0.3141063153743744,0.3324643969535827,0.2697075007439355
20180602_hrrrt20_idw,5.0,0.98,20.732086181640625,16.324512481689453,0.1404624730348587,0.5185030102729797,0.1225791296973577
20180602_hrrrt20_ordinary_kriging,5.0,0.98,30.670093536376957,25.144399642944336,0.1923448294401168,0.158545434474945,0.1468344360222182
20180602_hrrrt20_pk,5.0,0.98,70.28288269042969,57.11171340942383,0.3279949724674225,0.3303610682487488,0.3622344178303943
20180603_hrrrt18_npk,10.0,0.98,72.20803833007812,58.75942611694336,0.2905773520469665,0.2782495617866516,0.2456278761800019
20180603_hrrrt18_idw,10.0,0.98,18.25955009460449,13.991049766540527,0.1236960142850875,0.3608800172805786,0.0835945965653606
20180603_hrrrt18_ordinary_kriging,10.0,0.98,22.627321243286133,18.24681282043457,0.1477770209312439,0.2771839201450348,0.0962262409515851
20180603_hrrrt18_pk,10.0,0.98,52.54345703125,41.92490005493164,0.214372381567955,0.2398310154676437,0.1791938072405393
20180603_hrrrt18_npk,1.0,0.98,127.40447235107422,121.47657775878906,0.6046537160873413,0.4725648760795593,0.479970130761444
20180603_hrrrt18_idw,1.0,0.98,21.01015281677246,16.112918853759766,0.1334146857261657,0.6743970513343811,0.060270288088591
20180603_hrrrt18_ordinary_kriging,1.0,0.98,23.3834171295166,18.188610076904297,0.1472280621528625,0.3851533532142639,0.076556186460937
20180603_hrrrt18_pk,1.0,0.98,100.36560821533205,88.99325561523438,0.4428102374076843,0.4411789178848266,0.3940237742199374
20180603_hrrrt18_npk,20.0,0.98,18.555444717407227,13.351845741271973,0.0750263258814811,0.0633647814393043,0.0461424093416726
20180603_hrrrt18_idw,20.0,0.98,15.676972389221191,11.48672580718994,0.1200284287333488,0.2134282886981964,0.070263633274552
20180603_hrrrt18_ordinary_kriging,20.0,0.98,20.58009147644043,16.13152313232422,0.1472107470035553,0.1462293565273285,0.0871823266705184
20180603_hrrrt18_pk,20.0,0.98,19.09544563293457,14.44587230682373,0.0778911113739013,0.0609828159213066,0.0480835959443255
20180603_hrrrt18_npk,30.0,0.98,11.284330368041992,8.518131256103516,0.0509758740663528,0.0530516505241394,0.0349447549974898
20180603_hrrrt18_idw,30.0,0.98,16.10182762145996,11.96338939666748,0.131477877497673,0.1772429943084716,0.0735378250354828
20180603_hrrrt18_ordinary_kriging,30.0,0.98,22.07342338562012,17.641212463378906,0.163394883275032,0.1414252817630767,0.0868658357199913
20180603_hrrrt18_pk,30.0,0.98,11.37114143371582,8.493024826049805,0.0469331555068492,0.0412600450217723,0.0325505098313144
20180603_hrrrt18_npk,5.0,0.98,81.60665893554688,68.68601989746094,0.341010183095932,0.3269565105438232,0.315921605802527
20180603_hrrrt18_idw,5.0,0.98,19.12237548828125,15.013617515563965,0.1267348974943161,0.4748885035514831,0.0901192879865328
20180603_hrrrt18_ordinary_kriging,5.0,0.98,22.18216133117676,17.80935287475586,0.1424508690834045,0.2015050798654556,0.0974073789790906
20180603_hrrrt18_pk,5.0,0.98,60.82944488525391,48.7730598449707,0.2422748953104019,0.2503563165664673,0.2179965354934965
20180603_hrrrt20_npk,10.0,0.98,79.24052429199219,64.86845397949219,0.3294302821159363,0.301664650440216,0.3087222250661342
20180603_hrrrt20_idw,10.0,0.98,15.42789077758789,11.531597137451172,0.1123877242207527,0.3700923919677734,0.0736424734399545
20180603_hrrrt20_ordinary_kriging,10.0,0.98,19.6965389251709,15.400867462158203,0.1353858113288879,0.2167569696903228,0.0835546903850476
20180603_hrrrt20_pk,10.0,0.98,48.74599838256836,39.41461944580078,0.210347831249237,0.1946785449981689,0.1525453235804131
20180603_hrrrt20_npk,1.0,0.98,118.77289581298828,114.14620208740234,0.5666046738624573,0.4528137743473053,0.3284027630584319
20180603_hrrrt20_idw,1.0,0.98,17.761730194091797,13.46572971343994,0.1188173294067382,0.6567900776863098,0.057490773762136
20180603_hrrrt20_ordinary_kriging,1.0,0.98,22.57671546936035,17.28205108642578,0.1395768225193023,0.3640326261520386,0.0119036590725054
20180603_hrrrt20_pk,1.0,0.98,83.75407409667969,74.48429870605469,0.3684392869472503,0.3086923360824585,0.2747241365229146
20180603_hrrrt20_npk,20.0,0.98,16.47566032409668,11.963075637817385,0.0752037838101387,0.0754267871379852,0.0407076403866693
20180603_hrrrt20_idw,20.0,0.98,13.909226417541504,10.111687660217283,0.1130339503288269,0.2438225001096725,0.0642949493655948
20180603_hrrrt20_ordinary_kriging,20.0,0.98,17.709064483642578,13.43881607055664,0.1320026665925979,0.1483442932367324,0.076295356019079
20180603_hrrrt20_pk,20.0,0.98,19.081167221069336,14.275297164916992,0.0922575816512107,0.066811166703701,0.0530993426552498
20180603_hrrrt20_npk,30.0,0.98,11.77500057220459,8.582286834716797,0.0645822510123252,0.0634422674775123,0.0282357077572849
20180603_hrrrt20_idw,30.0,0.98,14.547630310058594,10.61820125579834,0.1235682517290115,0.1825043708086013,0.0662469710050709
20180603_hrrrt20_ordinary_kriging,30.0,0.98,19.15401268005371,14.722105979919434,0.1443687379360199,0.1444724202156067,0.0762474613991379
20180603_hrrrt20_pk,30.0,0.98,11.20803451538086,8.241923332214355,0.0682050511240959,0.0571606159210205,0.035300534654557
20180603_hrrrt20_npk,5.0,0.98,79.65631103515625,67.42008972167969,0.3338975608348846,0.3166547417640686,0.2956884406538676
20180603_hrrrt20_idw,5.0,0.98,16.463186264038086,12.613566398620604,0.1159837841987609,0.4453539252281189,0.0799728642357651
20180603_hrrrt20_ordinary_kriging,5.0,0.98,15.94106101989746,12.380010604858398,0.1130747199058532,0.1783086955547332,0.0766012169246109
20180603_hrrrt20_pk,5.0,0.98,69.47828674316406,56.08087539672852,0.2840392887592315,0.2684560716152191,0.2727017437814724
20180610_hrrrt19_npk,10.0,0.98,58.76666259765625,48.55194091796875,0.2643753290176391,0.2258679270744323,0.2483602289324561
20180610_hrrrt19_idw,10.0,0.98,27.25962257385254,20.275562286376957,0.2022651433944702,0.3070745468139648,0.1187262163762022
20180610_hrrrt19_ordinary_kriging,10.0,0.98,31.35013198852539,24.5991325378418,0.2258252799510955,0.1868379861116409,0.1258311562315778
20180610_hrrrt19_pk,10.0,0.98,45.41783142089844,35.67161560058594,0.2022339403629303,0.1301126629114151,0.2127762917059414
20180610_hrrrt19_npk,1.0,0.98,119.7838897705078,110.63683319091795,0.5605382323265076,0.5025379657745361,0.3203003214278995
20180610_hrrrt19_idw,1.0,0.98,31.63148307800293,24.57396507263184,0.2182437479496002,0.6051507592201233,0.1155089708657732
20180610_hrrrt19_ordinary_kriging,1.0,0.98,29.79066467285156,23.468441009521484,0.2094670832157135,0.4871496856212616,0.1286033781676718
20180610_hrrrt19_pk,1.0,0.98,96.40487670898438,84.70178985595703,0.4416650533676147,0.4852644801139831,0.3484914917966833
20180610_hrrrt19_npk,20.0,0.98,10.43051052093506,7.192859172821045,0.0522321350872516,0.0141696697100996,0.014459702138281
20180610_hrrrt19_idw,20.0,0.98,25.22966194152832,18.79279899597168,0.1985828876495361,0.1599658727645874,0.1061838644594428
20180610_hrrrt19_ordinary_kriging,20.0,0.98,29.811384201049805,23.66097068786621,0.2238636910915374,0.159237653017044,0.120189378865269
20180610_hrrrt19_pk,20.0,0.98,8.620882987976074,6.166720390319824,0.0533226951956748,0.0125518981367349,0.0377256490710211
20180610_hrrrt19_npk,30.0,0.98,6.399856090545654,4.778242588043213,0.0252051353454589,0.0099456366151571,0.0279340851183863
20180610_hrrrt19_idw,30.0,0.98,20.04776382446289,15.605997085571287,0.0908939912915229,0.1203868985176086,0.0825184132449018
20180610_hrrrt19_ordinary_kriging,30.0,0.98,26.976959228515625,21.634239196777344,0.1205709502100944,0.1244183853268623,0.0992674640939747
20180610_hrrrt19_pk,30.0,0.98,6.343276023864746,4.714390754699707,0.0256524477154016,0.0115091688930988,0.0289482717353487
20180610_hrrrt19_npk,5.0,0.98,69.16816711425781,58.060638427734375,0.310445487499237,0.2508638799190521,0.3109942752441664
20180610_hrrrt19_idw,5.0,0.98,30.023149490356445,22.353546142578125,0.2120556831359863,0.3788480758666992,0.1228546247599674
20180610_hrrrt19_ordinary_kriging,5.0,0.98,32.5109977722168,25.2230224609375,0.2274937778711319,0.2133474797010421,0.1274647250293303
20180610_hrrrt19_pk,5.0,0.98,64.63117980957031,50.498512268066406,0.2800566256046295,0.2053781300783157,0.3032373387853369
20180612_hrrrt17_npk,10.0,0.98,44.50766372680664,38.612152099609375,0.2931944131851196,0.1340073645114898,0.1771621283743494
20180612_hrrrt17_idw,10.0,0.98,27.224592208862305,18.408191680908203,0.2274794727563858,0.325189471244812,0.1879521954673413
20180612_hrrrt17_ordinary_kriging,10.0,0.98,32.31368637084961,22.61865997314453,0.2668094933032989,0.1890383809804916,0.196326527144314
20180612_hrrrt17_pk,10.0,0.98,35.25748825073242,30.48572158813477,0.2308631241321563,0.1047986149787902,0.1365135201996606
20180612_hrrrt17_npk,1.0,0.98,84.94873809814453,77.83900451660156,0.5464355945587158,0.3539971709251404,0.1580582163016509
20180612_hrrrt17_idw,1.0,0.98,30.914548873901367,21.350345611572266,0.2194699198007583,0.6400460004806519,0.1811165495518306
20180612_hrrrt17_ordinary_kriging,1.0,0.98,36.14078903198242,27.927268981933597,0.2725519835948944,0.4938127994537353,0.2086828300941996
20180612_hrrrt17_pk,1.0,0.98,70.252685546875,62.89826202392578,0.4632010161876678,0.3934871852397918,0.2656594612640758
20180612_hrrrt17_npk,20.0,0.98,19.215822219848636,14.370155334472656,0.1312223821878433,0.0754234120249748,0.1287850898800488
20180612_hrrrt17_idw,20.0,0.98,29.58128547668457,20.36344146728516,0.2566398382186889,0.2380628287792205,0.1920773942194061
20180612_hrrrt17_ordinary_kriging,20.0,0.98,37.35360336303711,27.975282669067383,0.3179879188537597,0.2504221498966217,0.2038849777683086
20180612_hrrrt17_pk,20.0,0.98,16.572874069213867,12.167362213134766,0.1169881522655487,0.0703041031956672,0.1245090957170518
20180612_hrrrt17_npk,30.0,0.98,13.041974067687988,9.964086532592772,0.0751744881272316,0.0592401698231697,0.064086548567139
20180612_hrrrt17_idw,30.0,0.98,20.17701530456543,13.768828392028809,0.1309824287891388,0.1934432834386825,0.1324355119719947
20180612_hrrrt17_ordinary_kriging,30.0,0.98,25.33921241760254,17.494770050048828,0.1645223349332809,0.1611601710319519,0.1454983381389639
20180612_hrrrt17_pk,30.0,0.98,16.52366828918457,11.707782745361328,0.0911447778344154,0.056730180978775,0.0847308717863309
20180612_hrrrt17_npk,5.0,0.98,47.70453643798828,42.11099624633789,0.3055457472801208,0.1603509783744812,0.1402051603674727
20180612_hrrrt17_idw,5.0,0.98,26.22170639038086,18.01721572875977,0.2184536904096603,0.3884978890419006,0.1856638350855728
20180612_hrrrt17_ordinary_kriging,5.0,0.98,29.593017578125,21.47482109069824,0.2483459860086441,0.1460881233215332,0.1905635655440914
20180612_hrrrt17_pk,5.0,0.98,49.99812316894531,42.35596466064453,0.3226219713687897,0.1614723950624466,0.2505492338291096
20180614_hrrrt17_npk,10.0,0.98,72.66084289550781,57.223758697509766,0.2781672775745392,0.2499737292528152,0.2788917259595013
20180614_hrrrt17_idw,10.0,0.98,21.296466827392575,16.281530380249023,0.1500580459833145,0.2795067429542541,0.0880346226283806
20180614_hrrrt17_ordinary_kriging,10.0,0.98,24.302814483642575,19.23053932189941,0.1638541370630264,0.1479825973510742,0.0912656013120686
20180614_hrrrt17_pk,10.0,0.98,68.37483978271484,52.28783416748047,0.2597487866878509,0.2093709409236908,0.2727949529124173
20180614_hrrrt17_npk,1.0,0.98,127.8483657836914,118.92677307128906,0.5919633507728577,0.5369558930397034,0.3879447592026331
20180614_hrrrt17_idw,1.0,0.98,24.41948890686035,18.9381160736084,0.1584656536579132,0.5664582252502441,0.0902820848213643
20180614_hrrrt17_ordinary_kriging,1.0,0.98,26.87968063354492,21.46646881103516,0.1678182035684585,0.4879341423511505,0.0863251034191363
20180614_hrrrt17_pk,1.0,0.98,107.64802551269533,95.37088012695312,0.4732175767421722,0.546122670173645,0.3614290946696657
20180614_hrrrt17_npk,20.0,0.98,11.889315605163574,9.256332397460938,0.0628547295928001,0.0172849372029304,0.0451428523335954
20180614_hrrrt17_idw,20.0,0.98,21.340076446533203,15.415928840637209,0.1554434448480606,0.1484200805425644,0.0790796189563801
20180614_hrrrt17_ordinary_kriging,20.0,0.98,24.59960174560547,19.397314071655277,0.1728279441595077,0.1372101604938507,0.0888083840896878
20180614_hrrrt17_pk,20.0,0.98,9.30287742614746,7.091551780700684,0.055094376206398,0.0117147993296384,0.0368755701179399
20180614_hrrrt17_npk,30.0,0.98,6.926466464996338,5.385983467102051,0.0269966796040534,0.0092690289020538,0.0304535352279788
20180614_hrrrt17_idw,30.0,0.98,19.302400588989254,14.657949447631836,0.0801405385136604,0.1068079769611358,0.0719523387810322
20180614_hrrrt17_ordinary_kriging,30.0,0.98,25.496307373046875,20.69700050354004,0.1084783673286438,0.1336704045534134,0.0838059460819304
20180614_hrrrt17_pk,30.0,0.98,6.445866107940674,4.860499382019043,0.0244916900992393,0.0087389592081308,0.024332681350476
20180614_hrrrt17_npk,5.0,0.98,74.10860443115234,63.91521072387695,0.3331786096096039,0.2666747868061065,0.2399060391308422
20180614_hrrrt17_idw,5.0,0.98,22.38869857788086,17.239978790283203,0.1531882882118225,0.3496221005916595,0.0900813082527219
20180614_hrrrt17_ordinary_kriging,5.0,0.98,25.104759216308597,19.837358474731445,0.1664953082799911,0.2123341709375381,0.0945923052238574
20180614_hrrrt17_pk,5.0,0.98,63.69635391235352,51.67865753173828,0.2564972043037414,0.1661705374717712,0.2438442989452194
20180614_hrrrt19_npk,10.0,0.98,81.71961975097656,64.51423645019531,0.3127634227275848,0.2914923727512359,0.2806166063496324
20180614_hrrrt19_idw,10.0,0.98,23.667177200317383,19.12693214416504,0.1622878760099411,0.3432955145835876,0.0951886290726802
20180614_hrrrt19_ordinary_kriging,10.0,0.98,28.19501304626465,23.09113121032715,0.1817070394754409,0.1657610833644867,0.101241228164588
20180614_hrrrt19_pk,10.0,0.98,66.29081726074219,52.21587753295898,0.2541477978229522,0.1981738209724426,0.2178181161812705
20180614_hrrrt19_npk,1.0,0.98,126.78912353515624,117.69132232666016,0.5791152715682983,0.5467449426651001,0.3300038366915974
20180614_hrrrt19_idw,1.0,0.98,27.98349380493164,22.93343162536621,0.1760401278734207,0.618939220905304,0.1030447450922815
20180614_hrrrt19_ordinary_kriging,1.0,0.98,31.429039001464844,25.84319496154785,0.186929851770401,0.543500542640686,0.0870306150985197
20180614_hrrrt19_pk,1.0,0.98,104.1139907836914,88.7287826538086,0.443984717130661,0.5140515565872192,0.3380870499484932
20180614_hrrrt19_npk,20.0,0.98,10.496886253356934,8.158376693725586,0.052250899374485,0.0163483601063489,0.042511255531486
20180614_hrrrt19_idw,20.0,0.98,23.26582145690918,17.075069427490234,0.1723034530878067,0.1653198599815368,0.0853732708202211
20180614_hrrrt19_ordinary_kriging,20.0,0.98,27.04522705078125,21.369239807128903,0.1893271803855896,0.147702157497406,0.096706130989784
20180614_hrrrt19_pk,20.0,0.98,8.990839958190918,7.0735626220703125,0.0522518008947372,0.0125566478818655,0.0203227470137389
20180614_hrrrt19_npk,30.0,0.98,7.446953296661377,5.587517261505127,0.0278153922408819,0.0126804374158382,0.0317672490337484
20180614_hrrrt19_idw,30.0,0.98,19.95734596252441,15.937935829162598,0.0880037173628807,0.1191678941249847,0.0774927435801423
20180614_hrrrt19_ordinary_kriging,30.0,0.98,27.755558013916016,22.80474281311035,0.1209996417164802,0.1293640732765197,0.0908401192342306
20180614_hrrrt19_pk,30.0,0.98,7.014355182647705,5.2907490730285645,0.0259695574641227,0.0107634449377655,0.0273349538930166
20180614_hrrrt19_npk,5.0,0.98,99.15567016601562,83.95760345458984,0.4063833057880401,0.3772783577442169,0.3458800563165488
20180614_hrrrt19_idw,5.0,0.98,23.177705764770508,18.621788024902344,0.1601683944463729,0.406706839799881,0.0965503667862803
20180614_hrrrt19_ordinary_kriging,5.0,0.98,27.123964309692383,21.954008102416992,0.1777302175760269,0.193363219499588,0.1033842605425081
20180614_hrrrt19_pk,5.0,0.98,84.07110595703125,68.41060638427734,0.3233485817909241,0.2999082803726196,0.2851974712851527
20180616_hrrrt19_npk,10.0,0.98,71.54541778564453,58.7396240234375,0.313059538602829,0.299014151096344,0.2323076561559774
20180616_hrrrt19_idw,10.0,0.98,22.093828201293945,17.443449020385742,0.2081023007631302,0.3388154208660126,0.090968760397362
20180616_hrrrt19_ordinary_kriging,10.0,0.98,25.9653377532959,20.901275634765625,0.2253144383430481,0.1296475082635879,0.0953597116597648
20180616_hrrrt19_pk,10.0,0.98,65.23368835449219,52.67647171020508,0.271794706583023,0.2454883456230163,0.2042380858229522
20180616_hrrrt19_npk,1.0,0.98,115.59231567382812,107.89225769042967,0.534518837928772,0.539557695388794,0.2960235243714896
20180616_hrrrt19_idw,1.0,0.98,25.36754035949707,20.12154769897461,0.2079220414161682,0.6401932239532471,0.0892925234770883
20180616_hrrrt19_ordinary_kriging,1.0,0.98,33.176456451416016,26.631410598754883,0.2345529049634933,0.5696856379508972,0.0562176004084165
20180616_hrrrt19_pk,1.0,0.98,106.90410614013672,94.1077117919922,0.4675769507884979,0.5447160005569458,0.3363719453244527
20180616_hrrrt19_npk,20.0,0.98,8.356673240661621,6.47421407699585,0.0651160106062889,0.0112813366577029,0.0296279739145312
20180616_hrrrt19_idw,20.0,0.98,21.45066261291504,15.251449584960938,0.2216117233037948,0.1748130023479461,0.0785428372246571
20180616_hrrrt19_ordinary_kriging,20.0,0.98,25.73970603942871,19.93317031860352,0.2438193410634994,0.1518749892711639,0.092608728883366
20180616_hrrrt19_pk,20.0,0.98,10.152294158935549,7.654994964599609,0.0743343979120254,0.0190462190657854,0.0506560690143254
20180616_hrrrt19_npk,30.0,0.98,7.284299373626709,5.503835201263428,0.0448624789714813,0.0087085710838437,0.0052236202440923
20180616_hrrrt19_idw,30.0,0.98,18.589075088500977,14.244072914123535,0.1534124016761779,0.1380666196346283,0.0711771759433598
20180616_hrrrt19_ordinary_kriging,30.0,0.98,25.86485290527344,20.947349548339844,0.1821279227733612,0.1482861787080764,0.0864190186772592
20180616_hrrrt19_pk,30.0,0.98,7.384872436523437,5.565711975097656,0.0440334156155586,0.0082847252488136,0.0095203899810636
20180616_hrrrt19_npk,5.0,0.98,80.6386947631836,67.82991027832031,0.3397254943847656,0.3287355303764343,0.2691811766877709
20180616_hrrrt19_idw,5.0,0.98,22.319839477539062,17.269784927368164,0.2058745473623275,0.3947394490242004,0.0942921969188066
20180616_hrrrt19_ordinary_kriging,5.0,0.98,25.879261016845703,20.3455810546875,0.2212744206190109,0.1965367943048477,0.0993441589165889
20180616_hrrrt19_pk,5.0,0.98,89.72454833984375,72.44684600830078,0.3578456938266754,0.3355518281459808,0.336821802746145
20180619_hrrrt17_npk,10.0,0.98,57.25655746459961,48.09899520874024,0.2599045634269714,0.2079166769981384,0.2017031575807362
20180619_hrrrt17_idw,10.0,0.98,24.91996955871582,17.772985458374023,0.1702532619237899,0.2663523852825165,0.118468015548502
20180619_hrrrt17_ordinary_kriging,10.0,0.98,28.356544494628903,21.342283248901367,0.1884845644235611,0.1638913005590438,0.1235447153561377
20180619_hrrrt17_pk,10.0,0.98,44.06120681762695,34.7852668762207,0.190875619649887,0.1525463908910751,0.1766084508659978
20180619_hrrrt17_npk,1.0,0.98,109.92430877685548,100.2724380493164,0.5133762359619141,0.5071586966514587,0.2580233267544948
20180619_hrrrt17_idw,1.0,0.98,28.283090591430664,21.32026672363281,0.1832742244005203,0.574385404586792,0.1279806660266253
20180619_hrrrt17_ordinary_kriging,1.0,0.98,29.96044921875,23.1624755859375,0.1900511980056762,0.5444773435592651,0.1205006616744098
20180619_hrrrt17_pk,1.0,0.98,93.95342254638672,82.20477294921875,0.4241156578063965,0.5219911336898804,0.3396861009638827
20180619_hrrrt17_npk,20.0,0.98,9.771200180053713,7.616112232208252,0.0565577484667301,0.016961745917797,0.0194040214985728
20180619_hrrrt17_idw,20.0,0.98,26.13787651062012,18.959108352661133,0.1847965121269226,0.1423406451940536,0.1177440274127136
20180619_hrrrt17_ordinary_kriging,20.0,0.98,29.655200958251957,22.828500747680664,0.2047465443611145,0.1537628173828125,0.1240627976812481
20180619_hrrrt17_pk,20.0,0.98,8.744049072265625,6.560552597045898,0.0455921329557895,0.016151275485754,0.0342541721587999
20180619_hrrrt17_npk,30.0,0.98,8.09480094909668,6.059972286224365,0.0317973643541336,0.0156330410391092,0.028839039162423
20180619_hrrrt17_idw,30.0,0.98,19.86986923217773,14.658995628356934,0.0853397399187088,0.12383683770895,0.089135400931347
20180619_hrrrt17_ordinary_kriging,30.0,0.98,28.60538673400879,23.0387020111084,0.1297763586044311,0.1455861330032348,0.1069954305645004
20180619_hrrrt17_pk,30.0,0.98,7.841678619384766,5.907488822937012,0.0312190111726522,0.0123584140092134,0.0214369587777405
20180619_hrrrt17_npk,5.0,0.98,68.48556518554688,58.23741149902344,0.31144779920578,0.2487613260746002,0.2672214570751718
20180619_hrrrt17_idw,5.0,0.98,27.846302032470703,19.828622817993164,0.1849847584962844,0.3285601139068603,0.1222980229197849
20180619_hrrrt17_ordinary_kriging,5.0,0.98,31.242721557617188,23.10919761657715,0.2038784027099609,0.2199143022298813,0.127416611586502
20180619_hrrrt17_pk,5.0,0.98,62.24052047729492,46.76224136352539,0.2652508616447449,0.1887256503105163,0.2759765017789344
20180622_hrrrt18_npk,10.0,0.98,71.30814361572266,61.16788864135742,0.4298552274703979,0.2253047823905944,0.1662877752942655
20180622_hrrrt18_idw,10.0,0.98,52.55099868774414,44.822078704833984,0.4030741453170776,0.4075203537940979,0.2232869204011249
20180622_hrrrt18_ordinary_kriging,10.0,0.98,57.54438400268555,48.74721908569336,0.4275177717208862,0.2456590384244918,0.2196862888866092
20180622_hrrrt18_pk,10.0,0.98,64.52055358886719,54.86236572265625,0.4140108823776245,0.2058071345090866,0.1761159626138075
20180622_hrrrt18_npk,1.0,0.98,106.6349105834961,97.20808410644533,0.5748971104621887,0.3444261252880096,0.1797126143103147
20180622_hrrrt18_idw,1.0,0.98,45.8821907043457,36.84935760498047,0.4222126305103302,0.5964053273200989,0.2427776063699862
20180622_hrrrt18_ordinary_kriging,1.0,0.98,47.70952987670898,38.08185577392578,0.4290422797203064,0.5907188653945923,0.248402616370831
20180622_hrrrt18_pk,1.0,0.98,84.29317474365234,72.89021301269531,0.511510968208313,0.3237467408180237,0.160606315338571
20180622_hrrrt18_npk,20.0,0.98,34.84099578857422,26.56637191772461,0.1659229695796966,0.089510828256607,0.1398117832061461
20180622_hrrrt18_idw,20.0,0.98,33.7007942199707,25.76838493347168,0.2877796292304992,0.2221592664718628,0.1981575465360216
20180622_hrrrt18_ordinary_kriging,20.0,0.98,28.548498153686523,21.08269691467285,0.181992158293724,0.1412084847688675,0.1688560310818962
20180622_hrrrt18_pk,20.0,0.98,28.51779556274414,21.81207847595215,0.1325299888849258,0.0758765786886215,0.1259900125013996
20180622_hrrrt18_npk,30.0,0.98,18.78567695617676,13.99023723602295,0.0959805101156234,0.0593080930411815,0.0719375422046328
20180622_hrrrt18_idw,30.0,0.98,30.23907470703125,20.384937286376957,0.30707848072052,0.1683099716901779,0.1835676898169188
20180622_hrrrt18_ordinary_kriging,30.0,0.98,25.23548698425293,16.693862915039062,0.2067997306585312,0.1187632083892822,0.1624053259224435
20180622_hrrrt18_pk,30.0,0.98,18.401182174682617,13.071218490600586,0.0900245383381843,0.0522898137569427,0.0691203895257908
20180622_hrrrt18_npk,5.0,0.98,76.55528259277344,66.45401000976562,0.4434738755226135,0.2444578409194946,0.1663602852219764
20180622_hrrrt18_idw,5.0,0.98,46.25885772705078,38.16366958618164,0.3683071434497833,0.4774568676948547,0.2287597132847265
20180622_hrrrt18_ordinary_kriging,5.0,0.98,54.5058708190918,45.84352493286133,0.4365990161895752,0.3716940879821777,0.2416559911007582
20180622_hrrrt18_pk,5.0,0.98,66.2658462524414,55.82201766967773,0.4041199088096618,0.2026165127754211,0.0931471397611343
20180622_hrrrt22_npk,10.0,0.98,72.03794860839844,56.47301483154297,0.2863539159297943,0.1904607415199279,0.2627947698296751
20180622_hrrrt22_idw,10.0,0.98,26.71674346923828,20.696229934692383,0.1417269259691238,0.3001585006713867,0.0922308519995729
20180622_hrrrt22_ordinary_kriging,10.0,0.98,25.01837158203125,19.71006202697754,0.127688854932785,0.1133539155125618,0.0978554247506994
20180622_hrrrt22_pk,10.0,0.98,80.663330078125,63.11336517333984,0.319552332162857,0.2145980596542358,0.3230398433049786
20180622_hrrrt22_npk,1.0,0.98,113.38055419921876,104.7798309326172,0.5673046112060547,0.4047058522701263,0.4505040772697273
20180622_hrrrt22_idw,1.0,0.98,42.79937362670898,33.26183319091797,0.3826025426387787,0.6580057144165039,0.1365370737726808
20180622_hrrrt22_ordinary_kriging,1.0,0.98,43.14297103881836,33.903106689453125,0.3808096051216125,0.5129142999649048,0.1412193086059654
20180622_hrrrt22_pk,1.0,0.98,84.34552001953125,71.1567611694336,0.397763729095459,0.3399678468704223,0.3638964363501967
20180622_hrrrt22_npk,20.0,0.98,17.437564849853516,13.477265357971191,0.0730390474200248,0.0629072412848472,0.0206052777648927
20180622_hrrrt22_idw,20.0,0.98,21.757266998291016,16.64449119567871,0.1391190886497497,0.1555292606353759,0.1059413174013024
20180622_hrrrt22_ordinary_kriging,20.0,0.98,21.42351531982422,16.56362533569336,0.122248038649559,0.0795061662793159,0.1010731398349882
20180622_hrrrt22_pk,20.0,0.98,22.17740821838379,16.60520362854004,0.0863256528973579,0.0804321467876434,0.044352424349366
20180622_hrrrt22_npk,30.0,0.98,15.259185791015623,11.45362663269043,0.0638591945171356,0.0593980997800827,0.0487745640734821
20180622_hrrrt22_idw,30.0,0.98,19.374223709106445,15.004183769226074,0.1343221217393875,0.1232437193393707,0.0968007175405668
20180622_hrrrt22_ordinary_kriging,30.0,0.98,19.34685707092285,14.857392311096191,0.1135131940245628,0.0756662413477897,0.0900624874143457
20180622_hrrrt22_pk,30.0,0.98,16.1567325592041,11.934288024902344,0.066332533955574,0.0637474730610847,0.0500875831599137
20180622_hrrrt22_npk,5.0,0.98,74.8780288696289,61.74717330932617,0.3166859149932861,0.2261778861284256,0.2597833638485985
20180622_hrrrt22_idw,5.0,0.98,28.52759552001953,21.90030860900879,0.1528307795524597,0.3524417877197265,0.1194267022362944
20180622_hrrrt22_ordinary_kriging,5.0,0.98,25.906518936157227,20.125642776489254,0.1369973868131637,0.1466903090476989,0.1214291791569814
20180622_hrrrt22_pk,5.0,0.98,75.05609893798828,59.70841217041016,0.3128805756568908,0.2285340726375579,0.3269711440209578
20180625_hrrrt17_npk,10.0,0.98,54.70784759521485,43.23298263549805,0.240062803030014,0.1575161218643188,0.2428072758554398
20180625_hrrrt17_idw,10.0,0.98,30.17825126647949,22.403038024902344,0.1894653439521789,0.2960557341575622,0.1315534790294717
20180625_hrrrt17_ordinary_kriging,10.0,0.98,29.215412139892575,21.761594772338867,0.1710907071828842,0.1636267006397247,0.123779957190857
20180625_hrrrt17_pk,10.0,0.98,42.29972076416016,33.62507247924805,0.1873961389064788,0.1141474545001983,0.1790593477957756
20180625_hrrrt17_npk,1.0,0.98,97.33504486083984,90.71597290039062,0.5072076320648193,0.4041635394096374,0.2934103923470263
20180625_hrrrt17_idw,1.0,0.98,30.695661544799805,23.302515029907227,0.2464624792337417,0.5790249705314636,0.1261717193614348
20180625_hrrrt17_ordinary_kriging,1.0,0.98,26.353073120117188,19.9119815826416,0.2151428014039993,0.4735321402549743,0.1174388177451407
20180625_hrrrt17_pk,1.0,0.98,84.94132232666016,75.1238021850586,0.412226140499115,0.3526861369609833,0.2703719960548306
20180625_hrrrt17_npk,20.0,0.98,19.14427375793457,14.78577995300293,0.0894254073500633,0.0495858862996101,0.0759500221671145
20180625_hrrrt17_idw,20.0,0.98,23.782299041748047,17.398229598999023,0.162557914853096,0.1764682531356811,0.1245619443566671
20180625_hrrrt17_ordinary_kriging,20.0,0.98,29.78988075256348,22.92370986938477,0.1934426873922348,0.1929799765348434,0.134609918207192
20180625_hrrrt17_pk,20.0,0.98,19.65876579284668,14.934789657592772,0.0856049135327339,0.0405451208353042,0.0634177055856451
20180625_hrrrt17_npk,30.0,0.98,16.444690704345703,12.21722412109375,0.0700693950057029,0.0463269650936126,0.0566243520205026
20180625_hrrrt17_idw,30.0,0.98,20.64020729064941,15.56485366821289,0.1464453488588333,0.146641731262207,0.101808262758541
20180625_hrrrt17_ordinary_kriging,30.0,0.98,28.05021476745605,22.14086532592773,0.181489422917366,0.1719306707382202,0.1208428769522599
20180625_hrrrt17_pk,30.0,0.98,15.967374801635742,12.273494720458984,0.0718696042895317,0.0334769189357757,0.0456329741916644
20180625_hrrrt17_npk,5.0,0.98,61.71468353271485,51.52312469482422,0.2821023166179657,0.1303196847438812,0.2309338832488336
20180625_hrrrt17_idw,5.0,0.98,27.651790618896484,20.474048614501957,0.1705663502216339,0.3375052809715271,0.1354000631476287
20180625_hrrrt17_ordinary_kriging,5.0,0.98,31.992170333862305,24.789310455322266,0.1951080113649368,0.274009644985199,0.1409472606580379
20180625_hrrrt17_pk,5.0,0.98,65.36629486083984,52.52042007446289,0.2854245007038116,0.1508911401033401,0.2730391854684463
20180626_hrrrt23_npk,10.0,0.98,56.43007659912109,46.58367156982422,0.2504739761352539,0.2450590431690216,0.1965773086557907
20180626_hrrrt23_idw,10.0,0.98,25.844715118408203,20.346895217895508,0.1894664019346237,0.4223847687244415,0.1015559912554692
20180626_hrrrt23_ordinary_kriging,10.0,0.98,28.060895919799805,22.5378360748291,0.2042129039764404,0.2677402794361114,0.1069000381673272
20180626_hrrrt23_pk,10.0,0.98,55.62245941162109,45.32124328613281,0.2398798018693924,0.2193839699029922,0.1965889506711979
20180626_hrrrt23_npk,1.0,0.98,127.74800872802734,118.35700225830078,0.5844414830207825,0.5061715245246887,0.397182862412283
20180626_hrrrt23_idw,1.0,0.98,30.06024932861328,23.97904396057129,0.1976313889026641,0.6486933827400208,0.0925567923909528
20180626_hrrrt23_ordinary_kriging,1.0,0.98,27.82310676574707,22.2874755859375,0.1952294409275055,0.5560804009437561,0.1100955966606845
20180626_hrrrt23_pk,1.0,0.98,91.88126373291016,81.2494125366211,0.4088201820850372,0.3873006403446197,0.3185363261588314
20180626_hrrrt23_npk,20.0,0.98,15.310458183288574,11.503204345703123,0.0809021294116973,0.0524318255484104,0.0477894382734507
20180626_hrrrt23_idw,20.0,0.98,25.09283828735352,18.66249656677246,0.195947915315628,0.2253187000751495,0.0923924302641
20180626_hrrrt23_ordinary_kriging,20.0,0.98,27.76049423217773,21.8071403503418,0.2138025760650634,0.2027904093265533,0.1019263512860487
20180626_hrrrt23_pk,20.0,0.98,15.516009330749512,11.890137672424316,0.0857573673129081,0.0471040569245815,0.060515981220247
20180626_hrrrt23_npk,30.0,0.98,14.39993381500244,10.391562461853027,0.0740166157484054,0.0428856611251831,0.0408374431148981
20180626_hrrrt23_idw,30.0,0.98,22.105899810791016,17.08089256286621,0.1776812970638275,0.1773492246866226,0.0783467314135068
20180626_hrrrt23_ordinary_kriging,30.0,0.98,28.747468948364254,23.384937286376957,0.2052429467439651,0.1679935306310653,0.0928729373230218
20180626_hrrrt23_pk,30.0,0.98,12.76395320892334,9.561674118041992,0.0696505010128021,0.0402714759111404,0.0442811547324458
20180626_hrrrt23_npk,5.0,0.98,84.1716079711914,71.4730224609375,0.3609314262866974,0.3269926905632019,0.3286520753646996
20180626_hrrrt23_idw,5.0,0.98,26.76295280456543,20.937049865722656,0.1913618296384811,0.4797141551971435,0.1039671784850387
20180626_hrrrt23_ordinary_kriging,5.0,0.98,27.794946670532227,21.969167709350582,0.1995056569576263,0.2923499345779419,0.1086148633286544
20180626_hrrrt23_pk,5.0,0.98,68.83335876464844,55.25534057617188,0.2859496772289276,0.274855226278305,0.2738196258712735
20180627_hrrrt18_npk,10.0,0.98,72.45206451416016,58.4852180480957,0.2871333360671997,0.2144084274768829,0.2834965683186491
20180627_hrrrt18_idw,10.0,0.98,17.325000762939453,12.016816139221191,0.1330361664295196,0.3276519179344177,0.0659025583980394
20180627_hrrrt18_ordinary_kriging,10.0,0.98,20.968629837036133,15.449145317077637,0.1458355337381363,0.1745700240135193,0.0757274086251012
20180627_hrrrt18_pk,10.0,0.98,65.33525848388672,52.641632080078125,0.2632473707199096,0.1997735947370529,0.2579136788385129
20180627_hrrrt18_npk,1.0,0.98,122.53550720214844,115.84812927246094,0.5596145987510681,0.5254054069519043,0.3443928042126999
20180627_hrrrt18_idw,1.0,0.98,21.788158416748047,16.37425994873047,0.1445126235485077,0.5479535460472107,0.0802878271155839
20180627_hrrrt18_ordinary_kriging,1.0,0.98,21.862354278564453,16.214496612548828,0.1456363350152969,0.5294443368911743,0.0827747431959126
20180627_hrrrt18_pk,1.0,0.98,106.33785247802734,95.97378540039062,0.4643114805221557,0.5433050394058228,0.3717938405939711
20180627_hrrrt18_npk,20.0,0.98,18.165977478027344,12.17424488067627,0.076196551322937,0.0406239479780197,0.0700131729340373
20180627_hrrrt18_idw,20.0,0.98,16.73455047607422,10.919743537902832,0.1373161971569061,0.1827184408903122,0.0593783316775925
20180627_hrrrt18_ordinary_kriging,20.0,0.98,20.71124649047852,14.837350845336914,0.156587615609169,0.15656478703022,0.073168520848527
20180627_hrrrt18_pk,20.0,0.98,16.91254234313965,11.588178634643556,0.0705921575427055,0.0324131101369857,0.0642959957190479
20180627_hrrrt18_npk,30.0,0.98,8.890018463134766,6.368549346923828,0.0464251227676868,0.0232291538268327,0.0250291874445135
20180627_hrrrt18_idw,30.0,0.98,16.251907348632812,10.968270301818848,0.1392068564891815,0.1348445266485214,0.0580999012469651
20180627_hrrrt18_ordinary_kriging,30.0,0.98,21.37010383605957,16.085773468017578,0.1626747548580169,0.1263913959264755,0.0711413630509166
20180627_hrrrt18_pk,30.0,0.98,9.945390701293944,6.9717326164245605,0.0560896731913089,0.0294493976980447,0.0231348714205791
20180627_hrrrt18_npk,5.0,0.98,70.13966369628906,58.86664962768555,0.2936752438545227,0.2022302597761154,0.2763246002774568
20180627_hrrrt18_idw,5.0,0.98,22.18214988708496,15.72815990447998,0.1545450091361999,0.3685539364814758,0.0787550454102508
20180627_hrrrt18_ordinary_kriging,5.0,0.98,22.780370712280277,16.5932674407959,0.1559221893548965,0.2432672679424286,0.0812251976569797
20180627_hrrrt18_pk,5.0,0.98,72.21998596191406,57.4184455871582,0.2885178327560425,0.209938108921051,0.3182047549633776
20180628_hrrrt20_npk,10.0,0.98,70.76653289794922,57.71114730834961,0.299328088760376,0.2428271025419235,0.221890953290739
20180628_hrrrt20_idw,10.0,0.98,22.172792434692383,17.057228088378906,0.205284982919693,0.3453215956687927,0.0779759694822607
20180628_hrrrt20_ordinary_kriging,10.0,0.98,24.301738739013672,19.235151290893555,0.215756356716156,0.1506841331720352,0.0808973396958274
20180628_hrrrt20_pk,10.0,0.98,68.4347915649414,53.80239868164063,0.2720762193202972,0.2331016212701797,0.2220620532168412
20180628_hrrrt20_npk,1.0,0.98,121.4659194946289,115.64373779296876,0.5783454179763794,0.5188612937927246,0.2831512149515259
20180628_hrrrt20_idw,1.0,0.98,24.83206367492676,19.746301651000977,0.2121833264827728,0.620274007320404,0.0812699811942912
20180628_hrrrt20_ordinary_kriging,1.0,0.98,24.301782608032227,19.15754508972168,0.2081803232431411,0.5613585114479065,0.0863170901829061
20180628_hrrrt20_pk,1.0,0.98,113.8925323486328,101.89800262451172,0.5151695013046265,0.5646010041236877,0.3833822851207592
20180628_hrrrt20_npk,20.0,0.98,12.84018325805664,9.314006805419922,0.082907423377037,0.0186768136918544,0.0440475523955557
20180628_hrrrt20_idw,20.0,0.98,19.68058204650879,13.9453763961792,0.2161480188369751,0.1787134110927581,0.0648274796904859
20180628_hrrrt20_ordinary_kriging,20.0,0.98,22.78986930847168,17.498321533203125,0.2290567308664322,0.146520659327507,0.0764268517364382
20180628_hrrrt20_pk,20.0,0.98,12.170936584472656,9.059428215026855,0.075961522758007,0.015438868664205,0.0401560175895775
20180628_hrrrt20_npk,30.0,0.98,7.569160461425781,5.660390377044678,0.0292041059583425,0.0137110855430364,0.0208352460790908
20180628_hrrrt20_idw,30.0,0.98,18.814062118530277,14.082635879516602,0.0840705186128616,0.1275430917739868,0.0629523020866998
20180628_hrrrt20_ordinary_kriging,30.0,0.98,23.471176147460938,18.84937286376953,0.1064311191439628,0.1133595257997512,0.0735396304730385
20180628_hrrrt20_pk,30.0,0.98,7.464600563049316,5.400881290435791,0.0290605314075946,0.0132926413789391,0.0173911022636312
20180628_hrrrt20_npk,5.0,0.98,88.26482391357422,74.39183044433594,0.3721978068351745,0.3195438981056213,0.3246436670274694
20180628_hrrrt20_idw,5.0,0.98,22.19403076171875,17.220966339111328,0.20472152531147,0.4199645519256592,0.0822870888562248
20180628_hrrrt20_ordinary_kriging,5.0,0.98,23.33745765686035,18.29316520690918,0.2113483101129531,0.2120943367481231,0.0847333050852758
20180628_hrrrt20_pk,5.0,0.98,74.91143798828125,60.11739349365234,0.3126073181629181,0.2568601965904236,0.2610643668627339
20180701_hrrrt20_npk,10.0,0.98,53.920169830322266,41.95985794067383,0.2523238956928253,0.1261869966983795,0.2343779951809853
20180701_hrrrt20_idw,10.0,0.98,22.398860931396484,17.924327850341797,0.1524228602647781,0.3372837901115417,0.1469028046482985
20180701_hrrrt20_ordinary_kriging,10.0,0.98,35.38042068481445,29.409818649291992,0.2405206561088562,0.3137386441230774,0.191014070721697
20180701_hrrrt20_pk,10.0,0.98,60.39875793457031,47.74614334106445,0.2834783792495727,0.137406900525093,0.2844050914195396
20180701_hrrrt20_npk,1.0,0.98,100.61965942382812,94.22879791259766,0.5491449236869812,0.3662260472774505,0.3775744255741239
20180701_hrrrt20_idw,1.0,0.98,25.60098648071289,20.453895568847656,0.1732989698648452,0.5467912554740906,0.1684950681718581
20180701_hrrrt20_ordinary_kriging,1.0,0.98,37.10850524902344,31.126972198486328,0.2512561380863189,0.4769797325134277,0.2002848774836337
20180701_hrrrt20_pk,1.0,0.98,78.09625244140625,67.47469329833984,0.387273758649826,0.2699935436248779,0.2985719957240397
20180701_hrrrt20_npk,20.0,0.98,18.83353805541992,14.331706047058104,0.091410182416439,0.0642838180065155,0.0570007709492975
20180701_hrrrt20_idw,20.0,0.98,22.74606132507324,18.304851531982425,0.1672219187021255,0.1901926398277282,0.1508790952808851
20180701_hrrrt20_ordinary_kriging,20.0,0.98,29.105194091796875,23.393651962280277,0.2059656381607055,0.1660286635160446,0.1709554373788855
20180701_hrrrt20_pk,20.0,0.98,18.193361282348636,13.696755409240724,0.0908162519335746,0.0531543418765068,0.0403279163825106
20180701_hrrrt20_npk,30.0,0.98,11.008380889892578,8.531729698181152,0.0709773525595665,0.0464542359113693,0.0566748751742148
20180701_hrrrt20_idw,30.0,0.98,21.53638458251953,16.94769859313965,0.1666872054338455,0.1764849424362182,0.1340554709780049
20180701_hrrrt20_ordinary_kriging,30.0,0.98,22.352975845336918,16.41004180908203,0.1686196625232696,0.1233364194631576,0.139664910861947
20180701_hrrrt20_pk,30.0,0.98,10.503670692443848,7.8630690574646,0.0659869834780693,0.0480716377496719,0.0431791017167389
20180701_hrrrt20_npk,5.0,0.98,61.86684036254883,52.58350372314453,0.3085049092769623,0.1355764716863632,0.2753748059291396
20180701_hrrrt20_idw,5.0,0.98,25.255895614624023,20.54727554321289,0.1721560060977935,0.3721209466457367,0.1685373663014805
20180701_hrrrt20_ordinary_kriging,5.0,0.98,34.571868896484375,28.52492332458496,0.2316072136163711,0.2377129793167114,0.1918177248282771
20180701_hrrrt20_pk,5.0,0.98,60.85389709472656,49.39383316040039,0.3009048402309418,0.1307318806648254,0.3360120201404908
20180704_hrrrt21_npk,10.0,0.98,64.57801055908203,54.60130310058594,0.2913032174110412,0.2470671683549881,0.3121551013141755
20180704_hrrrt21_idw,10.0,0.98,19.60911750793457,14.241930961608888,0.1404513865709304,0.2778460085391998,0.09103154257923
20180704_hrrrt21_ordinary_kriging,10.0,0.98,25.40814018249512,19.450502395629883,0.166857972741127,0.173566460609436,0.1020253715928979
20180704_hrrrt21_pk,10.0,0.98,41.469974517822266,32.36350631713867,0.1849143207073211,0.1289673596620559,0.2144571639935435
20180704_hrrrt21_npk,1.0,0.98,111.46317291259766,103.76725769042967,0.5260785818099976,0.5253756046295166,0.3571378921987348
20180704_hrrrt21_idw,1.0,0.98,25.63372802734375,19.285749435424805,0.1659572124481201,0.5682860612869263,0.1063392158856266
20180704_hrrrt21_ordinary_kriging,1.0,0.98,25.881834030151367,19.487672805786133,0.16713447868824,0.4939472079277038,0.1061947197152206
20180704_hrrrt21_pk,1.0,0.98,87.88438415527344,77.99688720703125,0.3987609446048736,0.5349408388137817,0.3251955306554733
20180704_hrrrt21_npk,20.0,0.98,13.798983573913574,9.324992179870604,0.0588168315589427,0.02431071549654,0.073074052846776
20180704_hrrrt21_idw,20.0,0.98,16.189977645874023,10.753738403320312,0.124681532382965,0.1634254455566406,0.0745936470466139
20180704_hrrrt21_ordinary_kriging,20.0,0.98,23.760406494140625,18.22490119934082,0.1633518636226654,0.1584078669548034,0.0961999276164153
20180704_hrrrt21_pk,20.0,0.98,20.63278579711914,12.595245361328123,0.076201431453228,0.0323009267449379,0.1040958307672091
20180704_hrrrt21_npk,30.0,0.98,6.724842071533203,5.024755954742432,0.0418892800807952,0.0107276076450943,0.0357679550375349
20180704_hrrrt21_idw,30.0,0.98,15.862170219421388,10.478033065795898,0.1308547556400299,0.1325229704380035,0.0678185458983676
20180704_hrrrt21_ordinary_kriging,30.0,0.98,24.781957626342773,19.073570251464844,0.173471987247467,0.1504572331905365,0.0920538519146026
20180704_hrrrt21_pk,30.0,0.98,6.739624500274658,4.977606296539307,0.0341593921184539,0.0097079472616314,0.0316794324114013
20180704_hrrrt21_npk,5.0,0.98,69.29932403564453,62.56731796264648,0.3346090912818908,0.2617596983909607,0.3003985866550669
20180704_hrrrt21_idw,5.0,0.98,25.397315979003903,18.982013702392575,0.1677760630846023,0.3359077572822571,0.1019432718905784
20180704_hrrrt21_ordinary_kriging,5.0,0.98,28.32152366638184,21.85842704772949,0.1816242188215255,0.1938321590423584,0.1044283221886237
20180704_hrrrt21_pk,5.0,0.98,59.01920700073242,48.08358001708984,0.2649163603782654,0.2056222856044769,0.3196204844881274
20180705_hrrrt18_npk,10.0,0.98,78.56635284423828,63.5646858215332,0.3032843172550201,0.2599143981933594,0.2090848886384513
20180705_hrrrt18_idw,10.0,0.98,25.000547409057617,20.778409957885746,0.1554387509822845,0.2409158051013946,0.1150407231491424
20180705_hrrrt18_ordinary_kriging,10.0,0.98,27.10230255126953,22.5538387298584,0.1641317009925842,0.1308598071336746,0.112099917878507
20180705_hrrrt18_pk,10.0,0.98,66.67682647705078,52.83038330078125,0.256299614906311,0.2021343857049942,0.1327628106872106
20180705_hrrrt18_npk,1.0,0.98,124.2963638305664,116.67406463623048,0.5593884587287903,0.544305682182312,0.3517775499039003
20180705_hrrrt18_idw,1.0,0.98,24.957178115844727,20.713756561279297,0.1563341617584228,0.5496103763580322,0.1205445634784655
20180705_hrrrt18_ordinary_kriging,1.0,0.98,23.52256202697754,18.475099563598636,0.1441640108823776,0.4685366749763489,0.1123742301349883
20180705_hrrrt18_pk,1.0,0.98,107.80880737304688,94.0576171875,0.4390647709369659,0.4873394072055816,0.3320565634840933
20180705_hrrrt18_npk,20.0,0.98,16.158771514892578,11.984742164611816,0.0846746489405632,0.0622934624552726,0.0607465324603526
20180705_hrrrt18_idw,20.0,0.98,17.136005401611328,11.16478443145752,0.1257935464382171,0.1533135920763015,0.0953925060766292
20180705_hrrrt18_ordinary_kriging,20.0,0.98,16.3837947845459,11.286237716674805,0.1260655373334884,0.1154889985918998,0.0850251629963378
20180705_hrrrt18_pk,20.0,0.98,14.138330459594728,10.275297164916992,0.0688365027308464,0.051472932100296,0.0521680352651981
20180705_hrrrt18_npk,30.0,0.98,10.81291389465332,7.412133693695068,0.0536800697445869,0.0433355569839477,0.0240123147894868
20180705_hrrrt18_idw,30.0,0.98,12.985884666442873,9.328452110290527,0.1197054162621498,0.1233425438404083,0.0716752906315009
20180705_hrrrt18_ordinary_kriging,30.0,0.98,13.314011573791504,9.449790954589844,0.1216934844851493,0.1038827076554298,0.06637298854417
20180705_hrrrt18_pk,30.0,0.98,10.476181030273438,7.306901454925537,0.0557919517159462,0.0411817133426666,0.0273994959830674
20180705_hrrrt18_npk,5.0,0.98,105.73563385009766,87.56680297851562,0.4029673933982849,0.3199034929275512,0.3537965799025263
20180705_hrrrt18_idw,5.0,0.98,26.401721954345703,22.32117080688477,0.1587094366550445,0.3035619854927063,0.1179966062989776
20180705_hrrrt18_ordinary_kriging,5.0,0.98,29.75994682312012,25.726362228393555,0.1757295876741409,0.1911178231239318,0.1213168801595174
20180705_hrrrt18_pk,5.0,0.98,87.44287109375,69.8093032836914,0.3238026201725006,0.2668378949165344,0.2572396746957175
20180709_hrrrt23_npk,10.0,0.98,69.5867691040039,57.01329040527344,0.2941343486309051,0.2516053020954132,0.2672254612526786
20180709_hrrrt23_idw,10.0,0.98,25.10613250732422,19.73365974426269,0.1653488725423813,0.426651120185852,0.1106271744230437
20180709_hrrrt23_ordinary_kriging,10.0,0.98,28.977296829223636,23.780851364135746,0.1924383044242859,0.1969385594129562,0.1210950314811723
20180709_hrrrt23_pk,10.0,0.98,54.446571350097656,43.31096649169922,0.2195415049791336,0.1735734343528747,0.197320092401061
20180709_hrrrt23_npk,1.0,0.98,111.9260025024414,104.3900375366211,0.5423863530158997,0.4335526823997497,0.295304198512754
20180709_hrrrt23_idw,1.0,0.98,29.190149307250977,23.52638053894043,0.1923027336597442,0.678552508354187,0.1230560425579194
20180709_hrrrt23_ordinary_kriging,1.0,0.98,39.571136474609375,33.13017654418945,0.2359823584556579,0.5570142865180969,0.0896330010617514
20180709_hrrrt23_pk,1.0,0.98,99.8445816040039,87.78717803955078,0.4577138125896454,0.477132499217987,0.3501194063653771
20180709_hrrrt23_npk,20.0,0.98,17.375627517700195,12.817516326904297,0.0738027319312095,0.0642058998346328,0.0555982329395321
20180709_hrrrt23_idw,20.0,0.98,23.93310165405273,18.394262313842773,0.1651351302862167,0.2027801424264907,0.0990440009117419
20180709_hrrrt23_ordinary_kriging,20.0,0.98,29.046077728271484,23.9060115814209,0.2011080980300903,0.1892851591110229,0.1152993272879184
20180709_hrrrt23_pk,20.0,0.98,19.60905265808105,13.684226989746094,0.0740861818194389,0.0577186420559883,0.0748753116428422
20180709_hrrrt23_npk,30.0,0.98,11.999476432800291,9.12203598022461,0.0546941496431827,0.0525669418275356,0.0367956665196755
20180709_hrrrt23_idw,30.0,0.98,22.858007431030277,17.943862915039062,0.1556234061717987,0.133857250213623,0.0913396919520802
20180709_hrrrt23_ordinary_kriging,30.0,0.98,30.62276077270508,25.94037628173828,0.2019059509038925,0.1445247232913971,0.1099930331058021
20180709_hrrrt23_pk,30.0,0.98,12.08576488494873,9.13693141937256,0.0475177839398384,0.0468076467514038,0.032588383003304
20180709_hrrrt23_npk,5.0,0.98,80.35391235351562,67.01207733154297,0.3516451120376587,0.2756865322589874,0.3466235911561733
20180709_hrrrt23_idw,5.0,0.98,30.36064910888672,23.22995948791504,0.1976534277200698,0.4848790764808655,0.120171351572817
20180709_hrrrt23_ordinary_kriging,5.0,0.98,32.32431411743164,25.19527244567871,0.2107660323381424,0.2402784526348114,0.1261420165004981
20180709_hrrrt23_pk,5.0,0.98,75.74628448486328,61.2442512512207,0.3213886618614197,0.2976434230804443,0.3152302656528148
20180712_hrrrt21_npk,10.0,0.98,73.52772521972656,60.382423400878906,0.2837509214878082,0.2520214915275574,0.2562878803695481
20180712_hrrrt21_idw,10.0,0.98,15.963581085205078,11.099538803100586,0.0809312090277671,0.3251371383666992,0.0556642233844717
20180712_hrrrt21_ordinary_kriging,10.0,0.98,19.340614318847656,14.51451015472412,0.096299223601818,0.1895374059677124,0.061168502231485
20180712_hrrrt21_pk,10.0,0.98,37.93937683105469,31.46773338317871,0.1477143317461013,0.1306629478931427,0.1014124562411321
20180712_hrrrt21_npk,1.0,0.98,124.82061004638672,117.49629974365234,0.5725692510604858,0.5233842134475708,0.366487540547225
20180712_hrrrt21_idw,1.0,0.98,19.18168830871582,13.193540573120115,0.1455233991146087,0.5972900390625,0.0604803339628144
20180712_hrrrt21_ordinary_kriging,1.0,0.98,23.97087860107422,18.097633361816406,0.1689138263463974,0.5318536758422852,0.0212452669888959
20180712_hrrrt21_pk,1.0,0.98,100.75727081298828,90.38748931884766,0.4433431029319763,0.4701513946056366,0.3327312559400142
20180712_hrrrt21_npk,20.0,0.98,17.074949264526367,12.496185302734377,0.0621288642287254,0.0433793812990188,0.0475533418464474
20180712_hrrrt21_idw,20.0,0.98,15.994935989379885,10.710711479187012,0.0829055607318878,0.2148391753435135,0.057036062508536
20180712_hrrrt21_ordinary_kriging,20.0,0.98,18.842472076416016,13.715593338012695,0.0996495708823204,0.1787823587656021,0.0646203726983026
20180712_hrrrt21_pk,20.0,0.98,18.012950897216797,13.372309684753418,0.064075618982315,0.0409231856465339,0.0471356037428644
20180712_hrrrt21_npk,30.0,0.98,9.339670181274414,6.930962562561035,0.0339881666004657,0.036392442882061,0.0300993014811552
20180712_hrrrt21_idw,30.0,0.98,16.05599594116211,10.924686431884766,0.082990176975727,0.1922401785850525,0.0557121904250454
20180712_hrrrt21_ordinary_kriging,30.0,0.98,19.401784896850582,14.46548080444336,0.1024694517254829,0.1727281063795089,0.0630626246718494
20180712_hrrrt21_pk,30.0,0.98,9.23565673828125,6.732746124267578,0.0324780344963073,0.0324228964745998,0.0314311514960076
20180712_hrrrt21_npk,5.0,0.98,80.12773895263672,67.93756103515625,0.3304881155490875,0.283042848110199,0.2698290286244131
20180712_hrrrt21_idw,5.0,0.98,16.99861717224121,11.444244384765623,0.1374259740114212,0.3693409562110901,0.061699198158367
20180712_hrrrt21_ordinary_kriging,5.0,0.98,19.54952621459961,13.718910217285156,0.1513644903898239,0.2585716247558594,0.0696166318262256
20180712_hrrrt21_pk,5.0,0.98,93.78529357910156,75.4814682006836,0.3738925457000732,0.3026617169380188,0.3900864178489576
20180712_hrrrt22_npk,10.0,0.98,76.90835571289062,63.38893508911133,0.2919289469718933,0.2916100323200226,0.2597906050805211
20180712_hrrrt22_idw,10.0,0.98,17.532363891601562,12.660157203674316,0.0896145403385162,0.3515447974205017,0.0616201451946471
20180712_hrrrt22_ordinary_kriging,10.0,0.98,20.8684196472168,15.83102798461914,0.1052220910787582,0.1821910291910171,0.0678248504909721
20180712_hrrrt22_pk,10.0,0.98,55.20778274536133,44.13335418701172,0.2020971477031707,0.1942318081855774,0.1642603445563716
20180712_hrrrt22_npk,1.0,0.98,127.28793334960938,119.75172424316406,0.5828107595443726,0.5258933305740356,0.397384117719801
20180712_hrrrt22_idw,1.0,0.98,21.40251922607422,15.013067245483398,0.1740203946828842,0.6356445550918579,0.0710650969762524
20180712_hrrrt22_ordinary_kriging,1.0,0.98,27.755088806152344,21.81336212158203,0.2026118040084839,0.5559774041175842,0.0362961722485565
20180712_hrrrt22_pk,1.0,0.98,106.42686462402344,95.79808044433594,0.456329345703125,0.4789725542068481,0.3301212402383354
20180712_hrrrt22_npk,20.0,0.98,18.147817611694336,13.294476509094238,0.0644342377781868,0.0450923554599285,0.0065957816983556
20180712_hrrrt22_idw,20.0,0.98,17.112625122070312,11.86725616455078,0.0907440409064292,0.2372979819774627,0.0618173752028609
20180712_hrrrt22_ordinary_kriging,20.0,0.98,20.36739921569824,14.921269416809082,0.1097196266055107,0.1918848603963852,0.0705498664706449
20180712_hrrrt22_pk,20.0,0.98,17.61872673034668,13.620944023132324,0.0642836242914199,0.0430491305887699,0.0171547983283044
20180712_hrrrt22_npk,30.0,0.98,10.104129791259766,7.1094841957092285,0.0364177301526069,0.0372896566987037,0.034106247117153
20180712_hrrrt22_idw,30.0,0.98,16.97858428955078,11.556137084960938,0.0914420038461685,0.2164599001407623,0.0589632311505141
20180712_hrrrt22_ordinary_kriging,30.0,0.98,20.537248611450195,14.896443367004396,0.1124665960669517,0.2045893669128418,0.0680712089273285
20180712_hrrrt22_pk,30.0,0.98,10.346510887145996,7.1802496910095215,0.0354044400155544,0.0328490175306797,0.0311065595233355
20180712_hrrrt22_npk,5.0,0.98,85.25102233886719,70.98869323730469,0.3415951430797577,0.293556272983551,0.2970386343188
20180712_hrrrt22_idw,5.0,0.98,18.14888572692871,13.052672386169434,0.1470114141702652,0.4026374816894531,0.0712130382920209
20180712_hrrrt22_ordinary_kriging,5.0,0.98,21.082054138183597,15.279805183410645,0.161357894539833,0.2544755935668945,0.0755881737136309
20180712_hrrrt22_pk,5.0,0.98,89.65137481689453,71.89775848388672,0.3426393270492553,0.3070079982280731,0.3357972578753796
20180716_hrrrt17_npk,10.0,0.98,36.288124084472656,30.48955726623535,0.2442603111267089,0.1018545851111412,0.2688507703052323
20180716_hrrrt17_idw,10.0,0.98,27.413938522338867,19.87550926208496,0.291587084531784,0.2808143496513366,0.225098537084639
20180716_hrrrt17_ordinary_kriging,10.0,0.98,37.54294204711914,29.141036987304688,0.3907065987586975,0.2636992335319519,0.2547048978178894
20180716_hrrrt17_pk,10.0,0.98,37.80167388916016,31.75813865661621,0.2654429376125335,0.1071384996175766,0.3098670775114689
20180716_hrrrt17_npk,1.0,0.98,66.65341186523438,60.597633361816406,0.4503274857997894,0.2585150897502899,0.335521292081924
20180716_hrrrt17_idw,1.0,0.98,56.25100326538086,44.37697219848633,0.6235474348068237,0.5806936621665955,0.2204753010628726
20180716_hrrrt17_ordinary_kriging,1.0,0.98,62.17548370361328,54.26799774169922,0.7296686172485352,0.5400111675262451,0.2898281153874459
20180716_hrrrt17_pk,1.0,0.98,29.741838455200195,25.539838790893555,0.2305853962898254,0.1447596698999405,0.1723280611172354
20180716_hrrrt17_npk,20.0,0.98,21.509449005126957,17.460786819458008,0.1386988013982772,0.0486527420580387,0.0600762542575312
20180716_hrrrt17_idw,20.0,0.98,26.41936683654785,19.29813766479492,0.2464786767959594,0.2175080627202987,0.1805864292123421
20180716_hrrrt17_ordinary_kriging,20.0,0.98,26.55167007446289,19.958498001098636,0.2709623277187347,0.1711966097354889,0.2010007565381936
20180716_hrrrt17_pk,20.0,0.98,20.43712043762207,15.999035835266112,0.1237301230430603,0.0414458476006984,0.0852669917763623
20180716_hrrrt17_npk,30.0,0.98,13.366456031799316,10.702580451965332,0.0849393680691719,0.0347508005797863,0.0809670889199192
20180716_hrrrt17_idw,30.0,0.98,22.40824317932129,15.712343215942385,0.2471137195825576,0.1842243820428848,0.1803801053002891
20180716_hrrrt17_ordinary_kriging,30.0,0.98,19.563953399658203,13.806137084960938,0.2441522628068924,0.1548272520303726,0.1650593870314993
20180716_hrrrt17_pk,30.0,0.98,12.855145454406738,10.061674118041992,0.0892245024442672,0.0354046113789081,0.0801298453135474
20180716_hrrrt17_npk,5.0,0.98,45.96065902709961,39.71197509765625,0.3034349977970123,0.1186220794916153,0.3276108702907757
20180716_hrrrt17_idw,5.0,0.98,29.338624954223636,21.68191146850586,0.3048820197582245,0.2927029728889465,0.2418771695476932
20180716_hrrrt17_ordinary_kriging,5.0,0.98,36.55857467651367,26.885406494140625,0.3486589789390564,0.2595265507698059,0.2430375028050494
20180716_hrrrt17_pk,5.0,0.98,27.99981689453125,23.062482833862305,0.1970222294330597,0.0998734906315803,0.2292757308818438
20180718_hrrrt22_npk,10.0,0.98,62.7186393737793,53.11662673950195,0.3083868324756622,0.1791750639677047,0.2480602062470005
20180718_hrrrt22_idw,10.0,0.98,20.487964630126957,15.490914344787598,0.2295089960098266,0.2852608263492584,0.100527053277126
20180718_hrrrt22_ordinary_kriging,10.0,0.98,25.329105377197266,19.186601638793945,0.2657320201396942,0.3809564411640167,0.1180063422728937
20180718_hrrrt22_pk,10.0,0.98,65.46202087402344,56.12392807006836,0.3220323920249939,0.1815486848354339,0.2760887577329541
20180718_hrrrt22_npk,1.0,0.98,114.41521453857422,108.45932006835938,0.5974351167678833,0.4465003907680511,0.3945429372098168
20180718_hrrrt22_idw,1.0,0.98,25.17060661315918,18.56878662109375,0.2426173388957977,0.5523647665977478,0.1135252474266235
20180718_hrrrt22_ordinary_kriging,1.0,0.98,27.49641227722168,20.121301651000977,0.2590656876564026,0.555039644241333,0.1236678412321164
20180718_hrrrt22_pk,1.0,0.98,85.05657958984375,78.44458770751953,0.4373168647289276,0.3632833063602447,0.2870218932938707
20180718_hrrrt22_npk,20.0,0.98,24.656497955322266,18.55874252319336,0.1039152145385742,0.0688484162092208,0.0415668563331386
20180718_hrrrt22_idw,20.0,0.98,18.97007942199707,14.123893737792969,0.2446180284023285,0.2269978076219558,0.0961570329082033
20180718_hrrrt22_ordinary_kriging,20.0,0.98,25.840978622436523,19.44614028930664,0.2860937416553497,0.2916610240936279,0.1141618014586433
20180718_hrrrt22_pk,20.0,0.98,20.825340270996094,15.768712043762209,0.0933258309960365,0.0627942010760307,0.0037976861972811
20180718_hrrrt22_npk,30.0,0.98,12.436589241027832,8.834728240966797,0.0562235563993454,0.0384932905435562,0.0214386309653416
20180718_hrrrt22_idw,30.0,0.98,18.053895950317383,13.277894020080566,0.2676596641540527,0.2096615433692932,0.095121896870957
20180718_hrrrt22_ordinary_kriging,30.0,0.98,25.944664001464844,19.92329216003418,0.3156730234622955,0.29264897108078,0.1109380998374909
20180718_hrrrt22_pk,30.0,0.98,12.681660652160645,9.176945686340332,0.0554822161793708,0.0333216823637485,0.0491483118024204
20180718_hrrrt22_npk,5.0,0.98,72.30435180664062,62.66598129272461,0.3463121354579925,0.190772458910942,0.3051265107880986
20180718_hrrrt22_idw,5.0,0.98,23.053525924682617,17.169065475463867,0.2312620431184768,0.3310906887054443,0.1026642807040275
20180718_hrrrt22_ordinary_kriging,5.0,0.98,25.939851760864254,19.4118709564209,0.2581072449684143,0.4151991009712219,0.1209403927866039
20180718_hrrrt22_pk,5.0,0.98,67.63301849365234,56.47146224975586,0.3209010660648346,0.1739092469215393,0.3200313731711165
20180722_hrrrt19_npk,10.0,0.98,31.367395401000977,24.41469955444336,0.1800725609064102,0.1406084597110748,0.1167032114692179
20180722_hrrrt19_idw,10.0,0.98,40.05338668823242,30.147544860839844,0.4100140631198883,0.3266412615776062,0.2548428083491572
20180722_hrrrt19_ordinary_kriging,10.0,0.98,49.211273193359375,38.36777877807617,0.510556697845459,0.3393757939338684,0.2790131297625626
20180722_hrrrt19_pk,10.0,0.98,33.23173522949219,25.56339263916016,0.1912008076906204,0.1333214342594146,0.1618786307036975
20180722_hrrrt19_npk,1.0,0.98,63.26322937011719,52.58555221557617,0.3571626245975494,0.2403278350830078,0.188474900612739
20180722_hrrrt19_idw,1.0,0.98,56.11563491821289,43.84788131713867,0.5423699617385864,0.5537113547325134,0.2673843674368759
20180722_hrrrt19_ordinary_kriging,1.0,0.98,60.35292816162109,50.11168670654297,0.6158285737037659,0.5362572073936462,0.2958241025745473
20180722_hrrrt19_pk,1.0,0.98,49.121673583984375,40.05709838867188,0.2903904914855957,0.2263759523630142,0.1504375732726658
20180722_hrrrt19_npk,20.0,0.98,19.906103134155277,13.697588920593262,0.1088341102004051,0.0795790627598762,0.0576361674420856
20180722_hrrrt19_idw,20.0,0.98,22.90848922729492,17.76624870300293,0.2637791335582733,0.1842011064291,0.1887217608310069
20180722_hrrrt19_ordinary_kriging,20.0,0.98,27.01994132995605,20.417150497436523,0.3012280762195587,0.2146507650613784,0.2111477748041813
20180722_hrrrt19_pk,20.0,0.98,19.19381332397461,13.895599365234377,0.1122809797525405,0.0896084159612655,0.0354415164779587
20180722_hrrrt19_npk,30.0,0.98,11.955796241760254,9.18863296508789,0.087310791015625,0.0875077545642852,0.0488577462053819
20180722_hrrrt19_idw,30.0,0.98,22.744647979736328,17.393653869628906,0.2775613963603973,0.1910975277423858,0.1794998361711008
20180722_hrrrt19_ordinary_kriging,30.0,0.98,21.26679229736328,15.647489547729492,0.2654207050800323,0.1950606107711792,0.1753171384600909
20180722_hrrrt19_pk,30.0,0.98,11.935075759887695,8.77055835723877,0.0814871042966842,0.0645434558391571,0.0353292670791503
20180722_hrrrt19_npk,5.0,0.98,35.89244079589844,28.955293655395508,0.2128507643938064,0.1600045412778854,0.1756338996491965
20180722_hrrrt19_idw,5.0,0.98,40.96890640258789,31.387975692749023,0.4127517938613891,0.3566239774227142,0.2662585292702725
20180722_hrrrt19_ordinary_kriging,5.0,0.98,45.20820236206055,32.806270599365234,0.4350665509700775,0.2914960980415344,0.2682686191457628
20180722_hrrrt19_pk,5.0,0.98,38.26593780517578,31.558019638061523,0.2464490979909896,0.1563791334629058,0.2992861804231654
20180728_hrrrt23_npk,10.0,0.98,62.93608856201172,52.22213363647461,0.2924482822418213,0.1969778090715408,0.2607968812455565
20180728_hrrrt23_idw,10.0,0.98,18.33543586730957,13.704909324645996,0.1616943329572677,0.2415670752525329,0.1110023925809576
20180728_hrrrt23_ordinary_kriging,10.0,0.98,27.88376235961914,22.0867919921875,0.2234547883272171,0.2859272360801697,0.1365444461930514
20180728_hrrrt23_pk,10.0,0.98,60.522220611572266,49.705596923828125,0.2762768864631653,0.1845641732215881,0.2548375845499832
20180728_hrrrt23_npk,1.0,0.98,94.146240234375,87.78697967529297,0.4887327253818512,0.436370700597763,0.3228121908050909
20180728_hrrrt23_idw,1.0,0.98,18.20405387878418,11.749013900756836,0.1571203172206878,0.5921173095703125,0.0640833805427057
20180728_hrrrt23_ordinary_kriging,1.0,0.98,24.700603485107425,19.14595603942871,0.2121436893939972,0.4934033751487732,0.1347136826649148
20180728_hrrrt23_pk,1.0,0.98,70.00875091552734,61.40410232543945,0.3480785191059112,0.403174489736557,0.2908522449310517
20180728_hrrrt23_npk,20.0,0.98,18.57084846496582,13.9951171875,0.0862029492855072,0.0494800247251987,0.0822567163948643
20180728_hrrrt23_idw,20.0,0.98,16.91027069091797,11.075984001159668,0.1647418588399887,0.1928198486566543,0.1059545755456814
20180728_hrrrt23_ordinary_kriging,20.0,0.98,27.090599060058597,21.168142318725582,0.2334436625242233,0.2158041596412658,0.1309382594426621
20180728_hrrrt23_pk,20.0,0.98,15.886614799499512,11.488917350769045,0.06976930052042,0.0311971642076969,0.0455672197164331
20180728_hrrrt23_npk,30.0,0.98,10.522391319274902,7.718619346618652,0.0483380667865276,0.0218724329024553,0.0527041836539121
20180728_hrrrt23_idw,30.0,0.98,14.113518714904783,8.944561004638672,0.1599699705839157,0.1625881493091583,0.0846531606879109
20180728_hrrrt23_ordinary_kriging,30.0,0.98,27.11164283752441,21.47559356689453,0.2434859871864318,0.2581352591514587,0.1219714625321951
20180728_hrrrt23_pk,30.0,0.98,9.643555641174316,7.296989917755127,0.0477404035627841,0.017650332301855,0.0456495891357956
20180728_hrrrt23_npk,5.0,0.98,68.58628845214844,57.44064712524414,0.3195369243621826,0.1909178346395492,0.3056284582834837
20180728_hrrrt23_idw,5.0,0.98,19.38690185546875,14.911099433898926,0.1611403971910476,0.2805998921394348,0.1163496133084935
20180728_hrrrt23_ordinary_kriging,5.0,0.98,28.807737350463867,23.256166458129883,0.2178073078393936,0.3346547782421112,0.1423302671312333
20180728_hrrrt23_pk,5.0,0.98,71.88642883300781,57.94400787353516,0.3232985138893127,0.1986881345510482,0.3472159489741946
20180802_hrrrt21_npk,10.0,0.98,70.22454071044922,59.58909606933594,0.3162590563297272,0.2246390283107757,0.2977211545679369
20180802_hrrrt21_idw,10.0,0.98,20.59402656555176,15.33767318725586,0.1991343945264816,0.3325653076171875,0.1164282841525342
20180802_hrrrt21_ordinary_kriging,10.0,0.98,29.73985481262207,23.80851554870605,0.2629034519195556,0.321492850780487,0.1298497901173561
20180802_hrrrt21_pk,10.0,0.98,48.31748580932617,39.5850944519043,0.207303375005722,0.1363416314125061,0.1844001879405784
20180802_hrrrt21_npk,1.0,0.98,116.64867401123048,107.59713745117188,0.5479092001914978,0.4527014791965484,0.3632335503915855
20180802_hrrrt21_idw,1.0,0.98,23.4289665222168,18.08900451660156,0.2101045846939087,0.5433447360992432,0.1244311981387542
20180802_hrrrt21_ordinary_kriging,1.0,0.98,29.013931274414062,23.266271591186523,0.247861236333847,0.5256564617156982,0.1331048605646546
20180802_hrrrt21_pk,1.0,0.98,90.6578369140625,80.8658218383789,0.4212055504322052,0.3345967531204223,0.354253102193698
20180802_hrrrt21_npk,20.0,0.98,17.049041748046875,12.321330070495604,0.0713368579745292,0.0400612466037273,0.0289191477052566
20180802_hrrrt21_idw,20.0,0.98,18.402122497558597,13.275251388549805,0.2037400007247924,0.169478565454483,0.1030232117096378
20180802_hrrrt21_ordinary_kriging,20.0,0.98,28.4853630065918,23.022275924682617,0.2720049619674682,0.183530569076538,0.123949219432936
20180802_hrrrt21_pk,20.0,0.98,17.819355010986328,12.606810569763184,0.0713138580322265,0.0358863323926925,0.014043869135603
20180802_hrrrt21_npk,30.0,0.98,8.951266288757324,6.6161088943481445,0.0411457307636737,0.0245816092938184,0.024722482482376
20180802_hrrrt21_idw,30.0,0.98,16.810184478759766,12.610878944396973,0.2129422575235366,0.147672101855278,0.0875156961856308
20180802_hrrrt21_ordinary_kriging,30.0,0.98,28.01826858520508,23.213041305541992,0.2785978317260742,0.1992240101099014,0.1141999256094313
20180802_hrrrt21_pk,30.0,0.98,9.13178539276123,6.65969181060791,0.0472578816115856,0.0255788415670394,0.0135152242791243
20180802_hrrrt21_npk,5.0,0.98,77.21664428710938,66.09429931640625,0.3519186079502105,0.2385123670101165,0.3557368033148077
20180802_hrrrt21_idw,5.0,0.98,21.36984062194824,15.901849746704102,0.1951963156461715,0.3767141699790954,0.1174030069139375
20180802_hrrrt21_ordinary_kriging,5.0,0.98,29.21420669555664,23.349178314208984,0.2538025379180908,0.2777376174926758,0.1317615695293668
20180802_hrrrt21_pk,5.0,0.98,58.52949523925781,48.341087341308594,0.2585837244987488,0.1736368983983993,0.2710933932675011
20180802_hrrrt23_npk,10.0,0.98,52.23601531982422,42.51505279541016,0.2260323315858841,0.1778065860271453,0.2109933378038906
20180802_hrrrt23_idw,10.0,0.98,24.710798263549805,18.266069412231445,0.223313957452774,0.3862429559230804,0.1397913565296374
20180802_hrrrt23_ordinary_kriging,10.0,0.98,35.123443603515625,28.04095458984375,0.2992652654647827,0.3366908431053161,0.1549643923062104
20180802_hrrrt23_pk,10.0,0.98,56.05387496948242,42.7618522644043,0.2232898622751236,0.1425130069255828,0.2194246065499674
20180802_hrrrt23_npk,1.0,0.98,114.26091766357422,107.25592041015624,0.555263876914978,0.4269181191921234,0.3162838438233091
20180802_hrrrt23_idw,1.0,0.98,26.948509216308597,21.139793395996094,0.230000302195549,0.5780133008956909,0.1472040226843989
20180802_hrrrt23_ordinary_kriging,1.0,0.98,33.71446228027344,27.5012321472168,0.2777258455753326,0.5270578861236572,0.1583431158890885
20180802_hrrrt23_pk,1.0,0.98,92.68814086914062,82.81754302978516,0.4265359044075012,0.3891017735004425,0.3036495996381444
20180802_hrrrt23_npk,20.0,0.98,21.31869506835937,14.519072532653809,0.0843963548541069,0.0446918010711669,0.0268697884519311
20180802_hrrrt23_idw,20.0,0.98,21.10947036743164,15.276472091674805,0.220915138721466,0.2043197154998779,0.1197218124757474
20180802_hrrrt23_ordinary_kriging,20.0,0.98,33.29964828491211,27.08880043029785,0.3048698604106903,0.2266097068786621,0.1465892492950404
20180802_hrrrt23_pk,20.0,0.98,19.0750789642334,12.966270446777344,0.075138159096241,0.0660654753446579,0.0500697466864303
20180802_hrrrt23_npk,30.0,0.98,10.326436042785645,7.439330577850342,0.0477635525166988,0.0303586944937706,0.027917296187979
20180802_hrrrt23_idw,30.0,0.98,18.91073036193848,14.5,0.2271545976400375,0.1716053485870361,0.0996646930388158
20180802_hrrrt23_ordinary_kriging,30.0,0.98,32.291160583496094,27.179218292236328,0.3071850538253784,0.2172612100839615,0.1335057948018456
20180802_hrrrt23_pk,30.0,0.98,9.971343040466309,7.364537239074707,0.0489709675312042,0.0203464459627866,0.0272333065870337
20180802_hrrrt23_npk,5.0,0.98,69.59886932373047,58.85714340209961,0.3085816502571106,0.2031156420707702,0.2960814850449013
20180802_hrrrt23_idw,5.0,0.98,25.23768424987793,18.6569881439209,0.2170596420764923,0.4258284866809845,0.1401314452747681
20180802_hrrrt23_ordinary_kriging,5.0,0.98,34.26616287231445,27.41623878479004,0.2871625125408172,0.299478530883789,0.1569539515392481
20180802_hrrrt23_pk,5.0,0.98,66.12962341308594,54.71192932128906,0.295989066362381,0.2106222212314605,0.3244689957619093
20180804_hrrrt21_npk,10.0,0.98,58.52463912963867,48.818824768066406,0.2570897042751312,0.2165400087833404,0.220590781629103
20180804_hrrrt21_idw,10.0,0.98,22.066932678222656,17.504474639892578,0.1560763269662857,0.4059446454048157,0.12679891006385
20180804_hrrrt21_ordinary_kriging,10.0,0.98,31.21749687194824,25.52915573120117,0.2128802686929702,0.334066241979599,0.1423699898892906
20180804_hrrrt21_pk,10.0,0.98,67.3127212524414,54.54940032958984,0.2798729836940765,0.2164711654186248,0.2434540175054773
20180804_hrrrt21_npk,1.0,0.98,112.24488067626952,104.44600677490234,0.5428332090377808,0.4268383681774139,0.3584690899408837
20180804_hrrrt21_idw,1.0,0.98,30.587940216064453,25.25665664672852,0.1975917518138885,0.618822455406189,0.1465031144990077
20180804_hrrrt21_ordinary_kriging,1.0,0.98,32.870399475097656,27.21819496154785,0.2123836576938629,0.5283600687980652,0.1472845706364327
20180804_hrrrt21_pk,1.0,0.98,96.79598236083984,86.30028533935547,0.4409915208816528,0.4424686729907989,0.3225979250105286
20180804_hrrrt21_npk,20.0,0.98,18.710277557373047,12.9575834274292,0.0687305033206939,0.0462837517261505,0.019693536588264
20180804_hrrrt21_idw,20.0,0.98,20.493871688842773,15.47879123687744,0.1602297872304916,0.1921833604574203,0.1158648384125096
20180804_hrrrt21_ordinary_kriging,20.0,0.98,31.000757217407227,25.05492782592773,0.2244481593370437,0.2020572870969772,0.137292477723556
20180804_hrrrt21_pk,20.0,0.98,21.49701690673828,15.693864822387695,0.0825458243489265,0.0389771983027458,0.0527225214300271
20180804_hrrrt21_npk,30.0,0.98,9.503816604614258,7.028940200805664,0.0407095476984977,0.0250207390636205,0.011576911803401
20180804_hrrrt21_idw,30.0,0.98,20.259593963623047,15.499302864074709,0.1694373786449432,0.1497563868761062,0.1057812854451711
20180804_hrrrt21_ordinary_kriging,30.0,0.98,31.072490692138672,25.337865829467773,0.2305012643337249,0.1882037222385406,0.1290740662897086
20180804_hrrrt21_pk,30.0,0.98,9.472097396850586,6.740455150604248,0.0429830886423587,0.0267269406467676,0.0196614950670607
20180804_hrrrt21_npk,5.0,0.98,62.779911041259766,54.00231170654297,0.281808853149414,0.2384929955005645,0.2373607206415755
20180804_hrrrt21_idw,5.0,0.98,22.84271240234375,17.93653678894043,0.1590285003185272,0.4430572688579559,0.1312777743355772
20180804_hrrrt21_ordinary_kriging,5.0,0.98,30.663982391357425,24.692445755004883,0.209593653678894,0.3081945776939392,0.1459763345235851
20180804_hrrrt21_pk,5.0,0.98,70.78305053710938,59.21287536621094,0.3202053904533386,0.2528767585754394,0.3356934440899107
20180805_hrrrt22_npk,10.0,0.98,66.56592559814453,54.5356674194336,0.2761746346950531,0.2222067415714264,0.2504086829168107
20180805_hrrrt22_idw,10.0,0.98,19.901199340820312,14.579061508178713,0.1919483095407486,0.3569032251834869,0.0981807618399294
20180805_hrrrt22_ordinary_kriging,10.0,0.98,25.733686447143555,19.801193237304688,0.2294321358203888,0.3007445931434631,0.106015518480783
20180805_hrrrt22_pk,10.0,0.98,60.84018707275391,50.122501373291016,0.2496471852064132,0.1906295120716095,0.220369091456475
20180805_hrrrt22_npk,1.0,0.98,110.7209701538086,102.88166046142578,0.5170992612838745,0.4734484553337097,0.3075497317978228
20180805_hrrrt22_idw,1.0,0.98,23.45417594909668,17.712770462036133,0.2051087617874145,0.5951512455940247,0.1068510142328556
20180805_hrrrt22_ordinary_kriging,1.0,0.98,25.573707580566406,19.598373413085938,0.2196758538484573,0.6036577820777893,0.1101048943583448
20180805_hrrrt22_pk,1.0,0.98,100.27188110351562,89.6991958618164,0.4451353251934051,0.4592379629611969,0.3394261305834048
20180805_hrrrt22_npk,20.0,0.98,17.884117126464844,12.107110023498535,0.0687378123402595,0.0285777747631073,0.0365539590169176
20180805_hrrrt22_idw,20.0,0.98,19.193965911865234,13.21757698059082,0.2038386315107345,0.171800896525383,0.0894833143105519
20180805_hrrrt22_ordinary_kriging,20.0,0.98,25.467241287231445,19.366493225097656,0.2469737082719802,0.167075902223587,0.1025731593292341
20180805_hrrrt22_pk,20.0,0.98,16.07785987854004,11.652104377746582,0.0646872445940971,0.0303652621805667,0.0248616856214876
20180805_hrrrt22_npk,30.0,0.98,8.630389213562012,6.461297035217285,0.0412272997200489,0.0229417271912097,0.0231702137628775
20180805_hrrrt22_idw,30.0,0.98,17.72714614868164,12.981171607971191,0.2101997137069702,0.1395071744918823,0.0745584508909741
20180805_hrrrt22_ordinary_kriging,30.0,0.98,24.89131164550781,19.522315979003903,0.2495319843292236,0.1620988547801971,0.0921793408206169
20180805_hrrrt22_pk,30.0,0.98,8.567195892333984,6.617107391357422,0.0422141179442405,0.0154600460082292,0.018034748340214
20180805_hrrrt22_npk,5.0,0.98,78.60440826416016,67.03622436523438,0.3392947912216186,0.2762759923934936,0.3255451193092349
20180805_hrrrt22_idw,5.0,0.98,20.741384506225582,15.084275245666504,0.1907948702573776,0.3973124623298645,0.0993161856901328
20180805_hrrrt22_ordinary_kriging,5.0,0.98,25.772573471069336,19.590442657470703,0.2262966930866241,0.2777138948440552,0.1083274001012645
20180805_hrrrt22_pk,5.0,0.98,72.15597534179688,59.31836700439453,0.2983811497688293,0.2303495109081268,0.3060103655272476
20180807_hrrrt20_npk,10.0,0.98,28.898120880126957,24.5942497253418,0.1961254477500915,0.0562105551362037,0.2475295368298382
20180807_hrrrt20_idw,10.0,0.98,25.774965286254883,20.105234146118164,0.2669779658317566,0.2051298171281814,0.2304043451561415
20180807_hrrrt20_ordinary_kriging,10.0,0.98,47.04056167602539,39.75020217895508,0.4749941527843475,0.3402450978755951,0.2830445800314496
20180807_hrrrt20_pk,10.0,0.98,22.683900833129883,17.782123565673828,0.1356044709682464,0.0356024615466594,0.1254695150806428
20180807_hrrrt20_npk,1.0,0.98,66.52887725830078,55.82667541503906,0.3703058362007141,0.365360677242279,0.2141516243161928
20180807_hrrrt20_idw,1.0,0.98,45.30361557006836,35.260108947753906,0.4051023125648498,0.5548621416091919,0.2266599557857897
20180807_hrrrt20_ordinary_kriging,1.0,0.98,58.308536529541016,48.19329452514648,0.5646878480911255,0.4690983295440674,0.2930774060039258
20180807_hrrrt20_pk,1.0,0.98,43.718658447265625,36.67739486694336,0.2716959714889526,0.2585555911064148,0.2542219293376507
20180807_hrrrt20_npk,20.0,0.98,17.937911987304688,12.289288520812988,0.0887819752097129,0.0308655351400375,0.0225538908481925
20180807_hrrrt20_idw,20.0,0.98,21.367284774780277,15.837656021118164,0.2039873450994491,0.1119976788759231,0.1873300725952272
20180807_hrrrt20_ordinary_kriging,20.0,0.98,23.906349182128903,18.87213897705078,0.2322589755058288,0.140029177069664,0.1990881128727827
20180807_hrrrt20_pk,20.0,0.98,15.497654914855955,11.42177963256836,0.0864052698016166,0.0272200889885425,0.0842851668287375
20180807_hrrrt20_npk,30.0,0.98,10.778225898742676,7.974895477294922,0.0690902769565582,0.0207044649869203,0.0978635398867562
20180807_hrrrt20_idw,30.0,0.98,16.675485610961914,13.072524070739746,0.2101493626832962,0.0899853035807609,0.1696594284026104
20180807_hrrrt20_ordinary_kriging,30.0,0.98,15.790325164794922,11.63424015045166,0.1912758350372314,0.1331599503755569,0.1487201459543043
20180807_hrrrt20_pk,30.0,0.98,10.612086296081545,7.834434509277344,0.0681974962353706,0.0190678350627422,0.0867795064408774
20180807_hrrrt20_npk,5.0,0.98,40.79920959472656,34.08787155151367,0.2515392601490021,0.0929329395294189,0.2528542014624561
20180807_hrrrt20_idw,5.0,0.98,29.52671813964844,22.08196258544922,0.2845333516597748,0.2602345943450928,0.2498139534720215
20180807_hrrrt20_ordinary_kriging,5.0,0.98,45.25872039794922,38.71146011352539,0.4428198337554931,0.3081481754779815,0.2876597103252846
20180807_hrrrt20_pk,5.0,0.98,28.14533424377441,24.03976249694824,0.20035320520401,0.0563203766942024,0.2548454421576682
20180808_hrrrt20_npk,10.0,0.98,56.31650924682617,45.18388748168945,0.2465081214904785,0.1860477477312088,0.1373293587291976
20180808_hrrrt20_idw,10.0,0.98,30.044456481933597,22.11771011352539,0.1524793356657028,0.3139851689338684,0.1444522216026011
20180808_hrrrt20_ordinary_kriging,10.0,0.98,31.97563934326172,24.350963592529297,0.1607845425605774,0.2087018191814422,0.1396046433187412
20180808_hrrrt20_pk,10.0,0.98,55.30706787109375,44.19474411010742,0.2365964502096176,0.1763363182544708,0.1217398582031593
20180808_hrrrt20_npk,1.0,0.98,105.25729370117188,92.52638244628906,0.521589457988739,0.4292955994606018,0.2760532790220493
20180808_hrrrt20_idw,1.0,0.98,40.86254501342773,31.365385055541992,0.2337782531976699,0.6082214117050171,0.1125103979344929
20180808_hrrrt20_ordinary_kriging,1.0,0.98,46.42554473876953,38.578895568847656,0.2858361601829529,0.4876153469085693,0.1903404348229669
20180808_hrrrt20_pk,1.0,0.98,84.62604522705078,71.090576171875,0.4063592255115509,0.3723447918891907,0.1828532643139983
20180808_hrrrt20_npk,20.0,0.98,17.14789581298828,12.939579010009766,0.0756438970565795,0.0518466532230377,0.0143848659467219
20180808_hrrrt20_idw,20.0,0.98,24.287622451782227,18.421422958374023,0.1542833745479583,0.1897660493850708,0.141558797578899
20180808_hrrrt20_ordinary_kriging,20.0,0.98,21.826744079589844,15.99481201171875,0.1273010224103927,0.1568155884742736,0.1318189487941131
20180808_hrrrt20_pk,20.0,0.98,19.886903762817383,14.86122703552246,0.0848113372921943,0.0429790802299976,0.0521415157614962
20180808_hrrrt20_npk,30.0,0.98,17.534067153930664,12.056485176086426,0.0690405592322349,0.0403547920286655,0.0687990396986384
20180808_hrrrt20_idw,30.0,0.98,22.300048828125,16.224546432495117,0.1368077248334884,0.1660374104976654,0.1324802065278016
20180808_hrrrt20_ordinary_kriging,30.0,0.98,20.858232498168945,14.497559547424316,0.1178732514381408,0.1518940776586532,0.1212911085760111
20180808_hrrrt20_pk,30.0,0.98,14.2802734375,10.006975173950195,0.0540678724646568,0.0321373306214809,0.074429255747693
20180808_hrrrt20_npk,5.0,0.98,69.67700958251953,58.14670944213867,0.3260467052459717,0.2004297375679016,0.1592500888982906
20180808_hrrrt20_idw,5.0,0.98,25.651025772094727,19.17137718200684,0.1830048263072967,0.3559758067131042,0.1597852776990692
20180808_hrrrt20_ordinary_kriging,5.0,0.98,28.433931350708008,21.574254989624023,0.1985712945461273,0.1967373937368393,0.1551761846488783
20180808_hrrrt20_pk,5.0,0.98,61.58846282958984,50.17527770996094,0.2844777107238769,0.1730003505945205,0.1585679122064156
20180810_hrrrt23_npk,10.0,0.98,68.8233642578125,56.04339599609375,0.3425954580307007,0.2269723266363144,0.127855325283839
20180810_hrrrt23_idw,10.0,0.98,41.01371383666992,27.034988403320312,0.3203718066215515,0.3959032893180847,0.206301765455311
20180810_hrrrt23_ordinary_kriging,10.0,0.98,41.82304763793945,28.59723281860352,0.3266817331314087,0.3453284204006195,0.2134624723166998
20180810_hrrrt23_pk,10.0,0.98,48.46483612060547,38.20588302612305,0.24992536008358,0.1960446387529373,0.0941350745112386
20180810_hrrrt23_npk,1.0,0.98,99.4568328857422,90.85379791259766,0.5207860469818115,0.3675336539745331,0.0990197264379729
20180810_hrrrt23_idw,1.0,0.98,37.04755401611328,24.640039443969727,0.2850427031517029,0.5901259183883667,0.2057317477969799
20180810_hrrrt23_ordinary_kriging,1.0,0.98,45.596134185791016,34.193294525146484,0.3480151891708374,0.5113028883934021,0.231407667465438
20180810_hrrrt23_pk,1.0,0.98,90.37789916992188,77.35245513916016,0.45083749294281,0.3499724268913269,0.2939404912755519
20180810_hrrrt23_npk,20.0,0.98,33.282711029052734,19.972536087036133,0.2369017153978347,0.1198824346065521,0.1800010767159218
20180810_hrrrt23_idw,20.0,0.98,44.07550430297852,26.166616439819336,0.3583845198154449,0.2763625979423523,0.2091030176226489
20180810_hrrrt23_ordinary_kriging,20.0,0.98,49.26219940185547,35.9884033203125,0.4090787470340729,0.3819248676300049,0.2240367860950695
20180810_hrrrt23_pk,20.0,0.98,23.35533905029297,15.627368927001951,0.1661609262228012,0.1160190254449844,0.1397855364352071
20180810_hrrrt23_npk,30.0,0.98,15.641511917114258,11.329846382141112,0.0709480196237564,0.0631574019789695,0.0457939877869369
20180810_hrrrt23_idw,30.0,0.98,22.25130653381348,17.80125617980957,0.1133818700909614,0.1838203817605972,0.1138364364497646
20180810_hrrrt23_ordinary_kriging,30.0,0.98,23.422548294067383,17.398883819580078,0.1149575784802436,0.1737860739231109,0.1131062543590327
20180810_hrrrt23_pk,30.0,0.98,16.23223114013672,11.914831161499023,0.0720734447240829,0.0590231604874134,0.0615555649835211
20180810_hrrrt23_npk,5.0,0.98,85.81279754638672,72.06808471679688,0.3994491994380951,0.246052011847496,0.2047346843219757
20180810_hrrrt23_idw,5.0,0.98,39.83175277709961,27.628725051879883,0.3066073060035705,0.4306500852108001,0.2099959309639616
20180810_hrrrt23_ordinary_kriging,5.0,0.98,45.647560119628906,33.92060470581055,0.3492181897163391,0.4459945261478424,0.22798819168082
20180810_hrrrt23_pk,5.0,0.98,78.19176483154297,61.73951721191406,0.358301967382431,0.2121226340532302,0.2234609477949544
20180811_hrrrt23_npk,10.0,0.98,78.29015350341797,60.79793930053711,0.3267834782600403,0.2685741782188415,0.3182503013363239
20180811_hrrrt23_idw,10.0,0.98,28.067506790161133,22.33875846862793,0.2244192063808441,0.33391273021698,0.1631329298194638
20180811_hrrrt23_ordinary_kriging,10.0,0.98,32.35931396484375,25.312448501586918,0.2235036939382553,0.3185465335845947,0.1095943154496162
20180811_hrrrt23_pk,10.0,0.98,70.81208801269531,52.75357055664063,0.2774907648563385,0.2212992906570434,0.2733260375353378
20180811_hrrrt23_npk,1.0,0.98,121.66354370117188,109.45660400390624,0.5688656568527222,0.4970747828483581,0.2954755632450516
20180811_hrrrt23_idw,1.0,0.98,84.92212677001953,73.51380920410156,0.4509609043598175,0.6776015758514404,0.2389020364314942
20180811_hrrrt23_ordinary_kriging,1.0,0.98,86.00035095214844,79.96376037597656,0.4754794836044311,0.5992212891578674,0.1896759359575466
20180811_hrrrt23_pk,1.0,0.98,111.50397491455078,95.88917541503906,0.5013334155082703,0.4750120341777801,0.3910703524969612
20180811_hrrrt23_npk,20.0,0.98,23.58558464050293,16.192554473876953,0.1016114875674247,0.0957834646105766,0.0815175062536355
20180811_hrrrt23_idw,20.0,0.98,32.06688690185547,22.12358856201172,0.2691820859909057,0.2094219923019409,0.1648794245524091
20180811_hrrrt23_ordinary_kriging,20.0,0.98,28.84489250183105,20.11687469482422,0.244361013174057,0.2160289585590362,0.1561115961751679
20180811_hrrrt23_pk,20.0,0.98,24.60124015808105,16.9755859375,0.1029876619577407,0.0915161371231079,0.0748028384127629
20180811_hrrrt23_npk,30.0,0.98,16.201679229736328,11.143653869628906,0.0763454809784889,0.0638265460729599,0.0182181679134788
20180811_hrrrt23_idw,30.0,0.98,25.88673591613769,18.285564422607425,0.2454233467578888,0.1854141056537628,0.1414694808708701
20180811_hrrrt23_ordinary_kriging,30.0,0.98,23.30353546142578,16.27789306640625,0.2148528099060058,0.2183730900287628,0.1244987761116381
20180811_hrrrt23_pk,30.0,0.98,15.685861587524414,10.92070484161377,0.0705899372696876,0.0580627657473087,0.0302528123921257
20180811_hrrrt23_npk,5.0,0.98,78.3767318725586,66.00924682617188,0.3514977395534515,0.2519857585430145,0.276221161054403
20180811_hrrrt23_idw,5.0,0.98,26.17756080627441,21.08119201660156,0.2305117845535278,0.3646933436393738,0.1518550002831873
20180811_hrrrt23_ordinary_kriging,5.0,0.98,28.57673454284668,22.077852249145508,0.2188854664564132,0.2769157290458679,0.1072162062519752
20180811_hrrrt23_pk,5.0,0.98,77.89956665039062,62.473087310791016,0.3291668593883514,0.2106042355298996,0.3004050022004869
20180817_hrrrt20_npk,10.0,0.98,63.88607025146485,52.17819213867188,0.2890300750732422,0.2047804296016693,0.2707777431753966
20180817_hrrrt20_idw,10.0,0.98,20.613784790039062,16.063467025756836,0.1515255719423294,0.3456504940986633,0.1000047448617094
20180817_hrrrt20_ordinary_kriging,10.0,0.98,26.367965698242188,20.519392013549805,0.1847182065248489,0.3829998075962066,0.1235857960285581
20180817_hrrrt20_pk,10.0,0.98,54.995582580566406,42.99628829956055,0.2413871884346008,0.1617479771375656,0.2332372249158139
20180817_hrrrt20_npk,1.0,0.98,99.5139617919922,90.6854019165039,0.4975087344646454,0.3979134857654571,0.3324227355945108
20180817_hrrrt20_idw,1.0,0.98,28.58061981201172,22.49137115478516,0.2016246765851974,0.5325134992599487,0.0999169214636761
20180817_hrrrt20_ordinary_kriging,1.0,0.98,29.936880111694336,23.759614944458008,0.2193092554807663,0.5646107792854309,0.1284792552216493
20180817_hrrrt20_pk,1.0,0.98,77.92245483398438,68.59590148925781,0.3781071901321411,0.3070793747901916,0.2721760312390536
20180817_hrrrt20_npk,20.0,0.98,22.188486099243164,16.376564025878906,0.0912158191204071,0.0680052489042282,0.0397318504218488
20180817_hrrrt20_idw,20.0,0.98,21.32780265808105,16.34910011291504,0.1693445444107055,0.1992181837558746,0.1084021037637214
20180817_hrrrt20_ordinary_kriging,20.0,0.98,26.24683380126953,20.638694763183597,0.1998558640480041,0.2508192062377929,0.1210462991816715
20180817_hrrrt20_pk,20.0,0.98,22.796823501586918,15.848698616027832,0.0905672088265419,0.0696777701377868,0.055181659292348
20180817_hrrrt20_npk,30.0,0.98,19.09898567199707,13.533473014831545,0.0742054805159568,0.0462212599813938,0.0554303679755894
20180817_hrrrt20_idw,30.0,0.98,21.0683708190918,15.742329597473145,0.1675460189580917,0.1859707832336425,0.1010770866187261
20180817_hrrrt20_ordinary_kriging,30.0,0.98,27.53412437438965,21.342050552368164,0.2033017575740814,0.2408157289028167,0.1136320971357277
20180817_hrrrt20_pk,30.0,0.98,19.04291343688965,13.308002471923828,0.0716756880283355,0.0365304499864578,0.059848127977067
20180817_hrrrt20_npk,5.0,0.98,73.41490173339844,63.7767219543457,0.3592435419559479,0.2164161056280136,0.3262819437462245
20180817_hrrrt20_idw,5.0,0.98,21.840770721435547,17.087100982666016,0.16026671230793,0.3888586163520813,0.107475094470928
20180817_hrrrt20_ordinary_kriging,5.0,0.98,26.11888694763184,20.532373428344727,0.1867674887180328,0.4032541811466217,0.1248752129824101
20180817_hrrrt20_pk,5.0,0.98,57.77357482910156,46.22450637817383,0.2607527077198028,0.1630773395299911,0.2639580380081302
20180819_hrrrt17_npk,10.0,0.98,59.69850540161133,48.149715423583984,0.3233836889266968,0.1223414540290832,0.3901728306010193
20180819_hrrrt17_idw,10.0,0.98,27.129045486450195,22.049633026123047,0.2350787967443466,0.3016362488269806,0.1531464625575917
20180819_hrrrt17_ordinary_kriging,10.0,0.98,29.34248733520508,23.702468872070312,0.2482383400201797,0.1454482525587082,0.1396852755821314
20180819_hrrrt17_pk,10.0,0.98,52.67206573486328,41.78669357299805,0.2850562930107116,0.0975190997123718,0.3343111080492602
20180819_hrrrt17_npk,1.0,0.98,87.42076110839844,70.64620208740234,0.4249062836170196,0.2539578676223755,0.2502889595096882
20180819_hrrrt17_idw,1.0,0.98,39.97248458862305,32.41888427734375,0.2734958827495575,0.5325738787651062,0.2185440934644587
20180819_hrrrt17_ordinary_kriging,1.0,0.98,58.575496673583984,47.36982345581055,0.5240795016288757,0.4175328016281128,0.2763287227327635
20180819_hrrrt17_pk,1.0,0.98,66.44258880615234,54.93511581420898,0.3604637682437897,0.162148430943489,0.3810343441891064
20180819_hrrrt17_npk,20.0,0.98,21.445810317993164,15.286848068237305,0.1292925179004669,0.0396981723606586,0.0923104702988328
20180819_hrrrt17_idw,20.0,0.98,31.70034408569336,24.408910751342773,0.3440983295440674,0.1446613371372223,0.2582950067178085
20180819_hrrrt17_ordinary_kriging,20.0,0.98,22.292970657348636,16.736038208007812,0.2330636233091354,0.0888132080435752,0.1974057634246031
20180819_hrrrt17_pk,20.0,0.98,20.89372444152832,14.594603538513184,0.1240512132644653,0.0420635417103767,0.0997051688450135
20180819_hrrrt17_npk,30.0,0.98,19.49594116210937,13.102161407470703,0.1090999245643615,0.0345502644777298,0.1183288303889121
20180819_hrrrt17_idw,30.0,0.98,25.07072257995605,18.473501205444336,0.2200644314289093,0.08893583714962,0.183788838452521
20180819_hrrrt17_ordinary_kriging,30.0,0.98,17.857759475708008,13.116456985473633,0.1704269796609878,0.0828454494476318,0.1329266353610952
20180819_hrrrt17_pk,30.0,0.98,19.0157413482666,12.605727195739746,0.1031736880540847,0.0325137786567211,0.1062611476570638
20180819_hrrrt17_npk,5.0,0.98,55.09012985229492,45.48201370239258,0.3100140988826751,0.1082836017012596,0.3492578254806177
20180819_hrrrt17_idw,5.0,0.98,26.053295135498047,20.48381233215332,0.1985930502414703,0.3591348826885223,0.1462162419424378
20180819_hrrrt17_ordinary_kriging,5.0,0.98,26.83767509460449,20.461715698242188,0.2157386988401413,0.1009303256869316,0.1659099889327432
20180819_hrrrt17_pk,5.0,0.98,56.21207427978516,45.77549362182617,0.3236430585384369,0.1033295318484306,0.4093667590251331
20180823_hrrrt17_npk,10.0,0.98,20.69324111938477,16.450502395629883,0.196497842669487,0.0697864666581153,0.1147384020282974
20180823_hrrrt17_idw,10.0,0.98,39.88162612915039,30.58204460144043,0.4699902832508087,0.3139963150024414,0.3321110926674481
20180823_hrrrt17_ordinary_kriging,10.0,0.98,58.88873672485352,49.90887069702149,0.761238694190979,0.4092307090759277,0.4124698779407156
20180823_hrrrt17_pk,10.0,0.98,13.474969863891602,10.923757553100586,0.1347775310277938,0.0482417978346347,0.0305881444060621
20180823_hrrrt17_npk,1.0,0.98,72.65754699707031,58.64274978637695,0.559729278087616,0.3398586809635162,0.1114451330786042
20180823_hrrrt17_idw,1.0,0.98,54.803497314453125,43.67677688598633,0.6725461483001709,0.5801637768745422,0.3969500139954997
20180823_hrrrt17_ordinary_kriging,1.0,0.98,59.75665283203125,49.26430130004883,0.7497841715812683,0.4620590507984161,0.4259988228159226
20180823_hrrrt17_pk,1.0,0.98,44.994136810302734,34.6664924621582,0.3722469806671142,0.2352067530155182,0.2942050373491044
20180823_hrrrt17_npk,20.0,0.98,19.478099822998047,13.422032356262209,0.162612959742546,0.0460152998566627,0.1132273839921478
20180823_hrrrt17_idw,20.0,0.98,17.098148345947266,12.39670467376709,0.1899111270904541,0.1190777197480201,0.2419669219326864
20180823_hrrrt17_ordinary_kriging,20.0,0.98,21.923967361450195,15.071101188659668,0.2307176887989044,0.1129343062639236,0.2629733907258237
20180823_hrrrt17_pk,20.0,0.98,13.469934463500977,10.123353958129885,0.1162055432796478,0.0352547466754913,0.0807360657441997
20180823_hrrrt17_npk,30.0,0.98,8.96617317199707,6.657252311706543,0.0650910437107086,0.0231780409812927,0.0953415892709392
20180823_hrrrt17_idw,30.0,0.98,17.00482940673828,12.461297035217283,0.1250306069850921,0.0981544256210327,0.1944575092999379
20180823_hrrrt17_ordinary_kriging,30.0,0.98,15.803226470947266,10.693862915039062,0.1079827472567558,0.0689755007624626,0.1715459637918238
20180823_hrrrt17_pk,30.0,0.98,9.708281517028809,7.341042518615723,0.0699172466993331,0.0243964325636625,0.0756783547248247
20180823_hrrrt17_npk,5.0,0.98,20.58936309814453,16.588899612426758,0.1934556365013122,0.1031922549009323,0.2076436145787795
20180823_hrrrt17_idw,5.0,0.98,45.85420989990234,34.64979553222656,0.5776803493499756,0.3844878077507019,0.3825051306855551
20180823_hrrrt17_ordinary_kriging,5.0,0.98,54.75252914428711,44.17086410522461,0.7046980857849121,0.2491844594478607,0.4100473603043857
20180823_hrrrt17_pk,5.0,0.98,16.97231674194336,13.255071640014648,0.1618144810199737,0.0898742154240608,0.1710294351143665
20180823_hrrrt21_npk,10.0,0.98,29.43290138244629,24.439382553100582,0.1964930295944214,0.117742896080017,0.2562436119377999
20180823_hrrrt21_idw,10.0,0.98,25.348045349121094,19.645782470703125,0.2371513992547989,0.4272843599319458,0.2440491148251471
20180823_hrrrt21_ordinary_kriging,10.0,0.98,53.93793869018555,42.11201477050781,0.6097079515457153,0.3588784039020538,0.3619585088446356
20180823_hrrrt21_pk,10.0,0.98,25.92799568176269,19.740148544311523,0.1580228805541992,0.0858297497034072,0.2138822192860803
20180823_hrrrt21_npk,1.0,0.98,61.850616455078125,52.553993225097656,0.4365341365337372,0.2502340972423553,0.2732983491909421
20180823_hrrrt21_idw,1.0,0.98,57.80556869506836,43.45709991455078,0.6835888028144836,0.6106481552124023,0.3599269642774761
20180823_hrrrt21_ordinary_kriging,1.0,0.98,68.5135498046875,50.9260368347168,0.8279913067817688,0.4084700345993042,0.3825754830764078
20180823_hrrrt21_pk,1.0,0.98,57.34147644042969,45.88450622558594,0.3534301221370697,0.2768958806991577,0.0775055179086009
20180823_hrrrt21_npk,20.0,0.98,17.082685470581055,12.458956718444824,0.0997267737984657,0.0630975216627121,0.1141003970062051
20180823_hrrrt21_idw,20.0,0.98,18.53007698059082,15.203234672546388,0.1682846397161483,0.2092642486095428,0.1926141355137347
20180823_hrrrt21_ordinary_kriging,20.0,0.98,24.979589462280277,19.46292304992676,0.2268290817737579,0.1261295527219772,0.2224531410803665
20180823_hrrrt21_pk,20.0,0.98,15.34169101715088,10.85544490814209,0.0903865173459053,0.0532108135521411,0.1079559521311086
20180823_hrrrt21_npk,30.0,0.98,13.272923469543455,9.474546432495115,0.0835018828511238,0.0554712116718292,0.0983222802926639
20180823_hrrrt21_idw,30.0,0.98,21.220335006713867,17.705020904541016,0.208054319024086,0.1735698580741882,0.2133376358730473
20180823_hrrrt21_ordinary_kriging,30.0,0.98,21.726587295532227,16.618549346923828,0.1976623386144638,0.108401708304882,0.1955504047863784
20180823_hrrrt21_pk,30.0,0.98,11.515264511108398,8.632158279418945,0.0765947848558425,0.0399396754801273,0.0945390890490835
20180823_hrrrt21_npk,5.0,0.98,37.81867218017578,30.96634101867676,0.2453538179397583,0.1253086030483245,0.1627260968607016
20180823_hrrrt21_idw,5.0,0.98,45.74216842651367,32.96762466430664,0.5442981719970703,0.4936830401420593,0.3450855453628667
20180823_hrrrt21_ordinary_kriging,5.0,0.98,61.14128494262695,47.49049377441406,0.7479529976844788,0.3904953896999359,0.3836206214274076
20180823_hrrrt21_pk,5.0,0.98,24.45944595336914,18.53070068359375,0.1423383802175521,0.0784828811883926,0.1573360424125312
20180827_hrrrt19_npk,10.0,0.98,62.41973876953125,52.79821014404297,0.2938831746578216,0.2194831073284149,0.2745807179783139
20180827_hrrrt19_idw,10.0,0.98,20.80890655517578,16.099809646606445,0.1401725113391876,0.4150473773479461,0.1016623194809042
20180827_hrrrt19_ordinary_kriging,10.0,0.98,26.015382766723636,20.661785125732425,0.1733088493347168,0.3666391670703888,0.1189865514860747
20180827_hrrrt19_pk,10.0,0.98,63.379337310791016,50.99114608764648,0.2820724546909332,0.2000775635242462,0.2870352580188534
20180827_hrrrt19_npk,1.0,0.98,103.42594909667967,95.54856872558594,0.5149956941604614,0.3742117285728454,0.3154907174165343
20180827_hrrrt19_idw,1.0,0.98,27.254751205444336,21.150888442993164,0.1805544197559356,0.6020601391792297,0.1239219870866206
20180827_hrrrt19_ordinary_kriging,1.0,0.98,27.889575958251957,21.80078887939453,0.1859785169363021,0.6250742077827454,0.1243411542051622
20180827_hrrrt19_pk,1.0,0.98,90.67790985107422,79.7308578491211,0.429935097694397,0.4279444813728332,0.3513728627920997
20180827_hrrrt19_npk,20.0,0.98,17.535560607910156,13.262129783630373,0.0749900639057159,0.0521192885935306,0.059015052432135
20180827_hrrrt19_idw,20.0,0.98,20.043643951416016,14.916386604309082,0.1423383802175521,0.2750185132026672,0.0943789871757072
20180827_hrrrt19_ordinary_kriging,20.0,0.98,25.795568466186523,20.33475685119629,0.1777118444442749,0.2538700103759765,0.1126067074407871
20180827_hrrrt19_pk,20.0,0.98,20.74713516235352,15.014134407043455,0.0848286226391792,0.0502319782972335,0.070088864503834
20180827_hrrrt19_npk,30.0,0.98,13.786236763000488,9.80090618133545,0.0563152953982353,0.0372331216931343,0.0214622353786655
20180827_hrrrt19_idw,30.0,0.98,20.262958526611328,15.399232864379885,0.1484541893005371,0.2401038110256195,0.090653181905691
20180827_hrrrt19_ordinary_kriging,30.0,0.98,27.33251190185547,21.90655517578125,0.1852614879608154,0.2369538396596908,0.1086042165991608
20180827_hrrrt19_pk,30.0,0.98,16.142274856567383,11.092144012451172,0.0658131837844848,0.0397676452994346,0.0049530729274655
20180827_hrrrt19_npk,5.0,0.98,57.19429397583008,49.75205612182617,0.2755725085735321,0.2110736668109893,0.2320479641009304
20180827_hrrrt19_idw,5.0,0.98,23.666393280029297,18.30678367614746,0.1561584174633026,0.458036869764328,0.1139811321815588
20180827_hrrrt19_ordinary_kriging,5.0,0.98,26.904312133789062,21.201696395874023,0.1796846091747284,0.3779701292514801,0.1227112109994479
20180827_hrrrt19_pk,5.0,0.98,66.79922485351562,55.39464569091797,0.3158005475997925,0.2176573425531387,0.3390896292509481
20180827_hrrrt20_npk,10.0,0.98,52.14509201049805,42.609981536865234,0.2431923747062683,0.1869876086711883,0.2217164972684692
20180827_hrrrt20_idw,10.0,0.98,21.530363082885746,16.447790145874023,0.1482817232608795,0.4096987247467041,0.1107125424390995
20180827_hrrrt20_ordinary_kriging,10.0,0.98,26.671066284179688,20.91727638244629,0.1820608526468277,0.3727220594882965,0.1273991099458021
20180827_hrrrt20_pk,10.0,0.98,53.771240234375,43.78783416748047,0.2548552453517914,0.1654722690582275,0.2489591877638375
20180827_hrrrt20_npk,1.0,0.98,98.58317565917967,89.52909088134766,0.4961755573749542,0.3409160077571869,0.3049577487763885
20180827_hrrrt20_idw,1.0,0.98,27.17763328552246,21.208580017089844,0.1838853806257248,0.6048531532287598,0.1325355827466701
20180827_hrrrt20_ordinary_kriging,1.0,0.98,27.592113494873047,21.63436889648437,0.1879257708787918,0.6327422857284546,0.1326538253838062
20180827_hrrrt20_pk,1.0,0.98,73.14360809326172,62.345703125,0.3476456105709076,0.3343783617019653,0.2360800858117812
20180827_hrrrt20_npk,20.0,0.98,22.884885787963867,17.43851089477539,0.1028937846422195,0.0669452250003814,0.0782401071815876
20180827_hrrrt20_idw,20.0,0.98,21.070531845092773,15.686603546142578,0.1515490263700485,0.2848380208015442,0.1040177972854236
20180827_hrrrt20_ordinary_kriging,20.0,0.98,26.602758407592773,20.71925544738769,0.1856208145618438,0.2658482193946838,0.1214996143010475
20180827_hrrrt20_pk,20.0,0.98,18.977508544921875,13.770639419555664,0.0813865363597869,0.0499084256589412,0.0684542022835115
20180827_hrrrt20_npk,30.0,0.98,12.387091636657717,8.905858039855957,0.0533629953861236,0.0386448465287685,0.020383303721252
20180827_hrrrt20_idw,30.0,0.98,20.53081321716309,15.538005828857422,0.149903193116188,0.2414493560791015,0.0958519132478082
20180827_hrrrt20_ordinary_kriging,30.0,0.98,28.17588996887207,22.24546813964844,0.1882242560386657,0.2327441722154617,0.1158519509910362
20180827_hrrrt20_pk,30.0,0.98,14.242111206054688,10.118942260742188,0.0587337054312229,0.0479161739349365,0.0289758698712369
20180827_hrrrt20_npk,5.0,0.98,65.775634765625,56.70940399169922,0.3308416604995727,0.2309949994087219,0.3199197852113158
20180827_hrrrt20_idw,5.0,0.98,24.20421028137207,18.55961036682129,0.1636827439069748,0.4587035179138183,0.1203021827858778
20180827_hrrrt20_ordinary_kriging,5.0,0.98,27.721466064453125,21.748971939086918,0.1893961727619171,0.3875762820243835,0.1309213250402251
20180827_hrrrt20_pk,5.0,0.98,57.13702774047852,47.29456329345703,0.281462550163269,0.1701626479625702,0.3069958948670451
20180827_hrrrt22_npk,10.0,0.98,40.36561965942383,33.551395416259766,0.2113176882266998,0.1724834442138672,0.195934579304725
20180827_hrrrt22_idw,10.0,0.98,25.520648956298828,19.37130546569824,0.1912723779678344,0.4204374253749847,0.1434492299988575
20180827_hrrrt22_ordinary_kriging,10.0,0.98,32.529293060302734,25.66069984436035,0.2440993040800094,0.3901169300079345,0.1657250244454235
20180827_hrrrt22_pk,10.0,0.98,39.982566833496094,33.541690826416016,0.2093436121940612,0.1327547132968902,0.1866598047470881
20180827_hrrrt22_npk,1.0,0.98,94.75186920166016,84.57322692871094,0.5064375400543213,0.4064376950263977,0.3693427858895578
20180827_hrrrt22_idw,1.0,0.98,35.268001556396484,26.49358940124512,0.2531434893608093,0.5951266884803772,0.163320249475623
20180827_hrrrt22_ordinary_kriging,1.0,0.98,36.87932968139648,28.723865509033203,0.2717367112636566,0.6583640575408936,0.1716297126013977
20180827_hrrrt22_pk,1.0,0.98,70.01276397705078,60.96184921264648,0.3757817149162292,0.3405443727970123,0.3103819213312906
20180827_hrrrt22_npk,20.0,0.98,17.60763931274414,12.796154975891112,0.0806840732693672,0.0491987355053424,0.0176342050148402
20180827_hrrrt22_idw,20.0,0.98,22.35116577148437,17.027158737182617,0.1749998480081558,0.2974209487438202,0.1250054844068873
20180827_hrrrt22_ordinary_kriging,20.0,0.98,31.068344116210938,24.77631950378418,0.232536569237709,0.2961658835411072,0.1554759872851251
20180827_hrrrt22_pk,20.0,0.98,17.604928970336914,12.81175708770752,0.0853707715868949,0.0500045679509639,0.0620892474109307
20180827_hrrrt22_npk,30.0,0.98,15.26777458190918,11.094491004943848,0.0737058222293853,0.0399558842182159,0.0263017740740678
20180827_hrrrt22_idw,30.0,0.98,22.14700698852539,17.31415557861328,0.1672180444002151,0.2572439610958099,0.1150667836783169
20180827_hrrrt22_ordinary_kriging,30.0,0.98,32.93894958496094,26.588912963867188,0.2271882146596908,0.2485762238502502,0.1484142270598285
20180827_hrrrt22_pk,30.0,0.98,16.933109283447266,11.888031959533691,0.0765925347805023,0.049274057149887,0.0245201397608882
20180827_hrrrt22_npk,5.0,0.98,51.87039566040039,45.20786285400391,0.2912071943283081,0.1959491968154907,0.2973733025866268
20180827_hrrrt22_idw,5.0,0.98,30.15970993041992,22.692445755004883,0.2183728963136673,0.4645653963088989,0.1573017330767647
20180827_hrrrt22_ordinary_kriging,5.0,0.98,34.48345947265625,27.005653381347656,0.2540786564350128,0.4382565319538116,0.1697823960748812
20180827_hrrrt22_pk,5.0,0.98,45.58894348144531,38.0013542175293,0.249054342508316,0.1679908335208892,0.2815660533785881
20180828_hrrrt22_npk,10.0,0.98,60.809818267822266,51.99240493774414,0.2933328151702881,0.2386205792427063,0.2293917588085311
20180828_hrrrt22_idw,10.0,0.98,23.701122283935547,17.887441635131836,0.1732101589441299,0.4307671189308166,0.1236721882846674
20180828_hrrrt22_ordinary_kriging,10.0,0.98,29.378915786743164,22.49688148498535,0.2138395309448242,0.4000328481197357,0.1390390187632898
20180828_hrrrt22_pk,10.0,0.98,57.67626190185547,48.483154296875,0.2706309258937835,0.2130160331726074,0.2211288566524534
20180828_hrrrt22_npk,1.0,0.98,103.5927276611328,96.28821563720705,0.531243085861206,0.3872290849685669,0.3482111520461214
20180828_hrrrt22_idw,1.0,0.98,27.37984275817871,20.42800712585449,0.2111634314060211,0.6386264562606812,0.1270125422647011
20180828_hrrrt22_ordinary_kriging,1.0,0.98,31.972070693969727,23.56878662109375,0.2395552098751068,0.5770342350006104,0.1440435357679797
20180828_hrrrt22_pk,1.0,0.98,92.49173736572266,83.15520477294922,0.460700511932373,0.4192551374435425,0.3599071796220425
20180828_hrrrt22_npk,20.0,0.98,28.308504104614254,22.22459602355957,0.1301741003990173,0.1145613193511962,0.0536868359908478
20180828_hrrrt22_idw,20.0,0.98,25.48872947692871,19.00152587890625,0.192231684923172,0.3018403351306915,0.1276823569125769
20180828_hrrrt22_ordinary_kriging,20.0,0.98,30.388824462890625,23.8046989440918,0.2290727496147155,0.3333530128002167,0.1381006632953139
20180828_hrrrt22_pk,20.0,0.98,26.20214080810547,20.899131774902344,0.1256795525550842,0.0957517847418785,0.0652804607322771
20180828_hrrrt22_npk,30.0,0.98,20.77182388305664,15.62552261352539,0.0934413373470306,0.0828998982906341,0.0078555166006913
20180828_hrrrt22_idw,30.0,0.98,22.18942642211914,17.56241226196289,0.181756317615509,0.2906332015991211,0.1018439764307576
20180828_hrrrt22_ordinary_kriging,30.0,0.98,29.94007873535156,24.150976181030277,0.2269285172224044,0.3267673850059509,0.122390286246019
20180828_hrrrt22_pk,30.0,0.98,20.74674224853516,15.247429847717283,0.0911014452576637,0.0827659666538238,0.014999621819665
20180828_hrrrt22_npk,5.0,0.98,80.46481323242188,68.56706237792969,0.3868711590766907,0.3301975131034851,0.3934625024045435
20180828_hrrrt22_idw,5.0,0.98,23.753395080566406,17.701696395874023,0.1705677062273025,0.4909887313842773,0.1232251611888014
20180828_hrrrt22_ordinary_kriging,5.0,0.98,29.455018997192383,22.39311408996582,0.2121422588825225,0.4176310896873474,0.1416310764018242
20180828_hrrrt22_pk,5.0,0.98,66.46454620361328,55.85582733154297,0.3193906843662262,0.2478246837854385,0.2969126016218507
20180830_hrrrt22_npk,10.0,0.98,74.86385345458984,62.9791145324707,0.3906870484352112,0.2104677855968475,0.452607398129935
20180830_hrrrt22_idw,10.0,0.98,18.311857223510746,15.012205123901367,0.1401204317808151,0.3553183078765869,0.08476601596842
20180830_hrrrt22_ordinary_kriging,10.0,0.98,25.47156524658203,19.62950897216797,0.2065655440092086,0.1172057688236236,0.1803790138275995
20180830_hrrrt22_pk,10.0,0.98,46.784366607666016,39.11507797241211,0.2505453526973724,0.1142335534095764,0.2900396917642059
20180830_hrrrt22_npk,1.0,0.98,99.52833557128906,86.80276489257812,0.5843328237533569,0.3688673973083496,0.1718648341795872
20180830_hrrrt22_idw,1.0,0.98,53.58615493774414,33.84245681762695,0.7078260183334351,0.5872315764427185,0.2708663163071371
20180830_hrrrt22_ordinary_kriging,1.0,0.98,58.914459228515625,38.88831329345703,0.773707926273346,0.5290270447731018,0.2787143749687228
20180830_hrrrt22_pk,1.0,0.98,81.38410186767578,69.33714294433594,0.5834366679191589,0.3430797159671783,0.1640708793768852
20180830_hrrrt22_npk,20.0,0.98,21.016603469848636,16.238937377929688,0.1195511817932128,0.0477033965289592,0.1192659546982893
20180830_hrrrt22_idw,20.0,0.98,18.648426055908203,14.790966987609863,0.1852540522813797,0.168651133775711,0.1390754174847857
20180830_hrrrt22_ordinary_kriging,20.0,0.98,23.58726692199707,17.943546295166016,0.2543284893035888,0.1065313071012497,0.1400739202689324
20180830_hrrrt22_pk,20.0,0.98,23.116300582885746,17.62383460998535,0.1197385564446449,0.0490624606609344,0.1265866820152869
20180830_hrrrt22_npk,30.0,0.98,15.445758819580078,11.037308692932127,0.0866899713873863,0.0345306098461151,0.102594883103607
20180830_hrrrt22_idw,30.0,0.98,21.17180824279785,16.755229949951172,0.2385493516921997,0.1298526227474212,0.1604681686530481
20180830_hrrrt22_ordinary_kriging,30.0,0.98,18.29190444946289,13.330892562866213,0.2052888572216034,0.0929654538631439,0.1250895726326736
20180830_hrrrt22_pk,30.0,0.98,17.885208129882812,12.197871208190918,0.0914748683571815,0.0423072762787342,0.1093821547206616
20180830_hrrrt22_npk,5.0,0.98,66.81420135498047,56.21402740478516,0.4387569725513458,0.1884177029132843,0.3220225567821919
20180830_hrrrt22_idw,5.0,0.98,44.3834228515625,27.29779052734375,0.6160473227500916,0.4064610004425049,0.2561313368198779
20180830_hrrrt22_ordinary_kriging,5.0,0.98,55.57993316650391,38.24023818969727,0.7581610679626465,0.3071205019950866,0.2754110476860383
20180830_hrrrt22_pk,5.0,0.98,54.83493423461914,45.07059860229492,0.3361601829528808,0.1536251008510589,0.2843024694701474
20180831_hrrrt19_npk,10.0,0.98,54.21175765991211,45.320587158203125,0.2372136861085891,0.1646531373262405,0.2100996100854879
20180831_hrrrt19_idw,10.0,0.98,18.4641227722168,14.215893745422363,0.1397412568330764,0.3547998666763305,0.0778361877499791
20180831_hrrrt19_ordinary_kriging,10.0,0.98,23.85466957092285,18.605913162231445,0.1648213267326355,0.3133445084095001,0.101196452184297
20180831_hrrrt19_pk,10.0,0.98,59.39402389526367,48.14277648925781,0.2532472312450409,0.1756205260753631,0.246899314185115
20180831_hrrrt19_npk,1.0,0.98,96.784423828125,89.74309539794922,0.4686540067195892,0.3412930965423584,0.2261407910363199
20180831_hrrrt19_idw,1.0,0.98,23.97296714782715,18.30522727966309,0.1587436944246292,0.5837624073028564,0.1044775787522985
20180831_hrrrt19_ordinary_kriging,1.0,0.98,25.25885772705078,19.575937271118164,0.1660661548376083,0.4949614405632019,0.1066605595843917
20180831_hrrrt19_pk,1.0,0.98,92.18789672851562,82.99870300292969,0.4320498406887054,0.3756727576255798,0.3173918459462067
20180831_hrrrt19_npk,20.0,0.98,20.37516593933105,15.667988777160645,0.0816516503691673,0.0459283329546451,0.0559738898929761
20180831_hrrrt19_idw,20.0,0.98,18.547121047973636,13.66005516052246,0.1477186530828476,0.2120538055896759,0.0803273781430378
20180831_hrrrt19_ordinary_kriging,20.0,0.98,23.623987197875977,18.29722213745117,0.172355443239212,0.1913298666477203,0.0978954903390203
20180831_hrrrt19_pk,20.0,0.98,19.555418014526367,15.112752914428713,0.0818711593747139,0.0396162830293178,0.0583409233492909
20180831_hrrrt19_npk,30.0,0.98,16.11957359313965,11.20188331604004,0.0574223026633262,0.0333468914031982,0.0124528867244623
20180831_hrrrt19_idw,30.0,0.98,18.52594375610352,13.90027904510498,0.0893223583698272,0.1837235540151596,0.0773466062564254
20180831_hrrrt19_ordinary_kriging,30.0,0.98,24.828237533569336,19.47977638244629,0.1184220537543296,0.1914488077163696,0.0940841621166124
20180831_hrrrt19_pk,30.0,0.98,14.586115837097168,10.580763816833496,0.0549826808273792,0.0258158408105373,0.0204802283849717
20180831_hrrrt19_npk,5.0,0.98,77.18107604980469,66.45117950439453,0.3515604436397552,0.2285746335983276,0.3312783978147313
20180831_hrrrt19_idw,5.0,0.98,19.373579025268555,14.69064712524414,0.1451265215873718,0.4018282890319824,0.0854397650685403
20180831_hrrrt19_ordinary_kriging,5.0,0.98,23.87111091613769,18.617677688598636,0.1665478497743606,0.3234094083309173,0.1046331064129712
20180831_hrrrt19_pk,5.0,0.98,60.41763687133789,49.20719528198242,0.2634517252445221,0.1599884331226349,0.2717545769909288
20190601_hrrrt17_npk,10.0,0.98,48.46548080444336,41.6465950012207,0.3056660592556,0.1125214844942092,0.1459024322791037
20190601_hrrrt17_idw,10.0,0.98,35.56690216064453,26.45429801940918,0.210569366812706,0.2636058032512665,0.1764056968373711
20190601_hrrrt17_ordinary_kriging,10.0,0.98,45.9912109375,37.34011459350586,0.3271278142929077,0.3392980098724365,0.229550613370124
20190601_hrrrt17_pk,10.0,0.98,47.27407836914063,40.64677429199219,0.2936416268348694,0.1257574558258056,0.1642019199458638
20190601_hrrrt17_npk,1.0,0.98,76.75577545166016,70.7877197265625,0.6451168060302734,0.2909720242023468,0.1922782656014409
20190601_hrrrt17_idw,1.0,0.98,58.28813552856445,43.67924118041992,0.6736475229263306,0.591130256652832,0.2870620833250746
20190601_hrrrt17_ordinary_kriging,1.0,0.98,57.48518371582031,45.81706237792969,0.6531012058258057,0.4056082367897033,0.2213296795615605
20190601_hrrrt17_pk,1.0,0.98,76.05220031738281,67.29067993164062,0.709405243396759,0.2539683580398559,0.1825817791524664
20190601_hrrrt17_npk,20.0,0.98,23.315052032470703,17.292036056518555,0.1587931811809539,0.072271317243576,0.0646377756799025
20190601_hrrrt17_idw,20.0,0.98,28.100156784057617,21.159292221069336,0.20716592669487,0.2016233503818512,0.1960445427596217
20190601_hrrrt17_ordinary_kriging,20.0,0.98,38.21136474609375,29.191638946533203,0.3279820084571838,0.2743108570575714,0.2318154487987966
20190601_hrrrt17_pk,20.0,0.98,25.27341651916504,18.893993377685547,0.1848317086696624,0.0703543722629547,0.0630508538122819
20190601_hrrrt17_npk,30.0,0.98,14.394847869873049,10.00174331665039,0.1232719793915748,0.0396250896155834,0.1235990102709385
20190601_hrrrt17_idw,30.0,0.98,20.95540428161621,16.299163818359375,0.2253102511167526,0.1275168508291244,0.1832202613914651
20190601_hrrrt17_ordinary_kriging,30.0,0.98,30.31745147705078,20.32845115661621,0.3221639394760132,0.2379099875688552,0.2073829395144306
20190601_hrrrt17_pk,30.0,0.98,14.369162559509276,9.510278701782228,0.1415718048810959,0.0455105267465114,0.1014258619230888
20190601_hrrrt17_npk,5.0,0.98,64.37787628173828,54.4046745300293,0.3593888282775879,0.1575687825679779,0.1494273173337901
20190601_hrrrt17_idw,5.0,0.98,33.43867492675781,26.007707595825195,0.2016142010688781,0.3086373805999756,0.1813007076452649
20190601_hrrrt17_ordinary_kriging,5.0,0.98,34.74355697631836,26.494604110717773,0.2183284014463424,0.2936770021915436,0.1912224952103794
20190601_hrrrt17_pk,5.0,0.98,45.35603713989258,38.52907943725586,0.2747145295143127,0.0960096046328544,0.1328504717659662
20190605_hrrrt18_npk,10.0,0.98,39.7745246887207,33.39110565185547,0.2270471453666687,0.1373167335987091,0.1377986196855624
20190605_hrrrt18_idw,10.0,0.98,16.92331886291504,12.246271133422852,0.1188786998391151,0.2892797589302063,0.1017849984169464
20190605_hrrrt18_ordinary_kriging,10.0,0.98,20.751588821411133,15.72525119781494,0.1445209681987762,0.2871124446392059,0.1111036159360201
20190605_hrrrt18_pk,10.0,0.98,38.98875045776367,32.340946197509766,0.2157703340053558,0.1388384401798248,0.148032028879529
20190605_hrrrt18_npk,1.0,0.98,75.6444320678711,69.3478775024414,0.4941049218177795,0.4737900197505951,0.3036871131570667
20190605_hrrrt18_idw,1.0,0.98,22.863393783569336,17.277612686157227,0.1937869191169738,0.5634304285049438,0.1193302974028018
20190605_hrrrt18_ordinary_kriging,1.0,0.98,24.472808837890625,19.411489486694336,0.203135073184967,0.558830738067627,0.1055599800936081
20190605_hrrrt18_pk,1.0,0.98,60.23551940917969,52.37062072753906,0.3810825943946838,0.396547794342041,0.2431489975456618
20190605_hrrrt18_npk,20.0,0.98,20.70818901062012,15.363747596740724,0.1045963317155838,0.0705837681889534,0.0648787936772584
20190605_hrrrt18_idw,20.0,0.98,17.032621383666992,11.746414184570312,0.1211373880505561,0.1761772632598877,0.1033180483850807
20190605_hrrrt18_ordinary_kriging,20.0,0.98,21.345237731933597,15.763197898864746,0.1600250005722046,0.2560243606567383,0.1140219772762487
20190605_hrrrt18_pk,20.0,0.98,17.662494659423828,12.604883193969728,0.0827788263559341,0.0666909962892532,0.0806083738493557
20190605_hrrrt18_npk,30.0,0.98,15.781070709228516,10.489191055297852,0.0750033035874366,0.0612052455544471,0.0571855956829343
20190605_hrrrt18_idw,30.0,0.98,16.331607818603516,10.919456481933594,0.1161132380366325,0.1582105010747909,0.0896450581908622
20190605_hrrrt18_ordinary_kriging,30.0,0.98,21.42311286926269,15.667364120483398,0.1618018001317978,0.2206992208957672,0.1064739284461771
20190605_hrrrt18_pk,30.0,0.98,16.070295333862305,10.603891372680664,0.0681205615401268,0.0552055835723876,0.0559676778781588
20190605_hrrrt18_npk,5.0,0.98,43.58015441894531,37.186279296875,0.2661993503570556,0.1336485743522644,0.1242124828105824
20190605_hrrrt18_idw,5.0,0.98,17.471435546875,12.606629371643066,0.1650992184877395,0.3065534830093384,0.1132414495557086
20190605_hrrrt18_ordinary_kriging,5.0,0.98,20.758787155151367,15.274665832519531,0.1875417530536651,0.3835673630237579,0.1205678662457346
20190605_hrrrt18_pk,5.0,0.98,50.00308990478516,42.33675765991211,0.3010233640670776,0.1536435484886169,0.2019103576021624
20190608_hrrrt21_npk,10.0,0.98,35.63932418823242,29.571739196777344,0.1554592102766037,0.1031152829527854,0.1473471803776326
20190608_hrrrt21_idw,10.0,0.98,18.44282531738281,13.9761323928833,0.1755279451608657,0.3009046912193298,0.091163695170548
20190608_hrrrt21_ordinary_kriging,10.0,0.98,23.28302001953125,18.12937355041504,0.1983190476894378,0.3078555464744568,0.1012671656402338
20190608_hrrrt21_pk,10.0,0.98,41.06672668457031,31.619932174682617,0.1744046956300735,0.1053272411227226,0.1958342839459061
20190608_hrrrt21_npk,1.0,0.98,105.29161834716795,97.92825317382812,0.5128850340843201,0.5091236233711243,0.3282409237902917
20190608_hrrrt21_idw,1.0,0.98,30.07352066040039,24.365385055541992,0.2419884502887725,0.601207971572876,0.1068192474055287
20190608_hrrrt21_ordinary_kriging,1.0,0.98,33.9892692565918,27.34590721130371,0.2587844431400299,0.5254252552986145,0.1016652613764208
20190608_hrrrt21_pk,1.0,0.98,89.14579772949219,78.25227355957031,0.4165220856666565,0.4973809421062469,0.3351441246612575
20190608_hrrrt21_npk,20.0,0.98,16.635303497314453,13.27281093597412,0.0717281624674797,0.0389996245503425,0.0405483017053599
20190608_hrrrt21_idw,20.0,0.98,16.498443603515625,11.26365566253662,0.1670437008142471,0.2312197685241699,0.0816969843199982
20190608_hrrrt21_ordinary_kriging,20.0,0.98,23.216676712036133,17.605432510375977,0.2012931704521179,0.209892064332962,0.0980220309828041
20190608_hrrrt21_pk,20.0,0.98,18.47756767272949,14.082235336303713,0.0784826055169105,0.0380417257547378,0.0665677902862475
20190608_hrrrt21_npk,30.0,0.98,10.354154586791992,7.781729221343994,0.0424659922719001,0.0214243680238723,0.0417164019908112
20190608_hrrrt21_idw,30.0,0.98,17.004030227661133,11.291143417358398,0.1785931885242462,0.1974486112594604,0.0798437197357534
20190608_hrrrt21_ordinary_kriging,30.0,0.98,24.745018005371094,18.859134674072266,0.2148642688989639,0.215677723288536,0.0956682592037429
20190608_hrrrt21_pk,30.0,0.98,11.92719841003418,9.004772186279297,0.0476158633828163,0.0304605029523372,0.0343129740369617
20190608_hrrrt21_npk,5.0,0.98,62.83760070800781,53.50257110595703,0.2904202938079834,0.1654939651489257,0.2963816357971276
20190608_hrrrt21_idw,5.0,0.98,27.854738235473636,22.526206970214844,0.2288868874311447,0.3374642133712768,0.1032631117088337
20190608_hrrrt21_ordinary_kriging,5.0,0.98,30.30129623413086,24.862794876098636,0.2437154203653335,0.3551600873470306,0.1065447926959941
20190608_hrrrt21_pk,5.0,0.98,51.952186584472656,41.7595329284668,0.2335065603256225,0.1454380601644516,0.2650970573942427
20190613_hrrrt23_npk,10.0,0.98,38.8199577331543,31.77352905273437,0.2277261912822723,0.193456158041954,0.2405313539744965
20190613_hrrrt23_idw,10.0,0.98,18.00665855407715,13.62408447265625,0.157288908958435,0.4876410365104675,0.1079269901705684
20190613_hrrrt23_ordinary_kriging,10.0,0.98,37.51789855957031,29.646324157714844,0.3316280841827392,0.477529913187027,0.2140061665731182
20190613_hrrrt23_pk,10.0,0.98,47.79983901977539,37.71616363525391,0.2692320644855499,0.1863309293985366,0.3173759543894672
20190613_hrrrt23_npk,1.0,0.98,82.36875915527344,70.72855377197266,0.4468705356121063,0.2878414988517761,0.2390439729155509
20190613_hrrrt23_idw,1.0,0.98,35.211753845214844,27.74778175354004,0.3030052483081817,0.578360915184021,0.1969918270827148
20190613_hrrrt23_ordinary_kriging,1.0,0.98,42.10780334472656,33.3138542175293,0.3678592145442962,0.571003794670105,0.230272240504399
20190613_hrrrt23_pk,1.0,0.98,62.843849182128906,50.06306838989258,0.3365082144737243,0.2741836011409759,0.2110068869512673
20190613_hrrrt23_npk,20.0,0.98,18.18508529663086,13.44125747680664,0.1001380458474159,0.054082240909338,0.0665496291367055
20190613_hrrrt23_idw,20.0,0.98,19.010581970214844,14.472688674926758,0.1741867214441299,0.3029413223266601,0.1397677678340102
20190613_hrrrt23_ordinary_kriging,20.0,0.98,33.1421012878418,26.066829681396484,0.2878272235393524,0.2194190919399261,0.1949544053824197
20190613_hrrrt23_pk,20.0,0.98,19.798900604248047,14.125602722167969,0.1029499098658561,0.0541397035121917,0.0810615893448718
20190613_hrrrt23_npk,30.0,0.98,13.825206756591797,9.952231407165527,0.073643147945404,0.046524167060852,0.0412058000006176
20190613_hrrrt23_idw,30.0,0.98,20.52908134460449,15.816247940063477,0.1955914199352264,0.2280152142047882,0.1484780310293118
20190613_hrrrt23_ordinary_kriging,30.0,0.98,27.63682174682617,21.040098190307617,0.2457146048545837,0.12095358222723,0.1704815143607167
20190613_hrrrt23_pk,30.0,0.98,14.929299354553224,10.677680015563965,0.0826695784926414,0.0481593161821365,0.016960543321777
20190613_hrrrt23_npk,5.0,0.98,37.89095687866211,31.963001251220703,0.2271952033042907,0.1668779700994491,0.2339591597341083
20190613_hrrrt23_idw,5.0,0.98,30.41370391845703,22.94861221313477,0.2703924775123596,0.5212513208389282,0.1939481552359354
20190613_hrrrt23_ordinary_kriging,5.0,0.98,42.475685119628906,33.366905212402344,0.3740201890468597,0.5006622076034546,0.2270562946333134
20190613_hrrrt23_pk,5.0,0.98,51.2946891784668,40.67487335205078,0.2914152145385742,0.1897902190685272,0.3436687170455255
20190616_hrrrt17_npk,10.0,0.98,33.64638900756836,26.026308059692383,0.3526787757873535,0.1715771406888961,0.1109934680262087
20190616_hrrrt17_idw,10.0,0.98,22.714977264404297,16.74803352355957,0.2680054306983948,0.3019096255302429,0.2188684198701709
20190616_hrrrt17_ordinary_kriging,10.0,0.98,21.34829330444336,15.410089492797852,0.2477812319993972,0.1989444196224212,0.2061381386205479
20190616_hrrrt17_pk,10.0,0.98,27.03534698486328,20.155054092407227,0.2925293445587158,0.1599614322185516,0.1547721616819247
20190616_hrrrt17_npk,1.0,0.98,34.6257438659668,27.7255916595459,0.3630784749984741,0.2717210054397583,0.1731005556337441
20190616_hrrrt17_idw,1.0,0.98,38.13185501098633,33.23816680908203,0.5043533444404602,0.5311955809593201,0.2557502326055231
20190616_hrrrt17_ordinary_kriging,1.0,0.98,35.09172058105469,29.17850112915039,0.4448676407337188,0.4346522986888885,0.2238926815152299
20190616_hrrrt17_pk,1.0,0.98,24.77709007263184,19.87723922729492,0.2654995322227478,0.216418832540512,0.0466508999925298
20190616_hrrrt17_npk,20.0,0.98,19.980484008789062,13.923405647277832,0.190846174955368,0.0859036669135093,0.1355725676770622
20190616_hrrrt17_idw,20.0,0.98,19.398704528808597,13.596887588500977,0.1913692653179168,0.1933835446834564,0.2065498508462817
20190616_hrrrt17_ordinary_kriging,20.0,0.98,17.7945499420166,11.628623962402344,0.1797339469194412,0.1733904629945755,0.1921631793447341
20190616_hrrrt17_pk,20.0,0.98,20.94883918762207,13.553484916687012,0.2087399065494537,0.0871312320232391,0.1170237344847968
20190616_hrrrt17_npk,30.0,0.98,10.762346267700195,7.813458919525146,0.0865480452775955,0.0457711070775985,0.0328981839593522
20190616_hrrrt17_idw,30.0,0.98,15.902158737182615,10.898186683654783,0.1181303337216377,0.1457352489233017,0.1431960079959761
20190616_hrrrt17_ordinary_kriging,30.0,0.98,15.56806755065918,10.462343215942385,0.1175768002867698,0.1776843667030334,0.1578686712818446
20190616_hrrrt17_pk,30.0,0.98,9.674853324890137,7.243024826049805,0.080039195716381,0.0530056878924369,0.0484120631307126
20190616_hrrrt17_npk,5.0,0.98,35.77442932128906,28.93679428100586,0.3706431686878204,0.1859725564718246,0.2367339773456652
20190616_hrrrt17_idw,5.0,0.98,21.011932373046875,15.5012845993042,0.2462495267391204,0.3076565265655517,0.2103840834507074
20190616_hrrrt17_ordinary_kriging,5.0,0.98,23.497413635253903,17.664953231811523,0.2779876589775085,0.243925929069519,0.2293693766925028
20190616_hrrrt17_pk,5.0,0.98,29.962013244628903,23.21747398376465,0.3128437399864197,0.1395688951015472,0.1357984666972157
20190623_hrrrt20_npk,10.0,0.98,40.227970123291016,31.69812774658203,0.2063692510128021,0.1203893423080444,0.1687396656533499
20190623_hrrrt20_idw,10.0,0.98,24.652029037475582,16.635475158691406,0.2161759883165359,0.2649709284305572,0.1669811302547797
20190623_hrrrt20_ordinary_kriging,10.0,0.98,22.40524673461914,15.12774658203125,0.1971380859613418,0.184202030301094,0.1407082708703292
20190623_hrrrt20_pk,10.0,0.98,49.123653411865234,37.96145248413086,0.2562461495399475,0.1527419984340667,0.2780067191619846
20190623_hrrrt20_npk,1.0,0.98,84.16546630859375,74.49605560302734,0.4620238840579986,0.3923919200897217,0.286498018738551
20190623_hrrrt20_idw,1.0,0.98,26.3625431060791,17.876232147216797,0.2136811017990112,0.5503145456314087,0.158153935836813
20190623_hrrrt20_ordinary_kriging,1.0,0.98,36.48115921020508,30.081113815307617,0.3195837438106537,0.5068500638008118,0.2270259886444455
20190623_hrrrt20_pk,1.0,0.98,75.70791625976562,64.81365203857422,0.4092056453227997,0.3017232716083526,0.3581208323547701
20190623_hrrrt20_npk,20.0,0.98,25.01898002624512,16.286848068237305,0.1383298337459564,0.0808485299348831,0.0599067649709353
20190623_hrrrt20_idw,20.0,0.98,24.3469295501709,15.86725616455078,0.2348906546831131,0.1501959860324859,0.1693796034729703
20190623_hrrrt20_ordinary_kriging,20.0,0.98,22.936885833740234,13.360390663146973,0.2044110596179962,0.1692387759685516,0.1395792861941734
20190623_hrrrt20_pk,20.0,0.98,21.9079704284668,15.71570873260498,0.1293580085039138,0.0666367784142494,0.0506409204196128
20190623_hrrrt20_npk,30.0,0.98,14.256528854370115,9.904114723205566,0.0719344988465309,0.0368170775473117,0.0631373699643784
20190623_hrrrt20_idw,30.0,0.98,19.09471321105957,14.02231502532959,0.2167102992534637,0.1192622557282447,0.1518120460991185
20190623_hrrrt20_ordinary_kriging,30.0,0.98,17.252492904663086,12.61924648284912,0.2029226422309875,0.1655269563198089,0.1348698105554203
20190623_hrrrt20_pk,30.0,0.98,15.082823753356934,10.423274993896484,0.0842253193259239,0.0362876094877719,0.0798990015903863
20190623_hrrrt20_npk,5.0,0.98,45.90773010253906,36.90339279174805,0.2462735027074813,0.1305529624223709,0.279703101558582
20190623_hrrrt20_idw,5.0,0.98,26.02999496459961,17.167009353637695,0.2130253165960312,0.3046399354934692,0.1594983466650883
20190623_hrrrt20_ordinary_kriging,5.0,0.98,26.63201904296875,18.31012344360352,0.2249676436185836,0.1841515451669693,0.1739506590481607
20190623_hrrrt20_pk,5.0,0.98,53.717891693115234,41.11739349365234,0.2781645059585571,0.1522753089666366,0.3399203081656547
20190624_hrrrt20_npk,10.0,0.98,33.9587287902832,27.54298973083496,0.2143824845552444,0.1254413723945617,0.1629658385061624
20190624_hrrrt20_idw,10.0,0.98,16.836978912353516,13.306482315063477,0.217686265707016,0.2734650075435638,0.1289653981109418
20190624_hrrrt20_ordinary_kriging,10.0,0.98,20.37670135498047,16.431516647338867,0.2432265728712082,0.227289617061615,0.1352446970611225
20190624_hrrrt20_pk,10.0,0.98,24.63753318786621,19.958309173583984,0.158820241689682,0.090060070157051,0.1005074314142653
20190624_hrrrt20_npk,1.0,0.98,70.61002349853516,60.74211120605469,0.4509601891040802,0.4391803443431854,0.30693269173822
20190624_hrrrt20_idw,1.0,0.98,22.57730484008789,18.257396697998047,0.2609294056892395,0.5054651498794556,0.1486074411871884
20190624_hrrrt20_ordinary_kriging,1.0,0.98,22.52107810974121,18.142257690429688,0.2591671347618103,0.5335143804550171,0.1482090899092802
20190624_hrrrt20_pk,1.0,0.98,56.30128860473633,48.22735595703125,0.3805486261844635,0.3798765540122986,0.3021025282088536
20190624_hrrrt20_npk,20.0,0.98,14.344406127929688,10.107415199279783,0.084864005446434,0.051788080483675,0.0831483604035953
20190624_hrrrt20_idw,20.0,0.98,15.726880073547363,11.977417945861816,0.2191154062747955,0.138503223657608,0.1178564778027262
20190624_hrrrt20_ordinary_kriging,20.0,0.98,22.07365608215332,18.12267303466797,0.2719065248966217,0.2052416652441024,0.1373050027624225
20190624_hrrrt20_pk,20.0,0.98,15.605582237243652,10.18246078491211,0.0870836749672889,0.0412774607539176,0.0704190228888867
20190624_hrrrt20_npk,30.0,0.98,9.04278564453125,6.813807487487793,0.066211499273777,0.0315494798123836,0.0507395142619326
20190624_hrrrt20_idw,30.0,0.98,15.182283401489258,11.853904724121094,0.2411274313926696,0.1287052035331726,0.112688330043297
20190624_hrrrt20_ordinary_kriging,30.0,0.98,22.052595138549805,18.17887115478516,0.2960697412490845,0.2099208235740661,0.132006798951106
20190624_hrrrt20_pk,30.0,0.98,10.900699615478516,8.011747360229492,0.0697555914521217,0.0329443141818046,0.0504552460490083
20190624_hrrrt20_npk,5.0,0.98,29.494203567504883,24.78006172180176,0.1972044706344604,0.1189623922109603,0.1407115563636829
20190624_hrrrt20_idw,5.0,0.98,22.628585815429688,17.983556747436523,0.2664001286029815,0.2920564115047455,0.1446998928196664
20190624_hrrrt20_ordinary_kriging,5.0,0.98,23.925743103027344,19.27055549621582,0.2811445295810699,0.3451693058013916,0.1477242835255423
20190624_hrrrt20_pk,5.0,0.98,44.43080139160156,35.73573303222656,0.2895954251289367,0.1796500980854034,0.3176420890000742
20190624_hrrrt22_npk,10.0,0.98,52.94304656982422,44.302955627441406,0.2849096357822418,0.1770168542861938,0.2583648550684179
20190624_hrrrt22_idw,10.0,0.98,22.47425079345703,17.161376953125,0.2295613139867782,0.3592419028282165,0.136691088928664
20190624_hrrrt22_ordinary_kriging,10.0,0.98,27.02247810363769,21.61323547363281,0.2572208940982818,0.3818775415420532,0.1470065380732334
20190624_hrrrt22_pk,10.0,0.98,48.823001861572266,39.05682373046875,0.2605120539665222,0.1686189472675323,0.2490523659127824
20190624_hrrrt22_npk,1.0,0.98,70.43465423583984,60.02761459350586,0.3699482977390289,0.3330273926258087,0.2064927762294474
20190624_hrrrt22_idw,1.0,0.98,29.605392456054688,23.36735725402832,0.2748177647590637,0.5482575297355652,0.1495967844781639
20190624_hrrrt22_ordinary_kriging,1.0,0.98,30.08026695251465,23.61883544921875,0.2712724506855011,0.4898940324783325,0.1480083759156684
20190624_hrrrt22_pk,1.0,0.98,75.33875274658203,62.49026870727539,0.3966874182224273,0.3869961500167846,0.3206429778701091
20190624_hrrrt22_npk,20.0,0.98,25.22127342224121,17.366188049316406,0.1211835369467735,0.0929940715432167,0.0653097163574679
20190624_hrrrt22_idw,20.0,0.98,20.849008560180664,15.931644439697266,0.2322203814983368,0.2151206135749817,0.1261307795917206
20190624_hrrrt22_ordinary_kriging,20.0,0.98,27.24973487854004,22.0,0.2744839191436767,0.2315014600753784,0.1415536833182362
20190624_hrrrt22_pk,20.0,0.98,19.19063377380371,13.719563484191896,0.0882827937602996,0.0888312011957168,0.0569854080397457
20190624_hrrrt22_npk,30.0,0.98,14.01138973236084,9.557531356811523,0.0663709193468093,0.0693978369235992,0.0762912706581224
20190624_hrrrt22_idw,30.0,0.98,20.477468490600582,15.097977638244627,0.2421560734510421,0.1781074702739715,0.1210902776170255
20190624_hrrrt22_ordinary_kriging,30.0,0.98,27.76898956298828,22.466875076293945,0.2897322475910187,0.240118458867073,0.1370989360245477
20190624_hrrrt22_pk,30.0,0.98,13.732069969177246,9.297356605529783,0.063696451485157,0.0666195228695869,0.0750357659743246
20190624_hrrrt22_npk,5.0,0.98,50.96654510498047,42.99023818969727,0.278055340051651,0.17134690284729,0.2231081336579051
20190624_hrrrt22_idw,5.0,0.98,29.673301696777344,23.30190086364746,0.2824317812919616,0.3816312551498413,0.1492198155799011
20190624_hrrrt22_ordinary_kriging,5.0,0.98,30.576866149902344,24.378982543945312,0.2888498902320862,0.4375260472297668,0.1512634981218727
20190624_hrrrt22_pk,5.0,0.98,48.62157440185547,38.71517562866211,0.2532586753368377,0.1741612702608108,0.2747101318940523
20190626_hrrrt17_npk,10.0,0.98,55.72819137573242,44.88093185424805,0.2423355281352996,0.1577813178300857,0.2300938119054083
20190626_hrrrt17_idw,10.0,0.98,18.979204177856445,14.541632652282717,0.157637745141983,0.2926694750785827,0.110200005685522
20190626_hrrrt17_ordinary_kriging,10.0,0.98,23.60203742980957,18.311906814575195,0.181574210524559,0.2289250791072845,0.1145215882266187
20190626_hrrrt17_pk,10.0,0.98,41.17012023925781,32.46773147583008,0.1770286560058593,0.1229777485132217,0.1528895770912461
20190626_hrrrt17_npk,1.0,0.98,108.00265502929688,99.44847106933594,0.5367099046707153,0.4519256055355072,0.3988210652001917
20190626_hrrrt17_idw,1.0,0.98,20.3331298828125,15.278352737426758,0.1574148833751678,0.5035807490348816,0.1054325238259057
20190626_hrrrt17_ordinary_kriging,1.0,0.98,26.26233673095703,20.949951171875,0.1981580704450607,0.5347548723220825,0.1246928373449611
20190626_hrrrt17_pk,1.0,0.98,94.18031311035156,83.98780059814453,0.4432701170444488,0.4228461682796478,0.330884216765427
20190626_hrrrt17_npk,20.0,0.98,14.797895431518556,11.145560264587402,0.0650384128093719,0.0389026924967765,0.0300800933851964
20190626_hrrrt17_idw,20.0,0.98,18.37933921813965,13.541958808898926,0.1655732691287994,0.1458392739295959,0.0962908907819293
20190626_hrrrt17_ordinary_kriging,20.0,0.98,24.220548629760746,19.1055850982666,0.204182967543602,0.159490093588829,0.1133371668746382
20190626_hrrrt17_pk,20.0,0.98,13.70347023010254,10.644073486328123,0.0637623742222786,0.0293427892029285,0.0199855265290372
20190626_hrrrt17_npk,30.0,0.98,11.098267555236816,8.292886734008789,0.047434777021408,0.0230945628136396,0.0342774491303073
20190626_hrrrt17_idw,30.0,0.98,17.44849967956543,12.39853572845459,0.1685977727174759,0.142533928155899,0.0929399000294724
20190626_hrrrt17_ordinary_kriging,30.0,0.98,19.94461441040039,14.919456481933594,0.1828255802392959,0.1579476147890091,0.1000971566619005
20190626_hrrrt17_pk,30.0,0.98,11.162315368652344,8.468061447143555,0.0568551681935787,0.028981015086174,0.0135965290223411
20190626_hrrrt17_npk,5.0,0.98,65.87918090820312,55.99742889404297,0.3047313988208771,0.1690367609262466,0.2656938870924599
20190626_hrrrt17_idw,5.0,0.98,20.509166717529297,15.99434757232666,0.1661179214715957,0.326716661453247,0.1102002251205124
20190626_hrrrt17_ordinary_kriging,5.0,0.98,26.45458030700684,21.157758712768555,0.2019379138946533,0.3117083311080932,0.1231573700854964
20190626_hrrrt17_pk,5.0,0.98,55.67408752441406,44.37922668457031,0.2423881739377975,0.1576337665319442,0.2436692356306313
20190628_hrrrt20_npk,10.0,0.98,79.36288452148438,66.01573181152344,0.3271806240081787,0.2399799227714538,0.2662004143825576
20190628_hrrrt20_idw,10.0,0.98,22.71734046936035,17.54163360595703,0.1790715903043747,0.3138471841812134,0.0868823634190146
20190628_hrrrt20_ordinary_kriging,10.0,0.98,27.182273864746094,21.42120933532715,0.192337617278099,0.232736736536026,0.083969223238951
20190628_hrrrt20_pk,10.0,0.98,61.584083557128906,47.812965393066406,0.2323317378759384,0.1809205412864685,0.2024123929650939
20190628_hrrrt20_npk,1.0,0.98,114.9956512451172,107.03205108642578,0.5397689938545227,0.5072166323661804,0.2888593943520365
20190628_hrrrt20_idw,1.0,0.98,23.87775611877441,17.660503387451172,0.2383265793323516,0.5628776550292969,0.0998665956450814
20190628_hrrrt20_ordinary_kriging,1.0,0.98,23.988588333129883,17.55843162536621,0.2381901741027832,0.4761920273303985,0.0995783543823749
20190628_hrrrt20_pk,1.0,0.98,98.33956909179688,86.51777648925781,0.4557887613773346,0.4572020769119262,0.3203974656859068
20190628_hrrrt20_npk,20.0,0.98,13.041412353515623,9.739701271057127,0.0554378665983676,0.0211746543645858,0.0157639087539269
20190628_hrrrt20_idw,20.0,0.98,19.78734970092773,13.547146797180176,0.1804470717906952,0.1856419295072555,0.0717019792848394
20190628_hrrrt20_ordinary_kriging,20.0,0.98,21.492979049682617,15.592309951782228,0.1917992383241653,0.1903277784585952,0.0847828586016247
20190628_hrrrt20_pk,20.0,0.98,12.780247688293455,9.608416557312012,0.0497586987912654,0.0152775552123785,0.0160408276577377
20190628_hrrrt20_npk,30.0,0.98,8.348222732543945,5.784170150756836,0.0386783964931964,0.0132107799872756,0.0361541044484508
20190628_hrrrt20_idw,30.0,0.98,17.718402862548828,12.268131256103516,0.1838510036468505,0.1667025983333587,0.0699036048742971
20190628_hrrrt20_ordinary_kriging,30.0,0.98,19.74030303955078,13.87970733642578,0.185385450720787,0.193305566906929,0.0759657015955281
20190628_hrrrt20_pk,30.0,0.98,9.744026184082031,6.7206315994262695,0.03825119510293,0.0121496208012104,0.0365395034712772
20190628_hrrrt20_npk,5.0,0.98,81.58341217041016,71.21145629882812,0.3623578250408172,0.2439088374376297,0.2607337991723092
20190628_hrrrt20_idw,5.0,0.98,20.5090274810791,15.3150053024292,0.2236775755882263,0.3365235924720764,0.0942781054530201
20190628_hrrrt20_ordinary_kriging,5.0,0.98,24.1213436126709,18.00462532043457,0.2402915507555008,0.3544782102108001,0.0995213811838553
20190628_hrrrt20_pk,5.0,0.98,72.7208251953125,57.91722869873047,0.2883294224739074,0.1933378875255584,0.2712922552118353
20190701_hrrrt22_npk,10.0,0.98,73.38334655761719,61.84920120239258,0.3120699226856231,0.2561882138252258,0.2595591999939777
20190701_hrrrt22_idw,10.0,0.98,17.62546157836914,12.789259910583496,0.1128852441906929,0.3007455170154571,0.072820156539784
20190701_hrrrt22_ordinary_kriging,10.0,0.98,22.807640075683597,17.38134002685547,0.133554607629776,0.2491008192300796,0.0759822181605527
20190701_hrrrt22_pk,10.0,0.98,65.52410888671875,53.880638122558594,0.2684878706932068,0.2194127887487411,0.2405481515945695
20190701_hrrrt22_npk,1.0,0.98,121.35892486572266,113.8853530883789,0.5981146693229675,0.5305271148681641,0.3617184672736313
20190701_hrrrt22_idw,1.0,0.98,20.773012161254883,14.963264465332031,0.1846636235713958,0.5526688098907471,0.0862663515861476
20190701_hrrrt22_ordinary_kriging,1.0,0.98,22.261186599731445,16.562870025634766,0.1930226534605026,0.4877431392669678,0.0831690140796761
20190701_hrrrt22_pk,1.0,0.98,104.26155090332033,93.63560485839844,0.498931348323822,0.5356722474098206,0.4024093539266138
20190701_hrrrt22_npk,20.0,0.98,22.689340591430664,14.83430004119873,0.0804805979132652,0.0485998280346393,0.09209840103315
20190701_hrrrt22_idw,20.0,0.98,15.961484909057615,10.806835174560549,0.1125662997364997,0.1730486154556274,0.0649942164772318
20190701_hrrrt22_ordinary_kriging,20.0,0.98,19.885358810424805,14.403417587280272,0.1436885595321655,0.1809426546096801,0.0778477226567303
20190701_hrrrt22_pk,20.0,0.98,15.37811279296875,11.191133499145508,0.0571304783225059,0.0290010049939155,0.0483302826761378
20190701_hrrrt22_npk,30.0,0.98,7.209192276000977,5.429218769073486,0.030922457575798,0.008383922278881,0.0319192294490006
20190701_hrrrt22_idw,30.0,0.98,15.544589042663574,10.425034523010254,0.1136983260512352,0.1498777270317077,0.0641953225677513
20190701_hrrrt22_ordinary_kriging,30.0,0.98,20.64523124694824,15.102161407470703,0.1515887230634689,0.1841766983270645,0.0762858031952361
20190701_hrrrt22_pk,30.0,0.98,8.41836929321289,6.033406734466553,0.0302987843751907,0.0096068819984793,0.0319001435931194
20190701_hrrrt22_npk,5.0,0.98,68.35906982421875,61.13180923461914,0.3226204812526703,0.233560711145401,0.2039406589664221
20190701_hrrrt22_idw,5.0,0.98,17.5415096282959,12.847379684448242,0.1705642193555832,0.3229098320007324,0.0800177626744623
20190701_hrrrt22_ordinary_kriging,5.0,0.98,20.78717994689941,15.15467643737793,0.1886423528194427,0.3425213694572449,0.087024199401026
20190701_hrrrt22_pk,5.0,0.98,67.26485443115234,55.95996856689453,0.302862286567688,0.2098277360200882,0.2705955793445753
20190702_hrrrt17_npk,10.0,0.98,72.65303802490234,57.62164306640625,0.2853831350803375,0.1799821704626083,0.2638462788104382
20190702_hrrrt17_idw,10.0,0.98,20.387365341186523,15.653376579284668,0.1644838005304336,0.2566319406032562,0.0946262318509468
20190702_hrrrt17_ordinary_kriging,10.0,0.98,23.00986862182617,17.76105308532715,0.1730373352766037,0.2607186734676361,0.0965509332395901
20190702_hrrrt17_pk,10.0,0.98,58.4455680847168,43.18903350830078,0.2092584818601608,0.1491842269897461,0.1937745739908478
20190702_hrrrt17_npk,1.0,0.98,119.33485412597656,111.41395568847656,0.5506426692008972,0.4945798218250274,0.412199026569482
20190702_hrrrt17_idw,1.0,0.98,25.321157455444336,18.7625732421875,0.183581069111824,0.5798019170761108,0.0979134221735475
20190702_hrrrt17_ordinary_kriging,1.0,0.98,30.55904197692871,24.05522727966309,0.2068078815937042,0.5024599432945251,0.0666724643397775
20190702_hrrrt17_pk,1.0,0.98,89.71807861328125,78.98416900634766,0.3857737481594085,0.420829176902771,0.2808935013227372
20190702_hrrrt17_npk,20.0,0.98,15.718854904174805,11.685993194580078,0.0627421513199806,0.0220872834324836,0.0216952468086697
20190702_hrrrt17_idw,20.0,0.98,18.13307380676269,12.571558952331545,0.1610930114984512,0.1470020562410354,0.0786701180898529
20190702_hrrrt17_ordinary_kriging,20.0,0.98,23.557188034057617,17.537382125854492,0.1893721967935562,0.1876054853200912,0.0945475209881009
20190702_hrrrt17_pk,20.0,0.98,13.509285926818848,9.696434020996094,0.0519952364265918,0.02351950481534,0.0255885972360317
20190702_hrrrt17_npk,30.0,0.98,8.964715003967285,6.426080703735352,0.0386615134775638,0.0189368370920419,0.0178485383738352
20190702_hrrrt17_idw,30.0,0.98,16.019655227661133,10.966876029968262,0.1625130623579025,0.128942996263504,0.0729405862943264
20190702_hrrrt17_ordinary_kriging,30.0,0.98,23.137264251708984,17.480823516845703,0.1938225924968719,0.1982986479997635,0.0900681811623239
20190702_hrrrt17_pk,30.0,0.98,8.967329025268555,6.389500617980957,0.0352055020630359,0.0133906751871109,0.0054059990384316
20190702_hrrrt17_npk,5.0,0.98,76.99261474609375,64.74588775634766,0.3154456317424774,0.1919579803943634,0.2699505693914549
20190702_hrrrt17_idw,5.0,0.98,23.05327033996582,17.593524932861328,0.1779017150402069,0.299510508775711,0.0982321354191596
20190702_hrrrt17_ordinary_kriging,5.0,0.98,26.14371490478516,19.72661781311035,0.188281163573265,0.3602102994918823,0.1030314567825652
20190702_hrrrt17_pk,5.0,0.98,66.4151611328125,52.37895584106445,0.2627872824668884,0.1467664092779159,0.2497392806856217
20190705_hrrrt18_npk,10.0,0.98,58.37001419067383,49.032005310058594,0.2820361256599426,0.1598674952983856,0.2774209269831185
20190705_hrrrt18_idw,10.0,0.98,19.053319931030277,14.43287181854248,0.197445347905159,0.2689499258995056,0.1209037249195053
20190705_hrrrt18_ordinary_kriging,10.0,0.98,28.610782623291016,22.77597045898437,0.2534144520759582,0.3296861350536346,0.1398007620046788
20190705_hrrrt18_pk,10.0,0.98,50.191402435302734,39.58195495605469,0.2259080559015274,0.119800329208374,0.2475705830046694
20190705_hrrrt18_npk,1.0,0.98,99.29776000976562,92.23175811767578,0.5021613836288452,0.4278034567832947,0.2637707031975257
20190705_hrrrt18_idw,1.0,0.98,32.3426513671875,26.10527610778809,0.2590515613555908,0.5797582268714905,0.1428357507197155
20190705_hrrrt18_ordinary_kriging,1.0,0.98,29.842878341674805,23.89866828918457,0.2416429966688156,0.542730987071991,0.1471890259305676
20190705_hrrrt18_pk,1.0,0.98,89.89006805419922,77.10745239257812,0.4219016134738922,0.4615029990673065,0.314491627778116
20190705_hrrrt18_npk,20.0,0.98,26.932640075683597,17.43729019165039,0.1008434444665908,0.0361913405358791,0.1231747685802145
20190705_hrrrt18_idw,20.0,0.98,16.05730438232422,11.715593338012695,0.191279262304306,0.129374474287033,0.0933330800142438
20190705_hrrrt18_ordinary_kriging,20.0,0.98,23.610815048217773,18.038145065307617,0.2353956550359726,0.1911673992872238,0.1173678522717546
20190705_hrrrt18_pk,20.0,0.98,15.969161987304688,11.571795463562012,0.0661253929138183,0.0232231486588716,0.0618809424248649
20190705_hrrrt18_npk,30.0,0.98,8.771665573120117,6.908647060394287,0.0447671599686145,0.0124500654637813,0.0259271588344358
20190705_hrrrt18_idw,30.0,0.98,16.553503036499023,11.941771507263184,0.2099528312683105,0.1187233477830886,0.0955680199951511
20190705_hrrrt18_ordinary_kriging,30.0,0.98,20.66046905517578,15.18061351776123,0.2312360554933548,0.1670969128608703,0.1044723923534431
20190705_hrrrt18_pk,30.0,0.98,9.244635581970217,7.19236421585083,0.0440348424017429,0.0150263728573918,0.0315790488274714
20190705_hrrrt18_npk,5.0,0.98,57.316104888916016,51.30704116821289,0.2905335426330566,0.1449285894632339,0.2432974986554174
20190705_hrrrt18_idw,5.0,0.98,27.521709442138672,20.64388465881348,0.2402001917362213,0.3031052052974701,0.1375834694461036
20190705_hrrrt18_ordinary_kriging,5.0,0.98,31.719932556152344,25.00667953491211,0.2730748057365417,0.4028175175189972,0.145438179595877
20190705_hrrrt18_pk,5.0,0.98,53.115177154541016,44.461456298828125,0.2696533799171448,0.1256974041461944,0.2992173854724073
20190706_hrrrt20_npk,10.0,0.98,36.68117904663086,28.07811164855957,0.1917416006326675,0.1854422390460968,0.0931328609211956
20190706_hrrrt20_idw,10.0,0.98,23.96782112121582,16.053430557250977,0.1449276059865951,0.4043799638748169,0.1532983089633376
20190706_hrrrt20_ordinary_kriging,10.0,0.98,27.436872482299805,18.985353469848636,0.159990906715393,0.2540135681629181,0.151341417341888
20190706_hrrrt20_pk,10.0,0.98,35.27199935913086,26.38406562805176,0.176742821931839,0.1903026700019836,0.0534772821346513
20190706_hrrrt20_npk,1.0,0.98,70.10340118408203,61.53673553466797,0.4590233862400055,0.4065972864627838,0.2191941016816754
20190706_hrrrt20_idw,1.0,0.98,30.04718971252441,23.17430877685547,0.2340418100357055,0.5866790413856506,0.1348512535486443
20190706_hrrrt20_ordinary_kriging,1.0,0.98,30.25009536743164,22.49383544921875,0.2209417521953582,0.4835331737995147,0.1669838289338868
20190706_hrrrt20_pk,1.0,0.98,56.99496841430664,46.93148040771485,0.3363663852214813,0.3834802508354187,0.1582018563153725
20190706_hrrrt20_npk,20.0,0.98,14.67854118347168,10.60390567779541,0.0814468935132026,0.0928717851638794,0.0421448669882091
20190706_hrrrt20_idw,20.0,0.98,20.24566078186035,15.26914882659912,0.1636798232793808,0.1976494789123535,0.1121381370287707
20190706_hrrrt20_ordinary_kriging,20.0,0.98,21.67106437683105,16.418066024780273,0.168960765004158,0.1935987323522567,0.1325356049821056
20190706_hrrrt20_pk,20.0,0.98,15.746200561523438,10.803726196289062,0.0816482305526733,0.0978952646255493,0.0520855791559339
20190706_hrrrt20_npk,30.0,0.98,13.747917175292969,8.641213417053223,0.0660072863101959,0.0878432989120483,0.0458270847055075
20190706_hrrrt20_idw,30.0,0.98,16.22525978088379,10.838563919067385,0.125677615404129,0.1752848178148269,0.1001048071906299
20190706_hrrrt20_ordinary_kriging,30.0,0.98,16.482545852661133,11.07740592956543,0.1188593059778213,0.1767898797988891,0.0908461408197454
20190706_hrrrt20_pk,30.0,0.98,12.927619934082031,7.957415580749512,0.0552195459604263,0.0852236151695251,0.0407681724174779
20190706_hrrrt20_npk,5.0,0.98,44.928001403808594,36.55472946166992,0.2803177535533905,0.2219723165035247,0.1512865622229539
20190706_hrrrt20_idw,5.0,0.98,22.4004020690918,15.39773941040039,0.1833295971155166,0.4296870529651642,0.1535414301458312
20190706_hrrrt20_ordinary_kriging,5.0,0.98,27.043880462646484,19.70195198059082,0.2152266800403595,0.4261358380317688,0.1649054265549768
20190706_hrrrt20_pk,5.0,0.98,47.12228393554688,36.970516204833984,0.2743355333805084,0.2026120871305465,0.1323653192570822
20190706_hrrrt23_npk,10.0,0.98,64.32076263427734,51.17520904541016,0.3036538660526275,0.2134790122509002,0.2642377980168425
20190706_hrrrt23_idw,10.0,0.98,27.25,20.097097396850582,0.1850987821817398,0.3842964768409729,0.1831530115406085
20190706_hrrrt23_ordinary_kriging,10.0,0.98,39.28631210327149,30.07811164855957,0.2699111402034759,0.2253604233264923,0.2198753122701577
20190706_hrrrt23_pk,10.0,0.98,61.950286865234375,48.85636901855469,0.2874778509140014,0.2050318717956543,0.2340236158296343
20190706_hrrrt23_npk,1.0,0.98,89.10961151123047,78.3099136352539,0.4592424631118774,0.3274716138839721,0.2413067970567953
20190706_hrrrt23_idw,1.0,0.98,31.590412139892575,24.68047332763672,0.2300143539905548,0.5888627767562866,0.1968082378087623
20190706_hrrrt23_ordinary_kriging,1.0,0.98,40.44476318359375,30.263559341430664,0.2852135896682739,0.463422954082489,0.2319068971943614
20190706_hrrrt23_pk,1.0,0.98,75.61546325683594,64.8004150390625,0.3850632309913635,0.2895660698413849,0.2806673197328913
20190706_hrrrt23_npk,20.0,0.98,18.277002334594727,13.403722763061523,0.0947426930069923,0.066853828728199,0.0400490574607802
20190706_hrrrt23_idw,20.0,0.98,22.68735122680664,16.78059196472168,0.1974503993988037,0.1133599728345871,0.1747711783696967
20190706_hrrrt23_ordinary_kriging,20.0,0.98,27.422134399414062,19.612754821777344,0.2226888835430145,0.0878825858235359,0.1876872802457476
20190706_hrrrt23_pk,20.0,0.98,20.57103157043457,14.52810764312744,0.099765308201313,0.0669730007648468,0.1023549632849013
20190706_hrrrt23_npk,30.0,0.98,14.494600296020508,9.908647537231444,0.0759562999010086,0.0427759476006031,0.0693407236294082
20190706_hrrrt23_idw,30.0,0.98,25.03545570373535,18.149232864379883,0.2197498083114624,0.1022367626428604,0.1809735137336421
20190706_hrrrt23_ordinary_kriging,30.0,0.98,26.295068740844727,18.665620803833008,0.2248585522174835,0.0829458907246589,0.1792735520968741
20190706_hrrrt23_pk,30.0,0.98,15.36660385131836,10.093612670898438,0.0793727785348892,0.0384565852582454,0.0459194282204316
20190706_hrrrt23_npk,5.0,0.98,55.002437591552734,45.89516830444336,0.2721707224845886,0.2091669887304306,0.1380368738873653
20190706_hrrrt23_idw,5.0,0.98,30.04628562927246,22.037769317626957,0.2186202853918075,0.4321087896823883,0.2096441706349367
20190706_hrrrt23_ordinary_kriging,5.0,0.98,40.91033172607422,31.16007232666016,0.2928890883922577,0.3788315057754516,0.2315297008403398
20190706_hrrrt23_pk,5.0,0.98,49.74425506591797,40.190696716308594,0.2445488721132278,0.1859503388404846,0.18900481899956
20190708_hrrrt17_npk,10.0,0.98,69.82612609863281,57.78464889526367,0.2896251380443573,0.1713843941688537,0.1681546245959413
20190708_hrrrt17_idw,10.0,0.98,28.274560928344727,21.599403381347656,0.1506432145833969,0.3143813908100128,0.1052986452172862
20190708_hrrrt17_ordinary_kriging,10.0,0.98,33.326026916503906,25.477895736694336,0.1639052629470825,0.235051691532135,0.0913332954976863
20190708_hrrrt17_pk,10.0,0.98,71.19326782226562,56.83038330078125,0.2825042009353637,0.1730481684207916,0.2110477922119585
20190708_hrrrt17_npk,1.0,0.98,112.35362243652344,104.37129974365234,0.5567140579223633,0.3986777663230896,0.2524097374908027
20190708_hrrrt17_idw,1.0,0.98,52.16087341308594,45.0885124206543,0.3014533221721649,0.6269441843032837,0.1196237315316344
20190708_hrrrt17_ordinary_kriging,1.0,0.98,53.0445442199707,47.8237190246582,0.3221627473831177,0.5258251428604126,0.1421621890631525
20190708_hrrrt17_pk,1.0,0.98,101.3036117553711,91.39527893066406,0.4904213547706604,0.4779479801654815,0.281151608648722
20190708_hrrrt17_npk,20.0,0.98,19.45137023925781,14.289288520812988,0.0797433257102966,0.0389418192207813,0.0609119069809035
20190708_hrrrt17_idw,20.0,0.98,17.63729476928711,13.376258850097656,0.1248931661248207,0.1820071190595626,0.0775171240169852
20190708_hrrrt17_ordinary_kriging,20.0,0.98,16.678226470947266,12.010680198669434,0.1045506745576858,0.1764509081840515,0.0627738138345844
20190708_hrrrt17_pk,20.0,0.98,18.330591201782227,13.404111862182615,0.0712372064590454,0.0361735336482524,0.0533849887075832
20190708_hrrrt17_npk,30.0,0.98,12.19648265838623,9.016387939453123,0.0519335269927978,0.035954050719738,0.0226923029589338
20190708_hrrrt17_idw,30.0,0.98,17.26143455505371,12.657252311706545,0.1272942721843719,0.1600838899612426,0.0821025699792399
20190708_hrrrt17_ordinary_kriging,30.0,0.98,14.971835136413574,10.395746231079102,0.1028265506029129,0.1601071655750274,0.072101390050902
20190708_hrrrt17_pk,30.0,0.98,13.675048828125,9.432085037231444,0.0503102503716945,0.0322015732526779,0.0314267944755583
20190708_hrrrt17_npk,5.0,0.98,79.08415985107422,68.89234161376953,0.3671559393405914,0.2061731219291687,0.20470457909488
20190708_hrrrt17_idw,5.0,0.98,22.020050048828125,16.521839141845703,0.1768494546413421,0.3361539542675018,0.1147288291189643
20190708_hrrrt17_ordinary_kriging,5.0,0.98,25.071874618530277,18.892343521118164,0.1887860596179962,0.2197787165641784,0.1092399044992125
20190708_hrrrt17_pk,5.0,0.98,79.49896240234375,64.28157806396484,0.3391630351543426,0.1815515160560608,0.2758425816899424
20190710_hrrrt19_npk,10.0,0.98,61.503719329833984,50.51668167114258,0.2716574370861053,0.2111463844776153,0.283840392952843
20190710_hrrrt19_idw,10.0,0.98,21.60441398620605,15.767290115356444,0.2020473778247833,0.2864880561828613,0.1055075876269521
20190710_hrrrt19_ordinary_kriging,10.0,0.98,30.24323272705078,25.18633079528809,0.2724323570728302,0.2646886110305786,0.1356600566605104
20190710_hrrrt19_pk,10.0,0.98,52.2271728515625,41.94374465942383,0.2305704355239868,0.1788854002952575,0.247408150509296
20190710_hrrrt19_npk,1.0,0.98,103.09677124023438,97.16938018798828,0.5232053995132446,0.4435633420944214,0.2861650387486315
20190710_hrrrt19_idw,1.0,0.98,22.04476547241211,16.062870025634766,0.1875740140676498,0.5707783699035645,0.0676884847584221
20190710_hrrrt19_ordinary_kriging,1.0,0.98,30.207218170166016,25.481016159057617,0.2590101957321167,0.4601480960845947,0.1456069102925834
20190710_hrrrt19_pk,1.0,0.98,80.05604553222656,71.2486343383789,0.3839009404182434,0.333942174911499,0.2892797895633793
20190710_hrrrt19_npk,20.0,0.98,13.839152336120604,10.593225479125977,0.070376306772232,0.052078478038311,0.0622964021750977
20190710_hrrrt19_idw,20.0,0.98,21.260578155517575,15.277997970581056,0.222455620765686,0.1713917851448059,0.1048877983670945
20190710_hrrrt19_ordinary_kriging,20.0,0.98,30.10284996032715,25.202014923095703,0.2949889302253723,0.2043874263763427,0.1328162147644961
20190710_hrrrt19_pk,20.0,0.98,10.498894691467283,7.621586799621582,0.0477275364100933,0.0327950194478035,0.0343473350839049
20190710_hrrrt19_npk,30.0,0.98,11.081068992614746,8.090655326843262,0.0502961836755275,0.0354781933128833,0.0463339333248825
20190710_hrrrt19_idw,30.0,0.98,15.738470077514648,11.334728240966797,0.2075868248939514,0.1552419811487198,0.0861618982849562
20190710_hrrrt19_ordinary_kriging,30.0,0.98,18.08056640625,13.13772678375244,0.2210811525583267,0.1729931831359863,0.0936681702428433
20190710_hrrrt19_pk,30.0,0.98,8.560359001159668,6.425844192504883,0.0458304770290851,0.021921869367361,0.0046482550570405
20190710_hrrrt19_npk,5.0,0.98,68.76539611816406,58.79059600830078,0.3191715776920318,0.2170602679252624,0.3356105446306902
20190710_hrrrt19_idw,5.0,0.98,22.391115188598636,16.42060661315918,0.1984240859746933,0.3398825526237488,0.1061555950698397
20190710_hrrrt19_ordinary_kriging,5.0,0.98,31.065635681152344,26.37384414672852,0.2719508409500122,0.3311520516872406,0.1429626106834481
20190710_hrrrt19_pk,5.0,0.98,63.1763916015625,49.71842193603516,0.2747976779937744,0.1690057665109634,0.3338087506077897
20190711_hrrrt21_npk,10.0,0.98,74.71556854248047,60.70572280883789,0.3195179998874664,0.2433444559574127,0.3293838695660858
20190711_hrrrt21_idw,10.0,0.98,16.110986709594727,11.91700553894043,0.1381861716508865,0.2603602409362793,0.0988025507676911
20190711_hrrrt21_ordinary_kriging,10.0,0.98,27.940568923950195,23.221590042114254,0.2102992385625839,0.3027910888195038,0.1317043592300918
20190711_hrrrt21_pk,10.0,0.98,58.82020950317383,47.77241516113281,0.2544797360897064,0.1800882816314697,0.2470405308604848
20190711_hrrrt21_npk,1.0,0.98,113.61258697509766,106.83876037597656,0.5610095858573914,0.4753809869289398,0.3736872124049689
20190711_hrrrt21_idw,1.0,0.98,19.67882537841797,14.824211120605469,0.1470296829938888,0.548129141330719,0.06823323334483
20190711_hrrrt21_ordinary_kriging,1.0,0.98,28.494112014770508,23.96326446533203,0.2089212983846664,0.4241744875907898,0.1393165394792677
20190711_hrrrt21_pk,1.0,0.98,88.87165832519531,79.74513244628906,0.4200308322906494,0.3548685610294342,0.3274398332990886
20190711_hrrrt21_npk,20.0,0.98,13.171378135681152,10.012511253356934,0.0552527047693729,0.0266106519848108,0.0468448239572704
20190711_hrrrt21_idw,20.0,0.98,15.438173294067385,10.966432571411133,0.1505115628242492,0.1450020968914032,0.096954967225647
20190711_hrrrt21_ordinary_kriging,20.0,0.98,25.972597122192383,21.296003341674805,0.2150326520204544,0.1910524815320968,0.1235276280867796
20190711_hrrrt21_pk,20.0,0.98,16.365436553955078,12.35945987701416,0.0725669711828231,0.0291248764842748,0.0647434268337718
20190711_hrrrt21_npk,30.0,0.98,7.463509559631348,5.819735050201416,0.033998679369688,0.0149174192920327,0.0224604468047455
20190711_hrrrt21_idw,30.0,0.98,14.846635818481444,10.550209045410156,0.1558448672294616,0.1258568316698074,0.088614153728274
20190711_hrrrt21_ordinary_kriging,30.0,0.98,20.84646224975586,15.983612060546877,0.1900443434715271,0.1712430715560913,0.1038015168459415
20190711_hrrrt21_pk,30.0,0.98,6.846867084503174,5.333333492279053,0.0335896909236907,0.0125697646290063,0.0183684619616579
20190711_hrrrt21_npk,5.0,0.98,77.76480102539062,67.16341400146484,0.3587239384651184,0.2278954237699508,0.358219818698525
20190711_hrrrt21_idw,5.0,0.98,17.8426513671875,13.76464557647705,0.1487940996885299,0.2926325500011444,0.1064662918940462
20190711_hrrrt21_ordinary_kriging,5.0,0.98,28.62114715576172,23.978931427001957,0.2147572189569473,0.3302710056304931,0.1366521460969158
20190711_hrrrt21_pk,5.0,0.98,56.90828323364258,46.63862609863281,0.2523585259914398,0.1395702064037323,0.2735183885391186
20180601_hrrrt17_npk,10.0,0.98,55.617835998535156,45.804718017578125,0.2740650177001953,0.1610649824142456,0.3214932079316252
20180601_hrrrt17_idw,10.0,0.98,20.865955352783203,16.444263458251953,0.15130656957626343,0.1869705319404602,0.09876567339681104
20180601_hrrrt17_ordinary_kriging,10.0,0.98,27.25531005859375,22.20748519897461,0.18724705278873444,0.1500154584646225,0.11294068679543619
20180601_hrrrt17_pk,10.0,0.98,43.49078369140625,34.60365676879883,0.20720231533050537,0.12431742250919342,0.24287124547930247
20180601_hrrrt17_npk,1.0,0.98,81.89440155029297,77.39866638183594,0.43962225317955017,0.37866079807281494,0.2714541934036424
20180601_hrrrt17_idw,1.0,0.98,27.197843551635742,22.966222763061523,0.18562737107276917,0.5788981914520264,0.10812933896576551
20180601_hrrrt17_ordinary_kriging,1.0,0.98,31.670618057250977,26.814102172851562,0.2124176025390625,0.4582270085811615,0.12760774342963502
20180601_hrrrt17_pk,1.0,0.98,73.94042205810547,66.3929443359375,0.3809417486190796,0.3337768614292145,0.3282580293022042
20180601_hrrrt17_npk,20.0,0.98,15.218478202819824,11.641745567321777,0.07474030554294586,0.02636745199561119,0.08270064071404966
20180601_hrrrt17_idw,20.0,0.98,13.316560745239258,8.83582592010498,0.10893318802118301,0.13894927501678467,0.08066595985640988
20180601_hrrrt17_ordinary_kriging,20.0,0.98,14.909584045410156,10.405553817749023,0.11727216094732285,0.11721760779619217,0.08806999055740644
20180601_hrrrt17_pk,20.0,0.98,17.2574462890625,13.819466590881348,0.08404655009508133,0.03035879321396351,0.08839027096594654
20180601_hrrrt17_npk,30.0,0.98,11.631876945495605,8.27405834197998,0.05435803160071373,0.021362539380788803,0.05490059803843994
20180601_hrrrt17_idw,30.0,0.98,13.772003173828125,9.401673316955566,0.11894189566373825,0.10937382280826569,0.08565388121225345
20180601_hrrrt17_ordinary_kriging,30.0,0.98,15.418929100036621,10.760808944702148,0.126145139336586,0.10285837948322296,0.08741686331039104
20180601_hrrrt17_pk,30.0,0.98,9.235696792602539,6.842878341674805,0.04523443058133125,0.020627951249480247,0.036206479889584094
20180601_hrrrt17_npk,5.0,0.98,68.09874725341797,58.976619720458984,0.3479551076889038,0.22566381096839905,0.3818083423054627
20180601_hrrrt17_idw,5.0,0.98,19.591413497924805,15.225334167480469,0.1399470567703247,0.26638999581336975,0.11203340335045658
20180601_hrrrt17_ordinary_kriging,5.0,0.98,25.78546142578125,20.934738159179688,0.17308084666728973,0.15538577735424042,0.12231219088491466
20180601_hrrrt17_pk,5.0,0.98,64.40270233154297,50.24831008911133,0.2959519326686859,0.1872100681066513,0.3801997490267854
20180602_hrrrt20_npk,10.0,0.98,60.463768005371094,50.838623046875,0.288350909948349,0.2975151836872101,0.2588165422435667
20180602_hrrrt20_idw,10.0,0.98,21.3642635345459,16.83482551574707,0.14216360449790955,0.44384050369262695,0.12325613473408918
20180602_hrrrt20_ordinary_kriging,10.0,0.98,30.856456756591797,25.183074951171875,0.19254948198795319,0.1605648547410965,0.14435614931366014
20180602_hrrrt20_pk,10.0,0.98,48.3121223449707,39.82210159301758,0.2242005616426468,0.25429773330688477,0.19227247437824865
20180602_hrrrt20_npk,1.0,0.98,95.75999450683594,90.56928253173828,0.5163471698760986,0.5325697660446167,0.3424766959181072
20180602_hrrrt20_idw,1.0,0.98,26.884366989135742,19.926528930664062,0.16106608510017395,0.7420336008071899,0.05391223302317295
20180602_hrrrt20_ordinary_kriging,1.0,0.98,34.16547393798828,27.87771224975586,0.2235831618309021,0.5492722392082214,0.14980839894931047
20180602_hrrrt20_pk,1.0,0.98,75.38639068603516,66.9789810180664,0.3855060935020447,0.38024842739105225,0.293540828345455
20180602_hrrrt20_npk,20.0,0.98,18.672752380371094,13.900823593139648,0.08365736901760101,0.07274509966373444,0.0398099256537626
20180602_hrrrt20_idw,20.0,0.98,22.147533416748047,17.11565399169922,0.1489236205816269,0.2282474935054779,0.11507542856184529
20180602_hrrrt20_ordinary_kriging,20.0,0.98,32.041324615478516,25.977418899536133,0.19974058866500854,0.21901437640190125,0.14001575612796946
20180602_hrrrt20_pk,20.0,0.98,19.974124908447266,14.624478340148926,0.08889836072921753,0.08495379984378815,0.030413538373450504
20180602_hrrrt20_npk,30.0,0.98,12.87635612487793,9.724546432495117,0.06272399425506592,0.07228834927082062,0.038309243067864894
20180602_hrrrt20_idw,30.0,0.98,17.54937171936035,13.608089447021484,0.13504280149936676,0.18477901816368103,0.08275072429256715
20180602_hrrrt20_ordinary_kriging,30.0,0.98,30.41629981994629,24.2935848236084,0.19733451306819916,0.2219090312719345,0.12466127950675934
20180602_hrrrt20_pk,30.0,0.98,12.763334274291992,9.473200798034668,0.06475751847028732,0.06555435806512833,0.03392049472668071
20180602_hrrrt20_npk,5.0,0.98,62.92021942138672,54.99665832519531,0.3141063153743744,0.33246439695358276,0.2697075007439355
20180602_hrrrt20_idw,5.0,0.98,20.732086181640625,16.324512481689453,0.1404624730348587,0.5185030102729797,0.12257912969735772
20180602_hrrrt20_ordinary_kriging,5.0,0.98,30.670093536376953,25.144399642944336,0.19234482944011688,0.15854543447494507,0.14683443602221824
20180602_hrrrt20_pk,5.0,0.98,70.28288269042969,57.11171340942383,0.3279949724674225,0.3303610682487488,0.3622344178303943
20180603_hrrrt18_npk,10.0,0.98,72.20803833007812,58.75942611694336,0.29057735204696655,0.2782495617866516,0.24562787618000198
20180603_hrrrt18_idw,10.0,0.98,18.259550094604492,13.991049766540527,0.12369601428508759,0.3608800172805786,0.08359459656536064
20180603_hrrrt18_ordinary_kriging,10.0,0.98,22.627321243286133,18.24681282043457,0.1477770209312439,0.2771839201450348,0.09622624095158513
20180603_hrrrt18_pk,10.0,0.98,52.54345703125,41.92490005493164,0.21437238156795502,0.23983101546764374,0.1791938072405393
20180603_hrrrt18_npk,1.0,0.98,127.40447235107422,121.47657775878906,0.6046537160873413,0.4725648760795593,0.47997013076144407
20180603_hrrrt18_idw,1.0,0.98,21.01015281677246,16.112918853759766,0.13341468572616577,0.6743970513343811,0.060270288088591015
20180603_hrrrt18_ordinary_kriging,1.0,0.98,23.3834171295166,18.188610076904297,0.14722806215286255,0.3851533532142639,0.07655618646093704
20180603_hrrrt18_pk,1.0,0.98,100.36560821533203,88.99325561523438,0.4428102374076843,0.44117891788482666,0.3940237742199374
20180603_hrrrt18_npk,20.0,0.98,18.555444717407227,13.351845741271973,0.07502632588148117,0.06336478143930435,0.04614240934167269
20180603_hrrrt18_idw,20.0,0.98,15.676972389221191,11.486725807189941,0.12002842873334885,0.2134282886981964,0.07026363327455208
20180603_hrrrt18_ordinary_kriging,20.0,0.98,20.58009147644043,16.13152313232422,0.1472107470035553,0.1462293565273285,0.08718232667051842
20180603_hrrrt18_pk,20.0,0.98,19.09544563293457,14.44587230682373,0.07789111137390137,0.06098281592130661,0.04808359594432558
20180603_hrrrt18_npk,30.0,0.98,11.284330368041992,8.518131256103516,0.050975874066352844,0.053051650524139404,0.03494475499748984
20180603_hrrrt18_idw,30.0,0.98,16.10182762145996,11.96338939666748,0.13147787749767303,0.17724299430847168,0.07353782503548283
20180603_hrrrt18_ordinary_kriging,30.0,0.98,22.073423385620117,17.641212463378906,0.16339488327503204,0.14142528176307678,0.08686583571999133
20180603_hrrrt18_pk,30.0,0.98,11.37114143371582,8.493024826049805,0.04693315550684929,0.041260045021772385,0.032550509831314495
20180603_hrrrt18_npk,5.0,0.98,81.60665893554688,68.68601989746094,0.341010183095932,0.32695651054382324,0.31592160580252704
20180603_hrrrt18_idw,5.0,0.98,19.12237548828125,15.013617515563965,0.1267348974943161,0.47488850355148315,0.09011928798653286
20180603_hrrrt18_ordinary_kriging,5.0,0.98,22.182161331176758,17.80935287475586,0.14245086908340454,0.20150507986545563,0.09740737897909063
20180603_hrrrt18_pk,5.0,0.98,60.829444885253906,48.7730598449707,0.24227489531040192,0.2503563165664673,0.21799653549349657
20180603_hrrrt20_npk,10.0,0.98,79.24052429199219,64.86845397949219,0.3294302821159363,0.30166465044021606,0.3087222250661342
20180603_hrrrt20_idw,10.0,0.98,15.42789077758789,11.531597137451172,0.11238772422075272,0.37009239196777344,0.07364247343995452
20180603_hrrrt20_ordinary_kriging,10.0,0.98,19.6965389251709,15.400867462158203,0.13538581132888794,0.21675696969032288,0.08355469038504765
20180603_hrrrt20_pk,10.0,0.98,48.74599838256836,39.41461944580078,0.21034783124923706,0.19467854499816895,0.15254532358041314
20180603_hrrrt20_npk,1.0,0.98,118.77289581298828,114.14620208740234,0.5666046738624573,0.4528137743473053,0.3284027630584319
20180603_hrrrt20_idw,1.0,0.98,17.761730194091797,13.465729713439941,0.11881732940673828,0.6567900776863098,0.057490773762136044
20180603_hrrrt20_ordinary_kriging,1.0,0.98,22.57671546936035,17.28205108642578,0.13957682251930237,0.3640326261520386,0.011903659072505467
20180603_hrrrt20_pk,1.0,0.98,83.75407409667969,74.48429870605469,0.36843928694725037,0.3086923360824585,0.27472413652291466
20180603_hrrrt20_npk,20.0,0.98,16.47566032409668,11.963075637817383,0.0752037838101387,0.07542678713798523,0.04070764038666931
20180603_hrrrt20_idw,20.0,0.98,13.909226417541504,10.111687660217285,0.1130339503288269,0.24382250010967255,0.06429494936559482
20180603_hrrrt20_ordinary_kriging,20.0,0.98,17.709064483642578,13.43881607055664,0.13200266659259796,0.14834429323673248,0.07629535601907907
20180603_hrrrt20_pk,20.0,0.98,19.081167221069336,14.275297164916992,0.09225758165121078,0.06681116670370102,0.05309934265524983
20180603_hrrrt20_npk,30.0,0.98,11.77500057220459,8.582286834716797,0.06458225101232529,0.06344226747751236,0.028235707757284963
20180603_hrrrt20_idw,30.0,0.98,14.547630310058594,10.61820125579834,0.12356825172901154,0.18250437080860138,0.06624697100507093
20180603_hrrrt20_ordinary_kriging,30.0,0.98,19.15401268005371,14.722105979919434,0.1443687379360199,0.1444724202156067,0.07624746139913795
20180603_hrrrt20_pk,30.0,0.98,11.20803451538086,8.241923332214355,0.06820505112409592,0.05716061592102051,0.03530053465455708
20180603_hrrrt20_npk,5.0,0.98,79.65631103515625,67.42008972167969,0.33389756083488464,0.3166547417640686,0.2956884406538676
20180603_hrrrt20_idw,5.0,0.98,16.463186264038086,12.613566398620605,0.11598378419876099,0.4453539252281189,0.07997286423576519
20180603_hrrrt20_ordinary_kriging,5.0,0.98,15.941061019897461,12.380010604858398,0.11307471990585327,0.17830869555473328,0.07660121692461093
20180603_hrrrt20_pk,5.0,0.98,69.47828674316406,56.080875396728516,0.28403928875923157,0.2684560716152191,0.27270174378147244
20180610_hrrrt19_npk,10.0,0.98,58.76666259765625,48.55194091796875,0.26437532901763916,0.22586792707443237,0.2483602289324561
20180610_hrrrt19_idw,10.0,0.98,27.25962257385254,20.275562286376953,0.20226514339447021,0.30707454681396484,0.11872621637620225
20180610_hrrrt19_ordinary_kriging,10.0,0.98,31.35013198852539,24.599132537841797,0.22582527995109558,0.18683798611164093,0.12583115623157784
20180610_hrrrt19_pk,10.0,0.98,45.41783142089844,35.67161560058594,0.2022339403629303,0.1301126629114151,0.21277629170594142
20180610_hrrrt19_npk,1.0,0.98,119.78388977050781,110.63683319091797,0.5605382323265076,0.5025379657745361,0.3203003214278995
20180610_hrrrt19_idw,1.0,0.98,31.63148307800293,24.573965072631836,0.21824374794960022,0.6051507592201233,0.11550897086577327
20180610_hrrrt19_ordinary_kriging,1.0,0.98,29.790664672851562,23.468441009521484,0.2094670832157135,0.4871496856212616,0.12860337816767187
20180610_hrrrt19_pk,1.0,0.98,96.40487670898438,84.70178985595703,0.44166505336761475,0.48526448011398315,0.3484914917966833
20180610_hrrrt19_npk,20.0,0.98,10.430510520935059,7.192859172821045,0.05223213508725166,0.014169669710099697,0.014459702138281098
20180610_hrrrt19_idw,20.0,0.98,25.22966194152832,18.79279899597168,0.19858288764953613,0.1599658727645874,0.10618386445944285
20180610_hrrrt19_ordinary_kriging,20.0,0.98,29.811384201049805,23.66097068786621,0.22386369109153748,0.15923765301704407,0.12018937886526904
20180610_hrrrt19_pk,20.0,0.98,8.620882987976074,6.166720390319824,0.053322695195674896,0.012551898136734962,0.03772564907102119
20180610_hrrrt19_npk,30.0,0.98,6.399856090545654,4.778242588043213,0.025205135345458984,0.009945636615157127,0.027934085118386354
20180610_hrrrt19_idw,30.0,0.98,20.04776382446289,15.605997085571289,0.09089399129152298,0.12038689851760864,0.08251841324490185
20180610_hrrrt19_ordinary_kriging,30.0,0.98,26.976959228515625,21.634239196777344,0.12057095021009445,0.12441838532686234,0.09926746409397477
20180610_hrrrt19_pk,30.0,0.98,6.343276023864746,4.714390754699707,0.02565244771540165,0.011509168893098831,0.02894827173534876
20180610_hrrrt19_npk,5.0,0.98,69.16816711425781,58.060638427734375,0.31044548749923706,0.2508638799190521,0.31099427524416645
20180610_hrrrt19_idw,5.0,0.98,30.023149490356445,22.353546142578125,0.21205568313598633,0.3788480758666992,0.12285462475996747
20180610_hrrrt19_ordinary_kriging,5.0,0.98,32.5109977722168,25.2230224609375,0.2274937778711319,0.21334747970104218,0.1274647250293303
20180610_hrrrt19_pk,5.0,0.98,64.63117980957031,50.498512268066406,0.2800566256046295,0.20537813007831573,0.30323733878533693
20180612_hrrrt17_npk,10.0,0.98,44.50766372680664,38.612152099609375,0.29319441318511963,0.13400736451148987,0.1771621283743494
20180612_hrrrt17_idw,10.0,0.98,27.224592208862305,18.408191680908203,0.2274794727563858,0.325189471244812,0.18795219546734138
20180612_hrrrt17_ordinary_kriging,10.0,0.98,32.31368637084961,22.61865997314453,0.26680949330329895,0.18903838098049164,0.19632652714431403
20180612_hrrrt17_pk,10.0,0.98,35.25748825073242,30.485721588134766,0.23086312413215637,0.10479861497879028,0.13651352019966068
20180612_hrrrt17_npk,1.0,0.98,84.94873809814453,77.83900451660156,0.5464355945587158,0.3539971709251404,0.1580582163016509
20180612_hrrrt17_idw,1.0,0.98,30.914548873901367,21.350345611572266,0.21946991980075836,0.6400460004806519,0.18111654955183062
20180612_hrrrt17_ordinary_kriging,1.0,0.98,36.14078903198242,27.927268981933594,0.2725519835948944,0.49381279945373535,0.20868283009419963
20180612_hrrrt17_pk,1.0,0.98,70.252685546875,62.89826202392578,0.46320101618766785,0.39348718523979187,0.26565946126407586
20180612_hrrrt17_npk,20.0,0.98,19.215822219848633,14.370155334472656,0.13122238218784332,0.07542341202497482,0.12878508988004886
20180612_hrrrt17_idw,20.0,0.98,29.58128547668457,20.363441467285156,0.25663983821868896,0.23806282877922058,0.19207739421940612
20180612_hrrrt17_ordinary_kriging,20.0,0.98,37.35360336303711,27.975282669067383,0.31798791885375977,0.2504221498966217,0.20388497776830866
20180612_hrrrt17_pk,20.0,0.98,16.572874069213867,12.167362213134766,0.1169881522655487,0.07030410319566727,0.1245090957170518
20180612_hrrrt17_npk,30.0,0.98,13.041974067687988,9.964086532592773,0.0751744881272316,0.05924016982316971,0.06408654856713904
20180612_hrrrt17_idw,30.0,0.98,20.17701530456543,13.768828392028809,0.1309824287891388,0.19344328343868256,0.13243551197199477
20180612_hrrrt17_ordinary_kriging,30.0,0.98,25.33921241760254,17.494770050048828,0.16452233493328094,0.1611601710319519,0.1454983381389639
20180612_hrrrt17_pk,30.0,0.98,16.52366828918457,11.707782745361328,0.09114477783441544,0.056730180978775024,0.08473087178633099
20180612_hrrrt17_npk,5.0,0.98,47.70453643798828,42.11099624633789,0.30554574728012085,0.1603509783744812,0.14020516036747277
20180612_hrrrt17_idw,5.0,0.98,26.22170639038086,18.017215728759766,0.21845369040966034,0.38849788904190063,0.18566383508557288
20180612_hrrrt17_ordinary_kriging,5.0,0.98,29.593017578125,21.474821090698242,0.2483459860086441,0.1460881233215332,0.19056356554409143
20180612_hrrrt17_pk,5.0,0.98,49.99812316894531,42.35596466064453,0.3226219713687897,0.1614723950624466,0.2505492338291096
20180614_hrrrt17_npk,10.0,0.98,72.66084289550781,57.223758697509766,0.2781672775745392,0.24997372925281525,0.27889172595950135
20180614_hrrrt17_idw,10.0,0.98,21.296466827392578,16.281530380249023,0.15005804598331451,0.27950674295425415,0.0880346226283806
20180614_hrrrt17_ordinary_kriging,10.0,0.98,24.302814483642578,19.230539321899414,0.16385413706302643,0.14798259735107422,0.09126560131206869
20180614_hrrrt17_pk,10.0,0.98,68.37483978271484,52.28783416748047,0.25974878668785095,0.2093709409236908,0.2727949529124173
20180614_hrrrt17_npk,1.0,0.98,127.8483657836914,118.92677307128906,0.5919633507728577,0.5369558930397034,0.38794475920263316
20180614_hrrrt17_idw,1.0,0.98,24.41948890686035,18.9381160736084,0.1584656536579132,0.5664582252502441,0.09028208482136432
20180614_hrrrt17_ordinary_kriging,1.0,0.98,26.879680633544922,21.466468811035156,0.16781820356845856,0.4879341423511505,0.08632510341913636
20180614_hrrrt17_pk,1.0,0.98,107.64802551269531,95.37088012695312,0.47321757674217224,0.546122670173645,0.3614290946696657
20180614_hrrrt17_npk,20.0,0.98,11.889315605163574,9.256332397460938,0.06285472959280014,0.01728493720293045,0.04514285233359543
20180614_hrrrt17_idw,20.0,0.98,21.340076446533203,15.415928840637207,0.1554434448480606,0.1484200805425644,0.07907961895638017
20180614_hrrrt17_ordinary_kriging,20.0,0.98,24.59960174560547,19.397314071655273,0.17282794415950775,0.1372101604938507,0.08880838408968783
20180614_hrrrt17_pk,20.0,0.98,9.302877426147461,7.091551780700684,0.05509437620639801,0.011714799329638481,0.036875570117939946
20180614_hrrrt17_npk,30.0,0.98,6.926466464996338,5.385983467102051,0.026996679604053497,0.009269028902053833,0.030453535227978827
20180614_hrrrt17_idw,30.0,0.98,19.302400588989258,14.657949447631836,0.08014053851366043,0.10680797696113586,0.0719523387810322
20180614_hrrrt17_ordinary_kriging,30.0,0.98,25.496307373046875,20.69700050354004,0.1084783673286438,0.1336704045534134,0.08380594608193041
20180614_hrrrt17_pk,30.0,0.98,6.445866107940674,4.860499382019043,0.02449169009923935,0.008738959208130836,0.024332681350476004
20180614_hrrrt17_npk,5.0,0.98,74.10860443115234,63.91521072387695,0.3331786096096039,0.26667478680610657,0.23990603913084224
20180614_hrrrt17_idw,5.0,0.98,22.38869857788086,17.239978790283203,0.1531882882118225,0.34962210059165955,0.09008130825272193
20180614_hrrrt17_ordinary_kriging,5.0,0.98,25.104759216308594,19.837358474731445,0.16649530827999115,0.21233417093753815,0.09459230522385746
20180614_hrrrt17_pk,5.0,0.98,63.696353912353516,51.67865753173828,0.25649720430374146,0.16617053747177124,0.24384429894521942
20180614_hrrrt19_npk,10.0,0.98,81.71961975097656,64.51423645019531,0.31276342272758484,0.29149237275123596,0.2806166063496324
20180614_hrrrt19_idw,10.0,0.98,23.667177200317383,19.12693214416504,0.1622878760099411,0.34329551458358765,0.0951886290726802
20180614_hrrrt19_ordinary_kriging,10.0,0.98,28.19501304626465,23.09113121032715,0.18170703947544098,0.1657610833644867,0.10124122816458804
20180614_hrrrt19_pk,10.0,0.98,66.29081726074219,52.215877532958984,0.25414779782295227,0.19817382097244263,0.2178181161812705
20180614_hrrrt19_npk,1.0,0.98,126.78912353515625,117.69132232666016,0.5791152715682983,0.5467449426651001,0.33000383669159744
20180614_hrrrt19_idw,1.0,0.98,27.98349380493164,22.93343162536621,0.17604012787342072,0.618939220905304,0.10304474509228156
20180614_hrrrt19_ordinary_kriging,1.0,0.98,31.429039001464844,25.84319496154785,0.186929851770401,0.543500542640686,0.08703061509851977
20180614_hrrrt19_pk,1.0,0.98,104.1139907836914,88.7287826538086,0.443984717130661,0.5140515565872192,0.3380870499484932
20180614_hrrrt19_npk,20.0,0.98,10.496886253356934,8.158376693725586,0.052250899374485016,0.01634836010634899,0.042511255531486096
20180614_hrrrt19_idw,20.0,0.98,23.26582145690918,17.075069427490234,0.1723034530878067,0.16531985998153687,0.08537327082022117
20180614_hrrrt19_ordinary_kriging,20.0,0.98,27.04522705078125,21.369239807128906,0.1893271803855896,0.147702157497406,0.09670613098978403
20180614_hrrrt19_pk,20.0,0.98,8.990839958190918,7.0735626220703125,0.052251800894737244,0.012556647881865501,0.02032274701373893
20180614_hrrrt19_npk,30.0,0.98,7.446953296661377,5.587517261505127,0.02781539224088192,0.012680437415838242,0.03176724903374846
20180614_hrrrt19_idw,30.0,0.98,19.957345962524414,15.937935829162598,0.0880037173628807,0.11916789412498474,0.0774927435801423
20180614_hrrrt19_ordinary_kriging,30.0,0.98,27.755558013916016,22.80474281311035,0.12099964171648026,0.12936407327651978,0.09084011923423067
20180614_hrrrt19_pk,30.0,0.98,7.014355182647705,5.2907490730285645,0.025969557464122772,0.010763444937765598,0.027334953893016642
20180614_hrrrt19_npk,5.0,0.98,99.15567016601562,83.95760345458984,0.40638330578804016,0.3772783577442169,0.3458800563165488
20180614_hrrrt19_idw,5.0,0.98,23.177705764770508,18.621788024902344,0.16016839444637299,0.406706839799881,0.0965503667862803
20180614_hrrrt19_ordinary_kriging,5.0,0.98,27.123964309692383,21.954008102416992,0.17773021757602692,0.193363219499588,0.10338426054250811
20180614_hrrrt19_pk,5.0,0.98,84.07110595703125,68.41060638427734,0.3233485817909241,0.29990828037261963,0.28519747128515277
20180616_hrrrt19_npk,10.0,0.98,71.54541778564453,58.7396240234375,0.313059538602829,0.299014151096344,0.2323076561559774
20180616_hrrrt19_idw,10.0,0.98,22.093828201293945,17.443449020385742,0.2081023007631302,0.3388154208660126,0.09096876039736208
20180616_hrrrt19_ordinary_kriging,10.0,0.98,25.9653377532959,20.901275634765625,0.2253144383430481,0.12964750826358795,0.09535971165976487
20180616_hrrrt19_pk,10.0,0.98,65.23368835449219,52.67647171020508,0.27179470658302307,0.24548834562301636,0.20423808582295222
20180616_hrrrt19_npk,1.0,0.98,115.59231567382812,107.89225769042969,0.534518837928772,0.539557695388794,0.2960235243714896
20180616_hrrrt19_idw,1.0,0.98,25.36754035949707,20.12154769897461,0.2079220414161682,0.6401932239532471,0.0892925234770883
20180616_hrrrt19_ordinary_kriging,1.0,0.98,33.176456451416016,26.631410598754883,0.23455290496349335,0.5696856379508972,0.05621760040841651
20180616_hrrrt19_pk,1.0,0.98,106.90410614013672,94.10771179199219,0.4675769507884979,0.5447160005569458,0.33637194532445275
20180616_hrrrt19_npk,20.0,0.98,8.356673240661621,6.47421407699585,0.06511601060628891,0.011281336657702923,0.029627973914531234
20180616_hrrrt19_idw,20.0,0.98,21.45066261291504,15.251449584960938,0.22161172330379486,0.17481300234794617,0.07854283722465717
20180616_hrrrt19_ordinary_kriging,20.0,0.98,25.73970603942871,19.933170318603516,0.24381934106349945,0.15187498927116394,0.09260872888336602
20180616_hrrrt19_pk,20.0,0.98,10.152294158935547,7.654994964599609,0.07433439791202545,0.019046219065785408,0.050656069014325476
20180616_hrrrt19_npk,30.0,0.98,7.284299373626709,5.503835201263428,0.04486247897148132,0.008708571083843708,0.005223620244092324
20180616_hrrrt19_idw,30.0,0.98,18.589075088500977,14.244072914123535,0.15341240167617798,0.1380666196346283,0.07117717594335986
20180616_hrrrt19_ordinary_kriging,30.0,0.98,25.864852905273438,20.947349548339844,0.1821279227733612,0.14828617870807648,0.08641901867725928
20180616_hrrrt19_pk,30.0,0.98,7.3848724365234375,5.565711975097656,0.044033415615558624,0.00828472524881363,0.009520389981063665
20180616_hrrrt19_npk,5.0,0.98,80.6386947631836,67.82991027832031,0.3397254943847656,0.3287355303764343,0.2691811766877709
20180616_hrrrt19_idw,5.0,0.98,22.319839477539062,17.269784927368164,0.20587454736232758,0.39473944902420044,0.09429219691880669
20180616_hrrrt19_ordinary_kriging,5.0,0.98,25.879261016845703,20.3455810546875,0.22127442061901093,0.19653679430484772,0.09934415891658892
20180616_hrrrt19_pk,5.0,0.98,89.72454833984375,72.44684600830078,0.3578456938266754,0.33555182814598083,0.33682180274614504
20180619_hrrrt17_npk,10.0,0.98,57.25655746459961,48.098995208740234,0.25990456342697144,0.20791667699813843,0.2017031575807362
20180619_hrrrt17_idw,10.0,0.98,24.91996955871582,17.772985458374023,0.17025326192378998,0.2663523852825165,0.11846801554850207
20180619_hrrrt17_ordinary_kriging,10.0,0.98,28.356544494628906,21.342283248901367,0.1884845644235611,0.16389130055904388,0.12354471535613774
20180619_hrrrt17_pk,10.0,0.98,44.06120681762695,34.7852668762207,0.19087561964988708,0.15254639089107513,0.17660845086599783
20180619_hrrrt17_npk,1.0,0.98,109.92430877685547,100.2724380493164,0.5133762359619141,0.5071586966514587,0.25802332675449485
20180619_hrrrt17_idw,1.0,0.98,28.283090591430664,21.320266723632812,0.18327422440052032,0.574385404586792,0.12798066602662536
20180619_hrrrt17_ordinary_kriging,1.0,0.98,29.96044921875,23.1624755859375,0.19005119800567627,0.5444773435592651,0.12050066167440988
20180619_hrrrt17_pk,1.0,0.98,93.95342254638672,82.20477294921875,0.4241156578063965,0.5219911336898804,0.33968610096388274
20180619_hrrrt17_npk,20.0,0.98,9.771200180053711,7.616112232208252,0.05655774846673012,0.01696174591779709,0.019404021498572847
20180619_hrrrt17_idw,20.0,0.98,26.137876510620117,18.959108352661133,0.1847965121269226,0.14234064519405365,0.1177440274127136
20180619_hrrrt17_ordinary_kriging,20.0,0.98,29.655200958251953,22.828500747680664,0.2047465443611145,0.1537628173828125,0.12406279768124814
20180619_hrrrt17_pk,20.0,0.98,8.744049072265625,6.560552597045898,0.045592132955789566,0.016151275485754013,0.034254172158799945
20180619_hrrrt17_npk,30.0,0.98,8.09480094909668,6.059972286224365,0.031797364354133606,0.01563304103910923,0.02883903916242309
20180619_hrrrt17_idw,30.0,0.98,19.869869232177734,14.658995628356934,0.0853397399187088,0.12383683770895004,0.08913540093134704
20180619_hrrrt17_ordinary_kriging,30.0,0.98,28.60538673400879,23.0387020111084,0.12977635860443115,0.14558613300323486,0.10699543056450045
20180619_hrrrt17_pk,30.0,0.98,7.841678619384766,5.907488822937012,0.031219011172652245,0.012358414009213448,0.02143695877774051
20180619_hrrrt17_npk,5.0,0.98,68.48556518554688,58.23741149902344,0.31144779920578003,0.24876132607460022,0.2672214570751718
20180619_hrrrt17_idw,5.0,0.98,27.846302032470703,19.828622817993164,0.18498475849628448,0.32856011390686035,0.1222980229197849
20180619_hrrrt17_ordinary_kriging,5.0,0.98,31.242721557617188,23.10919761657715,0.20387840270996094,0.2199143022298813,0.12741661158650205
20180619_hrrrt17_pk,5.0,0.98,62.24052047729492,46.76224136352539,0.2652508616447449,0.18872565031051636,0.27597650177893446
20180622_hrrrt18_npk,10.0,0.98,71.30814361572266,61.16788864135742,0.42985522747039795,0.22530478239059448,0.16628777529426556
20180622_hrrrt18_idw,10.0,0.98,52.55099868774414,44.822078704833984,0.40307414531707764,0.4075203537940979,0.22328692040112494
20180622_hrrrt18_ordinary_kriging,10.0,0.98,57.54438400268555,48.74721908569336,0.42751777172088623,0.24565903842449188,0.21968628888660927
20180622_hrrrt18_pk,10.0,0.98,64.52055358886719,54.86236572265625,0.4140108823776245,0.2058071345090866,0.17611596261380752
20180622_hrrrt18_npk,1.0,0.98,106.6349105834961,97.20808410644531,0.5748971104621887,0.34442612528800964,0.17971261431031477
20180622_hrrrt18_idw,1.0,0.98,45.8821907043457,36.84935760498047,0.4222126305103302,0.5964053273200989,0.24277760636998624
20180622_hrrrt18_ordinary_kriging,1.0,0.98,47.709529876708984,38.08185577392578,0.4290422797203064,0.5907188653945923,0.24840261637083103
20180622_hrrrt18_pk,1.0,0.98,84.29317474365234,72.89021301269531,0.511510968208313,0.3237467408180237,0.16060631533857103
20180622_hrrrt18_npk,20.0,0.98,34.84099578857422,26.56637191772461,0.16592296957969666,0.08951082825660706,0.13981178320614612
20180622_hrrrt18_idw,20.0,0.98,33.7007942199707,25.76838493347168,0.28777962923049927,0.2221592664718628,0.1981575465360216
20180622_hrrrt18_ordinary_kriging,20.0,0.98,28.548498153686523,21.08269691467285,0.18199215829372406,0.1412084847688675,0.16885603108189629
20180622_hrrrt18_pk,20.0,0.98,28.51779556274414,21.81207847595215,0.13252998888492584,0.07587657868862152,0.12599001250139968
20180622_hrrrt18_npk,30.0,0.98,18.785676956176758,13.99023723602295,0.09598051011562347,0.059308093041181564,0.07193754220463286
20180622_hrrrt18_idw,30.0,0.98,30.23907470703125,20.384937286376953,0.30707848072052,0.16830997169017792,0.18356768981691887
20180622_hrrrt18_ordinary_kriging,30.0,0.98,25.23548698425293,16.693862915039062,0.2067997306585312,0.11876320838928223,0.16240532592244353
20180622_hrrrt18_pk,30.0,0.98,18.401182174682617,13.071218490600586,0.09002453833818436,0.05228981375694275,0.06912038952579082
20180622_hrrrt18_npk,5.0,0.98,76.55528259277344,66.45401000976562,0.4434738755226135,0.24445784091949463,0.1663602852219764
20180622_hrrrt18_idw,5.0,0.98,46.25885772705078,38.16366958618164,0.3683071434497833,0.47745686769485474,0.22875971328472658
20180622_hrrrt18_ordinary_kriging,5.0,0.98,54.5058708190918,45.84352493286133,0.4365990161895752,0.37169408798217773,0.24165599110075822
20180622_hrrrt18_pk,5.0,0.98,66.2658462524414,55.822017669677734,0.40411990880966187,0.20261651277542114,0.09314713976113434
20180622_hrrrt22_npk,10.0,0.98,72.03794860839844,56.47301483154297,0.2863539159297943,0.19046074151992798,0.26279476982967515
20180622_hrrrt22_idw,10.0,0.98,26.71674346923828,20.696229934692383,0.14172692596912384,0.3001585006713867,0.0922308519995729
20180622_hrrrt22_ordinary_kriging,10.0,0.98,25.01837158203125,19.71006202697754,0.12768885493278503,0.1133539155125618,0.09785542475069947
20180622_hrrrt22_pk,10.0,0.98,80.663330078125,63.113365173339844,0.31955233216285706,0.21459805965423584,0.3230398433049786
20180622_hrrrt22_npk,1.0,0.98,113.38055419921875,104.77983093261719,0.5673046112060547,0.40470585227012634,0.4505040772697273
20180622_hrrrt22_idw,1.0,0.98,42.799373626708984,33.26183319091797,0.3826025426387787,0.6580057144165039,0.1365370737726808
20180622_hrrrt22_ordinary_kriging,1.0,0.98,43.14297103881836,33.903106689453125,0.38080960512161255,0.5129142999649048,0.14121930860596543
20180622_hrrrt22_pk,1.0,0.98,84.34552001953125,71.1567611694336,0.397763729095459,0.33996784687042236,0.3638964363501967
20180622_hrrrt22_npk,20.0,0.98,17.437564849853516,13.477265357971191,0.07303904742002487,0.06290724128484726,0.02060527776489275
20180622_hrrrt22_idw,20.0,0.98,21.757266998291016,16.64449119567871,0.13911908864974976,0.15552926063537598,0.10594131740130247
20180622_hrrrt22_ordinary_kriging,20.0,0.98,21.42351531982422,16.56362533569336,0.12224803864955902,0.07950616627931595,0.10107313983498827
20180622_hrrrt22_pk,20.0,0.98,22.17740821838379,16.60520362854004,0.08632565289735794,0.08043214678764343,0.04435242434936609
20180622_hrrrt22_npk,30.0,0.98,15.259185791015625,11.45362663269043,0.06385919451713562,0.0593980997800827,0.04877456407348214
20180622_hrrrt22_idw,30.0,0.98,19.374223709106445,15.004183769226074,0.1343221217393875,0.12324371933937073,0.09680071754056684
20180622_hrrrt22_ordinary_kriging,30.0,0.98,19.34685707092285,14.857392311096191,0.11351319402456284,0.07566624134778976,0.09006248741434575
20180622_hrrrt22_pk,30.0,0.98,16.1567325592041,11.934288024902344,0.06633253395557404,0.06374747306108475,0.050087583159913754
20180622_hrrrt22_npk,5.0,0.98,74.8780288696289,61.74717330932617,0.31668591499328613,0.2261778861284256,0.2597833638485985
20180622_hrrrt22_idw,5.0,0.98,28.52759552001953,21.90030860900879,0.15283077955245972,0.35244178771972656,0.1194267022362944
20180622_hrrrt22_ordinary_kriging,5.0,0.98,25.906518936157227,20.125642776489258,0.13699738681316376,0.14669030904769897,0.12142917915698145
20180622_hrrrt22_pk,5.0,0.98,75.05609893798828,59.708412170410156,0.31288057565689087,0.22853407263755798,0.32697114402095784
20180625_hrrrt17_npk,10.0,0.98,54.707847595214844,43.23298263549805,0.24006280303001404,0.15751612186431885,0.24280727585543985
20180625_hrrrt17_idw,10.0,0.98,30.178251266479492,22.403038024902344,0.18946534395217896,0.29605573415756226,0.13155347902947176
20180625_hrrrt17_ordinary_kriging,10.0,0.98,29.215412139892578,21.761594772338867,0.17109070718288422,0.16362670063972473,0.12377995719085709
20180625_hrrrt17_pk,10.0,0.98,42.299720764160156,33.62507247924805,0.18739613890647888,0.11414745450019836,0.1790593477957756
20180625_hrrrt17_npk,1.0,0.98,97.33504486083984,90.71597290039062,0.5072076320648193,0.40416353940963745,0.2934103923470263
20180625_hrrrt17_idw,1.0,0.98,30.695661544799805,23.302515029907227,0.24646247923374176,0.5790249705314636,0.12617171936143487
20180625_hrrrt17_ordinary_kriging,1.0,0.98,26.353073120117188,19.9119815826416,0.21514280140399933,0.47353214025497437,0.11743881774514074
20180625_hrrrt17_pk,1.0,0.98,84.94132232666016,75.1238021850586,0.412226140499115,0.3526861369609833,0.2703719960548306
20180625_hrrrt17_npk,20.0,0.98,19.14427375793457,14.78577995300293,0.08942540735006332,0.04958588629961014,0.07595002216711454
20180625_hrrrt17_idw,20.0,0.98,23.782299041748047,17.398229598999023,0.162557914853096,0.17646825313568115,0.12456194435666716
20180625_hrrrt17_ordinary_kriging,20.0,0.98,29.789880752563477,22.923709869384766,0.1934426873922348,0.19297997653484344,0.13460991820719206
20180625_hrrrt17_pk,20.0,0.98,19.65876579284668,14.934789657592773,0.08560491353273392,0.04054512083530426,0.06341770558564515
20180625_hrrrt17_npk,30.0,0.98,16.444690704345703,12.21722412109375,0.07006939500570297,0.04632696509361267,0.05662435202050269
20180625_hrrrt17_idw,30.0,0.98,20.640207290649414,15.56485366821289,0.1464453488588333,0.14664173126220703,0.10180826275854103
20180625_hrrrt17_ordinary_kriging,30.0,0.98,28.050214767456055,22.140865325927734,0.18148942291736603,0.17193067073822021,0.12084287695225991
20180625_hrrrt17_pk,30.0,0.98,15.967374801635742,12.273494720458984,0.07186960428953171,0.03347691893577576,0.04563297419166443
20180625_hrrrt17_npk,5.0,0.98,61.714683532714844,51.52312469482422,0.2821023166179657,0.13031968474388123,0.23093388324883365
20180625_hrrrt17_idw,5.0,0.98,27.651790618896484,20.474048614501953,0.1705663502216339,0.3375052809715271,0.13540006314762873
20180625_hrrrt17_ordinary_kriging,5.0,0.98,31.992170333862305,24.789310455322266,0.19510801136493683,0.274009644985199,0.14094726065803798
20180625_hrrrt17_pk,5.0,0.98,65.36629486083984,52.52042007446289,0.28542450070381165,0.15089114010334015,0.2730391854684463
20180626_hrrrt23_npk,10.0,0.98,56.430076599121094,46.58367156982422,0.2504739761352539,0.2450590431690216,0.19657730865579073
20180626_hrrrt23_idw,10.0,0.98,25.844715118408203,20.346895217895508,0.18946640193462372,0.42238476872444153,0.10155599125546928
20180626_hrrrt23_ordinary_kriging,10.0,0.98,28.060895919799805,22.5378360748291,0.20421290397644043,0.26774027943611145,0.1069000381673272
20180626_hrrrt23_pk,10.0,0.98,55.622459411621094,45.32124328613281,0.2398798018693924,0.21938396990299225,0.19658895067119794
20180626_hrrrt23_npk,1.0,0.98,127.74800872802734,118.35700225830078,0.5844414830207825,0.5061715245246887,0.39718286241228307
20180626_hrrrt23_idw,1.0,0.98,30.06024932861328,23.97904396057129,0.19763138890266418,0.6486933827400208,0.09255679239095281
20180626_hrrrt23_ordinary_kriging,1.0,0.98,27.82310676574707,22.2874755859375,0.1952294409275055,0.5560804009437561,0.11009559666068455
20180626_hrrrt23_pk,1.0,0.98,91.88126373291016,81.2494125366211,0.40882018208503723,0.38730064034461975,0.31853632615883143
20180626_hrrrt23_npk,20.0,0.98,15.310458183288574,11.503204345703125,0.08090212941169739,0.052431825548410416,0.04778943827345076
20180626_hrrrt23_idw,20.0,0.98,25.092838287353516,18.66249656677246,0.19594791531562805,0.22531870007514954,0.09239243026410003
20180626_hrrrt23_ordinary_kriging,20.0,0.98,27.760494232177734,21.807140350341797,0.21380257606506348,0.20279040932655334,0.10192635128604871
20180626_hrrrt23_pk,20.0,0.98,15.516009330749512,11.890137672424316,0.08575736731290817,0.04710405692458153,0.06051598122024705
20180626_hrrrt23_npk,30.0,0.98,14.399933815002441,10.391562461853027,0.07401661574840546,0.042885661125183105,0.04083744311489813
20180626_hrrrt23_idw,30.0,0.98,22.105899810791016,17.08089256286621,0.17768129706382751,0.17734922468662262,0.07834673141350686
20180626_hrrrt23_ordinary_kriging,30.0,0.98,28.747468948364258,23.384937286376953,0.20524294674396515,0.16799353063106537,0.09287293732302188
20180626_hrrrt23_pk,30.0,0.98,12.76395320892334,9.561674118041992,0.06965050101280212,0.04027147591114044,0.04428115473244585
20180626_hrrrt23_npk,5.0,0.98,84.1716079711914,71.4730224609375,0.3609314262866974,0.3269926905632019,0.32865207536469965
20180626_hrrrt23_idw,5.0,0.98,26.76295280456543,20.937049865722656,0.19136182963848114,0.47971415519714355,0.1039671784850387
20180626_hrrrt23_ordinary_kriging,5.0,0.98,27.794946670532227,21.969167709350586,0.19950565695762634,0.2923499345779419,0.10861486332865443
20180626_hrrrt23_pk,5.0,0.98,68.83335876464844,55.255340576171875,0.2859496772289276,0.27485522627830505,0.27381962587127356
20180627_hrrrt18_npk,10.0,0.98,72.45206451416016,58.4852180480957,0.2871333360671997,0.21440842747688293,0.2834965683186491
20180627_hrrrt18_idw,10.0,0.98,17.325000762939453,12.016816139221191,0.13303616642951965,0.3276519179344177,0.06590255839803949
20180627_hrrrt18_ordinary_kriging,10.0,0.98,20.968629837036133,15.449145317077637,0.1458355337381363,0.1745700240135193,0.07572740862510123
20180627_hrrrt18_pk,10.0,0.98,65.33525848388672,52.641632080078125,0.26324737071990967,0.19977359473705292,0.25791367883851296
20180627_hrrrt18_npk,1.0,0.98,122.53550720214844,115.84812927246094,0.5596145987510681,0.5254054069519043,0.3443928042126999
20180627_hrrrt18_idw,1.0,0.98,21.788158416748047,16.37425994873047,0.1445126235485077,0.5479535460472107,0.08028782711558399
20180627_hrrrt18_ordinary_kriging,1.0,0.98,21.862354278564453,16.214496612548828,0.14563633501529694,0.5294443368911743,0.08277474319591269
20180627_hrrrt18_pk,1.0,0.98,106.33785247802734,95.97378540039062,0.46431148052215576,0.5433050394058228,0.3717938405939711
20180627_hrrrt18_npk,20.0,0.98,18.165977478027344,12.17424488067627,0.07619655132293701,0.040623947978019714,0.07001317293403735
20180627_hrrrt18_idw,20.0,0.98,16.73455047607422,10.919743537902832,0.13731619715690613,0.1827184408903122,0.05937833167759255
20180627_hrrrt18_ordinary_kriging,20.0,0.98,20.711246490478516,14.837350845336914,0.156587615609169,0.15656478703022003,0.07316852084852705
20180627_hrrrt18_pk,20.0,0.98,16.91254234313965,11.588178634643555,0.07059215754270554,0.03241311013698578,0.06429599571904798
20180627_hrrrt18_npk,30.0,0.98,8.890018463134766,6.368549346923828,0.046425122767686844,0.02322915382683277,0.02502918744451359
20180627_hrrrt18_idw,30.0,0.98,16.251907348632812,10.968270301818848,0.13920685648918152,0.13484452664852142,0.058099901246965104
20180627_hrrrt18_ordinary_kriging,30.0,0.98,21.37010383605957,16.085773468017578,0.16267475485801697,0.12639139592647552,0.07114136305091669
20180627_hrrrt18_pk,30.0,0.98,9.945390701293945,6.9717326164245605,0.056089673191308975,0.029449397698044777,0.023134871420579142
20180627_hrrrt18_npk,5.0,0.98,70.13966369628906,58.86664962768555,0.2936752438545227,0.20223025977611542,0.2763246002774568
20180627_hrrrt18_idw,5.0,0.98,22.18214988708496,15.72815990447998,0.15454500913619995,0.36855393648147583,0.07875504541025084
20180627_hrrrt18_ordinary_kriging,5.0,0.98,22.780370712280273,16.5932674407959,0.15592218935489655,0.2432672679424286,0.08122519765697979
20180627_hrrrt18_pk,5.0,0.98,72.21998596191406,57.4184455871582,0.2885178327560425,0.20993810892105103,0.3182047549633776
20180628_hrrrt20_npk,10.0,0.98,70.76653289794922,57.71114730834961,0.299328088760376,0.24282710254192352,0.22189095329073905
20180628_hrrrt20_idw,10.0,0.98,22.172792434692383,17.057228088378906,0.205284982919693,0.3453215956687927,0.07797596948226079
20180628_hrrrt20_ordinary_kriging,10.0,0.98,24.301738739013672,19.235151290893555,0.215756356716156,0.15068413317203522,0.0808973396958274
20180628_hrrrt20_pk,10.0,0.98,68.4347915649414,53.802398681640625,0.27207621932029724,0.23310162127017975,0.22206205321684122
20180628_hrrrt20_npk,1.0,0.98,121.4659194946289,115.64373779296875,0.5783454179763794,0.5188612937927246,0.28315121495152595
20180628_hrrrt20_idw,1.0,0.98,24.832063674926758,19.746301651000977,0.21218332648277283,0.620274007320404,0.08126998119429128
20180628_hrrrt20_ordinary_kriging,1.0,0.98,24.301782608032227,19.15754508972168,0.20818032324314117,0.5613585114479065,0.08631709018290615
20180628_hrrrt20_pk,1.0,0.98,113.89253234863281,101.89800262451172,0.5151695013046265,0.5646010041236877,0.3833822851207592
20180628_hrrrt20_npk,20.0,0.98,12.84018325805664,9.314006805419922,0.08290742337703705,0.018676813691854477,0.04404755239555575
20180628_hrrrt20_idw,20.0,0.98,19.68058204650879,13.9453763961792,0.2161480188369751,0.17871341109275818,0.06482747969048597
20180628_hrrrt20_ordinary_kriging,20.0,0.98,22.78986930847168,17.498321533203125,0.2290567308664322,0.14652065932750702,0.07642685173643826
20180628_hrrrt20_pk,20.0,0.98,12.170936584472656,9.059428215026855,0.07596152275800705,0.015438868664205074,0.04015601758957751
20180628_hrrrt20_npk,30.0,0.98,7.569160461425781,5.660390377044678,0.029204105958342552,0.013711085543036461,0.02083524607909086
20180628_hrrrt20_idw,30.0,0.98,18.814062118530273,14.082635879516602,0.08407051861286163,0.12754309177398682,0.06295230208669986
20180628_hrrrt20_ordinary_kriging,30.0,0.98,23.471176147460938,18.84937286376953,0.10643111914396286,0.11335952579975128,0.0735396304730385
20180628_hrrrt20_pk,30.0,0.98,7.464600563049316,5.400881290435791,0.02906053140759468,0.013292641378939152,0.017391102263631237
20180628_hrrrt20_npk,5.0,0.98,88.26482391357422,74.39183044433594,0.37219780683517456,0.31954389810562134,0.3246436670274694
20180628_hrrrt20_idw,5.0,0.98,22.19403076171875,17.220966339111328,0.20472152531147003,0.4199645519256592,0.08228708885622485
20180628_hrrrt20_ordinary_kriging,5.0,0.98,23.33745765686035,18.29316520690918,0.21134831011295319,0.21209433674812317,0.0847333050852758
20180628_hrrrt20_pk,5.0,0.98,74.91143798828125,60.117393493652344,0.3126073181629181,0.2568601965904236,0.26106436686273393
20180701_hrrrt20_npk,10.0,0.98,53.920169830322266,41.95985794067383,0.2523238956928253,0.12618699669837952,0.23437799518098534
20180701_hrrrt20_idw,10.0,0.98,22.398860931396484,17.924327850341797,0.15242286026477814,0.33728379011154175,0.1469028046482985
20180701_hrrrt20_ordinary_kriging,10.0,0.98,35.38042068481445,29.409818649291992,0.2405206561088562,0.3137386441230774,0.19101407072169704
20180701_hrrrt20_pk,10.0,0.98,60.39875793457031,47.74614334106445,0.28347837924957275,0.13740690052509308,0.2844050914195396
20180701_hrrrt20_npk,1.0,0.98,100.61965942382812,94.22879791259766,0.5491449236869812,0.36622604727745056,0.3775744255741239
20180701_hrrrt20_idw,1.0,0.98,25.60098648071289,20.453895568847656,0.17329896986484528,0.5467912554740906,0.16849506817185814
20180701_hrrrt20_ordinary_kriging,1.0,0.98,37.10850524902344,31.126972198486328,0.25125613808631897,0.47697973251342773,0.20028487748363374
20180701_hrrrt20_pk,1.0,0.98,78.09625244140625,67.47469329833984,0.38727375864982605,0.26999354362487793,0.29857199572403975
20180701_hrrrt20_npk,20.0,0.98,18.833538055419922,14.331706047058105,0.09141018241643906,0.0642838180065155,0.05700077094929755
20180701_hrrrt20_idw,20.0,0.98,22.746061325073242,18.304851531982422,0.16722191870212555,0.19019263982772827,0.15087909528088514
20180701_hrrrt20_ordinary_kriging,20.0,0.98,29.105194091796875,23.393651962280273,0.20596563816070557,0.16602866351604462,0.1709554373788855
20180701_hrrrt20_pk,20.0,0.98,18.193361282348633,13.696755409240723,0.09081625193357468,0.053154341876506805,0.04032791638251063
20180701_hrrrt20_npk,30.0,0.98,11.008380889892578,8.531729698181152,0.0709773525595665,0.046454235911369324,0.056674875174214885
20180701_hrrrt20_idw,30.0,0.98,21.53638458251953,16.94769859313965,0.16668720543384552,0.17648494243621826,0.1340554709780049
20180701_hrrrt20_ordinary_kriging,30.0,0.98,22.352975845336914,16.41004180908203,0.16861966252326965,0.12333641946315765,0.13966491086194707
20180701_hrrrt20_pk,30.0,0.98,10.503670692443848,7.8630690574646,0.0659869834780693,0.048071637749671936,0.04317910171673894
20180701_hrrrt20_npk,5.0,0.98,61.86684036254883,52.58350372314453,0.3085049092769623,0.13557647168636322,0.2753748059291396
20180701_hrrrt20_idw,5.0,0.98,25.255895614624023,20.54727554321289,0.17215600609779358,0.3721209466457367,0.16853736630148056
20180701_hrrrt20_ordinary_kriging,5.0,0.98,34.571868896484375,28.52492332458496,0.23160721361637115,0.23771297931671143,0.1918177248282771
20180701_hrrrt20_pk,5.0,0.98,60.85389709472656,49.39383316040039,0.3009048402309418,0.13073188066482544,0.33601202014049086
20180704_hrrrt21_npk,10.0,0.98,64.57801055908203,54.60130310058594,0.29130321741104126,0.2470671683549881,0.31215510131417556
20180704_hrrrt21_idw,10.0,0.98,19.60911750793457,14.241930961608887,0.14045138657093048,0.27784600853919983,0.09103154257923006
20180704_hrrrt21_ordinary_kriging,10.0,0.98,25.408140182495117,19.450502395629883,0.16685797274112701,0.17356646060943604,0.10202537159289791
20180704_hrrrt21_pk,10.0,0.98,41.469974517822266,32.36350631713867,0.18491432070732117,0.12896735966205597,0.21445716399354353
20180704_hrrrt21_npk,1.0,0.98,111.46317291259766,103.76725769042969,0.5260785818099976,0.5253756046295166,0.3571378921987348
20180704_hrrrt21_idw,1.0,0.98,25.63372802734375,19.285749435424805,0.16595721244812012,0.5682860612869263,0.10633921588562661
20180704_hrrrt21_ordinary_kriging,1.0,0.98,25.881834030151367,19.487672805786133,0.16713447868824005,0.49394720792770386,0.1061947197152206
20180704_hrrrt21_pk,1.0,0.98,87.88438415527344,77.99688720703125,0.39876094460487366,0.5349408388137817,0.32519553065547335
20180704_hrrrt21_npk,20.0,0.98,13.798983573913574,9.324992179870605,0.058816831558942795,0.02431071549654007,0.07307405284677608
20180704_hrrrt21_idw,20.0,0.98,16.189977645874023,10.753738403320312,0.12468153238296509,0.16342544555664062,0.0745936470466139
20180704_hrrrt21_ordinary_kriging,20.0,0.98,23.760406494140625,18.22490119934082,0.1633518636226654,0.15840786695480347,0.0961999276164153
20180704_hrrrt21_pk,20.0,0.98,20.63278579711914,12.595245361328125,0.076201431453228,0.0323009267449379,0.1040958307672091
20180704_hrrrt21_npk,30.0,0.98,6.724842071533203,5.024755954742432,0.04188928008079529,0.010727607645094395,0.03576795503753496
20180704_hrrrt21_idw,30.0,0.98,15.862170219421387,10.478033065795898,0.1308547556400299,0.13252297043800354,0.0678185458983676
20180704_hrrrt21_ordinary_kriging,30.0,0.98,24.781957626342773,19.073570251464844,0.17347198724746704,0.1504572331905365,0.09205385191460264
20180704_hrrrt21_pk,30.0,0.98,6.739624500274658,4.977606296539307,0.03415939211845398,0.009707947261631489,0.0316794324114013
20180704_hrrrt21_npk,5.0,0.98,69.29932403564453,62.567317962646484,0.33460909128189087,0.2617596983909607,0.30039858665506697
20180704_hrrrt21_idw,5.0,0.98,25.397315979003906,18.982013702392578,0.16777606308460236,0.3359077572822571,0.1019432718905784
20180704_hrrrt21_ordinary_kriging,5.0,0.98,28.321523666381836,21.858427047729492,0.18162421882152557,0.1938321590423584,0.10442832218862376
20180704_hrrrt21_pk,5.0,0.98,59.01920700073242,48.083580017089844,0.2649163603782654,0.20562228560447693,0.31962048448812747
20180705_hrrrt18_npk,10.0,0.98,78.56635284423828,63.5646858215332,0.30328431725502014,0.2599143981933594,0.20908488863845134
20180705_hrrrt18_idw,10.0,0.98,25.000547409057617,20.778409957885742,0.15543875098228455,0.24091580510139465,0.1150407231491424
20180705_hrrrt18_ordinary_kriging,10.0,0.98,27.10230255126953,22.5538387298584,0.16413170099258423,0.13085980713367462,0.11209991787850708
20180705_hrrrt18_pk,10.0,0.98,66.67682647705078,52.83038330078125,0.25629961490631104,0.2021343857049942,0.1327628106872106
20180705_hrrrt18_npk,1.0,0.98,124.2963638305664,116.67406463623047,0.5593884587287903,0.544305682182312,0.3517775499039003
20180705_hrrrt18_idw,1.0,0.98,24.957178115844727,20.713756561279297,0.15633416175842285,0.5496103763580322,0.1205445634784655
20180705_hrrrt18_ordinary_kriging,1.0,0.98,23.52256202697754,18.475099563598633,0.14416401088237762,0.4685366749763489,0.11237423013498835
20180705_hrrrt18_pk,1.0,0.98,107.80880737304688,94.0576171875,0.43906477093696594,0.48733940720558167,0.3320565634840933
20180705_hrrrt18_npk,20.0,0.98,16.158771514892578,11.984742164611816,0.0846746489405632,0.062293462455272675,0.06074653246035264
20180705_hrrrt18_idw,20.0,0.98,17.136005401611328,11.16478443145752,0.12579354643821716,0.15331359207630157,0.09539250607662925
20180705_hrrrt18_ordinary_kriging,20.0,0.98,16.3837947845459,11.286237716674805,0.12606553733348846,0.11548899859189987,0.08502516299633787
20180705_hrrrt18_pk,20.0,0.98,14.138330459594727,10.275297164916992,0.0688365027308464,0.05147293210029602,0.05216803526519812
20180705_hrrrt18_npk,30.0,0.98,10.81291389465332,7.412133693695068,0.053680069744586945,0.043335556983947754,0.02401231478948684
20180705_hrrrt18_idw,30.0,0.98,12.985884666442871,9.328452110290527,0.11970541626214981,0.12334254384040833,0.07167529063150095
20180705_hrrrt18_ordinary_kriging,30.0,0.98,13.314011573791504,9.449790954589844,0.12169348448514938,0.10388270765542984,0.06637298854417001
20180705_hrrrt18_pk,30.0,0.98,10.476181030273438,7.306901454925537,0.0557919517159462,0.041181713342666626,0.027399495983067443
20180705_hrrrt18_npk,5.0,0.98,105.73563385009766,87.56680297851562,0.4029673933982849,0.31990349292755127,0.35379657990252633
20180705_hrrrt18_idw,5.0,0.98,26.401721954345703,22.321170806884766,0.15870943665504456,0.3035619854927063,0.11799660629897765
20180705_hrrrt18_ordinary_kriging,5.0,0.98,29.759946823120117,25.726362228393555,0.17572958767414093,0.19111782312393188,0.1213168801595174
20180705_hrrrt18_pk,5.0,0.98,87.44287109375,69.8093032836914,0.3238026201725006,0.2668378949165344,0.2572396746957175
20180709_hrrrt23_npk,10.0,0.98,69.5867691040039,57.01329040527344,0.29413434863090515,0.2516053020954132,0.2672254612526786
20180709_hrrrt23_idw,10.0,0.98,25.10613250732422,19.733659744262695,0.1653488725423813,0.42665112018585205,0.1106271744230437
20180709_hrrrt23_ordinary_kriging,10.0,0.98,28.977296829223633,23.780851364135742,0.1924383044242859,0.19693855941295624,0.12109503148117239
20180709_hrrrt23_pk,10.0,0.98,54.446571350097656,43.31096649169922,0.2195415049791336,0.17357343435287476,0.19732009240106105
20180709_hrrrt23_npk,1.0,0.98,111.9260025024414,104.3900375366211,0.5423863530158997,0.43355268239974976,0.295304198512754
20180709_hrrrt23_idw,1.0,0.98,29.190149307250977,23.52638053894043,0.19230273365974426,0.678552508354187,0.12305604255791941
20180709_hrrrt23_ordinary_kriging,1.0,0.98,39.571136474609375,33.13017654418945,0.23598235845565796,0.5570142865180969,0.08963300106175147
20180709_hrrrt23_pk,1.0,0.98,99.8445816040039,87.78717803955078,0.4577138125896454,0.47713249921798706,0.35011940636537714
20180709_hrrrt23_npk,20.0,0.98,17.375627517700195,12.817516326904297,0.07380273193120956,0.06420589983463287,0.05559823293953211
20180709_hrrrt23_idw,20.0,0.98,23.933101654052734,18.394262313842773,0.16513513028621674,0.20278014242649078,0.09904400091174194
20180709_hrrrt23_ordinary_kriging,20.0,0.98,29.046077728271484,23.9060115814209,0.20110809803009033,0.18928515911102295,0.11529932728791843
20180709_hrrrt23_pk,20.0,0.98,19.609052658081055,13.684226989746094,0.07408618181943893,0.05771864205598831,0.07487531164284225
20180709_hrrrt23_npk,30.0,0.98,11.999476432800293,9.12203598022461,0.054694149643182755,0.05256694182753563,0.036795666519675564
20180709_hrrrt23_idw,30.0,0.98,22.858007431030273,17.943862915039062,0.1556234061717987,0.13385725021362305,0.09133969195208023
20180709_hrrrt23_ordinary_kriging,30.0,0.98,30.622760772705078,25.94037628173828,0.20190595090389252,0.1445247232913971,0.10999303310580211
20180709_hrrrt23_pk,30.0,0.98,12.08576488494873,9.136931419372559,0.04751778393983841,0.04680764675140381,0.03258838300330407
20180709_hrrrt23_npk,5.0,0.98,80.35391235351562,67.01207733154297,0.3516451120376587,0.2756865322589874,0.3466235911561733
20180709_hrrrt23_idw,5.0,0.98,30.36064910888672,23.22995948791504,0.19765342772006989,0.4848790764808655,0.120171351572817
20180709_hrrrt23_ordinary_kriging,5.0,0.98,32.32431411743164,25.19527244567871,0.2107660323381424,0.2402784526348114,0.1261420165004981
20180709_hrrrt23_pk,5.0,0.98,75.74628448486328,61.2442512512207,0.3213886618614197,0.29764342308044434,0.3152302656528148
20180712_hrrrt21_npk,10.0,0.98,73.52772521972656,60.382423400878906,0.2837509214878082,0.2520214915275574,0.25628788036954814
20180712_hrrrt21_idw,10.0,0.98,15.963581085205078,11.099538803100586,0.08093120902776718,0.3251371383666992,0.055664223384471766
20180712_hrrrt21_ordinary_kriging,10.0,0.98,19.340614318847656,14.514510154724121,0.09629922360181808,0.1895374059677124,0.061168502231485004
20180712_hrrrt21_pk,10.0,0.98,37.93937683105469,31.46773338317871,0.14771433174610138,0.1306629478931427,0.10141245624113213
20180712_hrrrt21_npk,1.0,0.98,124.82061004638672,117.49629974365234,0.5725692510604858,0.5233842134475708,0.366487540547225
20180712_hrrrt21_idw,1.0,0.98,19.18168830871582,13.193540573120117,0.14552339911460876,0.5972900390625,0.06048033396281448
20180712_hrrrt21_ordinary_kriging,1.0,0.98,23.97087860107422,18.097633361816406,0.1689138263463974,0.5318536758422852,0.021245266988895915
20180712_hrrrt21_pk,1.0,0.98,100.75727081298828,90.38748931884766,0.4433431029319763,0.4701513946056366,0.3327312559400142
20180712_hrrrt21_npk,20.0,0.98,17.074949264526367,12.496185302734375,0.06212886422872543,0.04337938129901886,0.047553341846447474
20180712_hrrrt21_idw,20.0,0.98,15.994935989379883,10.710711479187012,0.08290556073188782,0.2148391753435135,0.057036062508536066
20180712_hrrrt21_ordinary_kriging,20.0,0.98,18.842472076416016,13.715593338012695,0.0996495708823204,0.1787823587656021,0.06462037269830263
20180712_hrrrt21_pk,20.0,0.98,18.012950897216797,13.372309684753418,0.06407561898231506,0.040923185646533966,0.04713560374286443
20180712_hrrrt21_npk,30.0,0.98,9.339670181274414,6.930962562561035,0.033988166600465775,0.036392442882061005,0.030099301481155246
20180712_hrrrt21_idw,30.0,0.98,16.05599594116211,10.924686431884766,0.08299017697572708,0.1922401785850525,0.05571219042504543
20180712_hrrrt21_ordinary_kriging,30.0,0.98,19.401784896850586,14.46548080444336,0.10246945172548294,0.17272810637950897,0.0630626246718494
20180712_hrrrt21_pk,30.0,0.98,9.23565673828125,6.732746124267578,0.03247803449630737,0.03242289647459984,0.0314311514960076
20180712_hrrrt21_npk,5.0,0.98,80.12773895263672,67.93756103515625,0.3304881155490875,0.283042848110199,0.26982902862441316
20180712_hrrrt21_idw,5.0,0.98,16.99861717224121,11.444244384765625,0.1374259740114212,0.3693409562110901,0.06169919815836701
20180712_hrrrt21_ordinary_kriging,5.0,0.98,19.54952621459961,13.718910217285156,0.1513644903898239,0.2585716247558594,0.06961663182622567
20180712_hrrrt21_pk,5.0,0.98,93.78529357910156,75.4814682006836,0.37389254570007324,0.3026617169380188,0.3900864178489576
20180712_hrrrt22_npk,10.0,0.98,76.90835571289062,63.38893508911133,0.2919289469718933,0.2916100323200226,0.2597906050805211
20180712_hrrrt22_idw,10.0,0.98,17.532363891601562,12.660157203674316,0.08961454033851624,0.3515447974205017,0.06162014519464713
20180712_hrrrt22_ordinary_kriging,10.0,0.98,20.868419647216797,15.83102798461914,0.10522209107875824,0.18219102919101715,0.06782485049097214
20180712_hrrrt22_pk,10.0,0.98,55.20778274536133,44.13335418701172,0.20209714770317078,0.1942318081855774,0.16426034455637167
20180712_hrrrt22_npk,1.0,0.98,127.28793334960938,119.75172424316406,0.5828107595443726,0.5258933305740356,0.39738411771980103
20180712_hrrrt22_idw,1.0,0.98,21.40251922607422,15.013067245483398,0.17402039468288422,0.6356445550918579,0.07106509697625243
20180712_hrrrt22_ordinary_kriging,1.0,0.98,27.755088806152344,21.81336212158203,0.2026118040084839,0.5559774041175842,0.036296172248556566
20180712_hrrrt22_pk,1.0,0.98,106.42686462402344,95.79808044433594,0.456329345703125,0.47897255420684814,0.3301212402383354
20180712_hrrrt22_npk,20.0,0.98,18.147817611694336,13.294476509094238,0.0644342377781868,0.04509235545992851,0.006595781698355644
20180712_hrrrt22_idw,20.0,0.98,17.112625122070312,11.867256164550781,0.09074404090642929,0.23729798197746277,0.06181737520286091
20180712_hrrrt22_ordinary_kriging,20.0,0.98,20.367399215698242,14.921269416809082,0.10971962660551071,0.1918848603963852,0.07054986647064496
20180712_hrrrt22_pk,20.0,0.98,17.61872673034668,13.620944023132324,0.06428362429141998,0.04304913058876991,0.017154798328304487
20180712_hrrrt22_npk,30.0,0.98,10.104129791259766,7.1094841957092285,0.036417730152606964,0.037289656698703766,0.03410624711715302
20180712_hrrrt22_idw,30.0,0.98,16.97858428955078,11.556137084960938,0.09144200384616852,0.21645990014076233,0.05896323115051413
20180712_hrrrt22_ordinary_kriging,30.0,0.98,20.537248611450195,14.896443367004395,0.11246659606695175,0.2045893669128418,0.0680712089273285
20180712_hrrrt22_pk,30.0,0.98,10.346510887145996,7.1802496910095215,0.03540444001555443,0.0328490175306797,0.031106559523335513
20180712_hrrrt22_npk,5.0,0.98,85.25102233886719,70.98869323730469,0.3415951430797577,0.293556272983551,0.2970386343188
20180712_hrrrt22_idw,5.0,0.98,18.14888572692871,13.052672386169434,0.1470114141702652,0.4026374816894531,0.07121303829202098
20180712_hrrrt22_ordinary_kriging,5.0,0.98,21.082054138183594,15.279805183410645,0.16135789453983307,0.25447559356689453,0.07558817371363091
20180712_hrrrt22_pk,5.0,0.98,89.65137481689453,71.89775848388672,0.34263932704925537,0.3070079982280731,0.3357972578753796
20180716_hrrrt17_npk,10.0,0.98,36.288124084472656,30.48955726623535,0.24426031112670898,0.1018545851111412,0.26885077030523236
20180716_hrrrt17_idw,10.0,0.98,27.413938522338867,19.87550926208496,0.29158708453178406,0.28081434965133667,0.22509853708463903
20180716_hrrrt17_ordinary_kriging,10.0,0.98,37.54294204711914,29.141036987304688,0.3907065987586975,0.2636992335319519,0.2547048978178894
20180716_hrrrt17_pk,10.0,0.98,37.801673889160156,31.75813865661621,0.26544293761253357,0.1071384996175766,0.3098670775114689
20180716_hrrrt17_npk,1.0,0.98,66.65341186523438,60.597633361816406,0.45032748579978943,0.2585150897502899,0.335521292081924
20180716_hrrrt17_idw,1.0,0.98,56.25100326538086,44.37697219848633,0.6235474348068237,0.5806936621665955,0.22047530106287266
20180716_hrrrt17_ordinary_kriging,1.0,0.98,62.17548370361328,54.26799774169922,0.7296686172485352,0.5400111675262451,0.28982811538744596
20180716_hrrrt17_pk,1.0,0.98,29.741838455200195,25.539838790893555,0.23058539628982544,0.1447596698999405,0.17232806111723548
20180716_hrrrt17_npk,20.0,0.98,21.509449005126953,17.460786819458008,0.13869880139827728,0.04865274205803871,0.06007625425753121
20180716_hrrrt17_idw,20.0,0.98,26.41936683654785,19.298137664794922,0.24647867679595947,0.21750806272029877,0.18058642921234216
20180716_hrrrt17_ordinary_kriging,20.0,0.98,26.55167007446289,19.958498001098633,0.27096232771873474,0.1711966097354889,0.2010007565381936
20180716_hrrrt17_pk,20.0,0.98,20.43712043762207,15.999035835266113,0.1237301230430603,0.04144584760069847,0.08526699177636239
20180716_hrrrt17_npk,30.0,0.98,13.366456031799316,10.702580451965332,0.0849393680691719,0.0347508005797863,0.08096708891991922
20180716_hrrrt17_idw,30.0,0.98,22.40824317932129,15.712343215942383,0.24711371958255768,0.18422438204288483,0.18038010530028914
20180716_hrrrt17_ordinary_kriging,30.0,0.98,19.563953399658203,13.806137084960938,0.2441522628068924,0.15482725203037262,0.1650593870314993
20180716_hrrrt17_pk,30.0,0.98,12.855145454406738,10.061674118041992,0.08922450244426727,0.03540461137890816,0.08012984531354743
20180716_hrrrt17_npk,5.0,0.98,45.96065902709961,39.71197509765625,0.30343499779701233,0.1186220794916153,0.3276108702907757
20180716_hrrrt17_idw,5.0,0.98,29.338624954223633,21.68191146850586,0.3048820197582245,0.29270297288894653,0.2418771695476932
20180716_hrrrt17_ordinary_kriging,5.0,0.98,36.55857467651367,26.885406494140625,0.3486589789390564,0.2595265507698059,0.2430375028050494
20180716_hrrrt17_pk,5.0,0.98,27.99981689453125,23.062482833862305,0.1970222294330597,0.09987349063158035,0.2292757308818438
20180718_hrrrt22_npk,10.0,0.98,62.7186393737793,53.11662673950195,0.30838683247566223,0.17917506396770477,0.24806020624700056
20180718_hrrrt22_idw,10.0,0.98,20.487964630126953,15.490914344787598,0.22950899600982666,0.2852608263492584,0.100527053277126
20180718_hrrrt22_ordinary_kriging,10.0,0.98,25.329105377197266,19.186601638793945,0.2657320201396942,0.3809564411640167,0.11800634227289378
20180718_hrrrt22_pk,10.0,0.98,65.46202087402344,56.12392807006836,0.3220323920249939,0.18154868483543396,0.2760887577329541
20180718_hrrrt22_npk,1.0,0.98,114.41521453857422,108.45932006835938,0.5974351167678833,0.44650039076805115,0.3945429372098168
20180718_hrrrt22_idw,1.0,0.98,25.17060661315918,18.56878662109375,0.24261733889579773,0.5523647665977478,0.11352524742662358
20180718_hrrrt22_ordinary_kriging,1.0,0.98,27.49641227722168,20.121301651000977,0.2590656876564026,0.555039644241333,0.12366784123211645
20180718_hrrrt22_pk,1.0,0.98,85.05657958984375,78.44458770751953,0.4373168647289276,0.36328330636024475,0.28702189329387073
20180718_hrrrt22_npk,20.0,0.98,24.656497955322266,18.55874252319336,0.10391521453857422,0.06884841620922089,0.041566856333138696
20180718_hrrrt22_idw,20.0,0.98,18.97007942199707,14.123893737792969,0.2446180284023285,0.22699780762195587,0.09615703290820334
20180718_hrrrt22_ordinary_kriging,20.0,0.98,25.840978622436523,19.44614028930664,0.28609374165534973,0.29166102409362793,0.11416180145864334
20180718_hrrrt22_pk,20.0,0.98,20.825340270996094,15.768712043762207,0.09332583099603653,0.06279420107603073,0.003797686197281138
20180718_hrrrt22_npk,30.0,0.98,12.436589241027832,8.834728240966797,0.0562235563993454,0.03849329054355621,0.0214386309653416
20180718_hrrrt22_idw,30.0,0.98,18.053895950317383,13.277894020080566,0.26765966415405273,0.2096615433692932,0.09512189687095708
20180718_hrrrt22_ordinary_kriging,30.0,0.98,25.944664001464844,19.92329216003418,0.31567302346229553,0.29264897108078003,0.1109380998374909
20180718_hrrrt22_pk,30.0,0.98,12.681660652160645,9.176945686340332,0.05548221617937088,0.03332168236374855,0.04914831180242046
20180718_hrrrt22_npk,5.0,0.98,72.30435180664062,62.66598129272461,0.34631213545799255,0.19077245891094208,0.3051265107880986
20180718_hrrrt22_idw,5.0,0.98,23.053525924682617,17.169065475463867,0.23126204311847687,0.33109068870544434,0.10266428070402753
20180718_hrrrt22_ordinary_kriging,5.0,0.98,25.939851760864258,19.4118709564209,0.2581072449684143,0.4151991009712219,0.12094039278660393
20180718_hrrrt22_pk,5.0,0.98,67.63301849365234,56.47146224975586,0.3209010660648346,0.1739092469215393,0.3200313731711165
20180722_hrrrt19_npk,10.0,0.98,31.367395401000977,24.41469955444336,0.18007256090641022,0.14060845971107483,0.11670321146921794
20180722_hrrrt19_idw,10.0,0.98,40.05338668823242,30.147544860839844,0.4100140631198883,0.3266412615776062,0.2548428083491572
20180722_hrrrt19_ordinary_kriging,10.0,0.98,49.211273193359375,38.36777877807617,0.510556697845459,0.3393757939338684,0.2790131297625626
20180722_hrrrt19_pk,10.0,0.98,33.23173522949219,25.563392639160156,0.19120080769062042,0.13332143425941467,0.16187863070369757
20180722_hrrrt19_npk,1.0,0.98,63.26322937011719,52.58555221557617,0.35716262459754944,0.2403278350830078,0.18847490061273905
20180722_hrrrt19_idw,1.0,0.98,56.11563491821289,43.84788131713867,0.5423699617385864,0.5537113547325134,0.2673843674368759
20180722_hrrrt19_ordinary_kriging,1.0,0.98,60.352928161621094,50.11168670654297,0.6158285737037659,0.5362572073936462,0.2958241025745473
20180722_hrrrt19_pk,1.0,0.98,49.121673583984375,40.057098388671875,0.2903904914855957,0.22637595236301422,0.15043757327266585
20180722_hrrrt19_npk,20.0,0.98,19.906103134155273,13.697588920593262,0.10883411020040512,0.07957906275987625,0.05763616744208569
20180722_hrrrt19_idw,20.0,0.98,22.908489227294922,17.76624870300293,0.2637791335582733,0.18420110642910004,0.18872176083100697
20180722_hrrrt19_ordinary_kriging,20.0,0.98,27.019941329956055,20.417150497436523,0.3012280762195587,0.21465076506137848,0.21114777480418132
20180722_hrrrt19_pk,20.0,0.98,19.19381332397461,13.895599365234375,0.11228097975254059,0.08960841596126556,0.035441516477958755
20180722_hrrrt19_npk,30.0,0.98,11.955796241760254,9.18863296508789,0.087310791015625,0.08750775456428528,0.04885774620538198
20180722_hrrrt19_idw,30.0,0.98,22.744647979736328,17.393653869628906,0.27756139636039734,0.19109752774238586,0.17949983617110088
20180722_hrrrt19_ordinary_kriging,30.0,0.98,21.26679229736328,15.647489547729492,0.26542070508003235,0.1950606107711792,0.17531713846009095
20180722_hrrrt19_pk,30.0,0.98,11.935075759887695,8.77055835723877,0.08148710429668427,0.0645434558391571,0.03532926707915032
20180722_hrrrt19_npk,5.0,0.98,35.89244079589844,28.955293655395508,0.21285076439380646,0.16000454127788544,0.1756338996491965
20180722_hrrrt19_idw,5.0,0.98,40.96890640258789,31.387975692749023,0.41275179386138916,0.35662397742271423,0.26625852927027255
20180722_hrrrt19_ordinary_kriging,5.0,0.98,45.20820236206055,32.806270599365234,0.4350665509700775,0.2914960980415344,0.2682686191457628
20180722_hrrrt19_pk,5.0,0.98,38.26593780517578,31.558019638061523,0.24644909799098969,0.15637913346290588,0.2992861804231654
20180728_hrrrt23_npk,10.0,0.98,62.93608856201172,52.22213363647461,0.2924482822418213,0.19697780907154083,0.2607968812455565
20180728_hrrrt23_idw,10.0,0.98,18.33543586730957,13.704909324645996,0.16169433295726776,0.24156707525253296,0.11100239258095769
20180728_hrrrt23_ordinary_kriging,10.0,0.98,27.88376235961914,22.0867919921875,0.2234547883272171,0.2859272360801697,0.13654444619305142
20180728_hrrrt23_pk,10.0,0.98,60.522220611572266,49.705596923828125,0.2762768864631653,0.18456417322158813,0.25483758454998323
20180728_hrrrt23_npk,1.0,0.98,94.146240234375,87.78697967529297,0.4887327253818512,0.43637070059776306,0.32281219080509094
20180728_hrrrt23_idw,1.0,0.98,18.20405387878418,11.749013900756836,0.15712031722068787,0.5921173095703125,0.06408338054270579
20180728_hrrrt23_ordinary_kriging,1.0,0.98,24.700603485107422,19.14595603942871,0.2121436893939972,0.4934033751487732,0.13471368266491482
20180728_hrrrt23_pk,1.0,0.98,70.00875091552734,61.40410232543945,0.34807851910591125,0.403174489736557,0.2908522449310517
20180728_hrrrt23_npk,20.0,0.98,18.57084846496582,13.9951171875,0.0862029492855072,0.049480024725198746,0.08225671639486436
20180728_hrrrt23_idw,20.0,0.98,16.91027069091797,11.075984001159668,0.1647418588399887,0.19281984865665436,0.10595457554568144
20180728_hrrrt23_ordinary_kriging,20.0,0.98,27.090599060058594,21.168142318725586,0.23344366252422333,0.21580415964126587,0.13093825944266213
20180728_hrrrt23_pk,20.0,0.98,15.886614799499512,11.488917350769043,0.06976930052042007,0.031197164207696915,0.04556721971643314
20180728_hrrrt23_npk,30.0,0.98,10.522391319274902,7.718619346618652,0.048338066786527634,0.02187243290245533,0.052704183653912176
20180728_hrrrt23_idw,30.0,0.98,14.113518714904785,8.944561004638672,0.1599699705839157,0.16258814930915833,0.08465316068791096
20180728_hrrrt23_ordinary_kriging,30.0,0.98,27.111642837524414,21.47559356689453,0.24348598718643188,0.25813525915145874,0.12197146253219517
20180728_hrrrt23_pk,30.0,0.98,9.643555641174316,7.296989917755127,0.047740403562784195,0.017650332301855087,0.04564958913579561
20180728_hrrrt23_npk,5.0,0.98,68.58628845214844,57.44064712524414,0.3195369243621826,0.19091783463954926,0.3056284582834837
20180728_hrrrt23_idw,5.0,0.98,19.38690185546875,14.911099433898926,0.16114039719104767,0.2805998921394348,0.11634961330849355
20180728_hrrrt23_ordinary_kriging,5.0,0.98,28.807737350463867,23.256166458129883,0.21780730783939362,0.3346547782421112,0.14233026713123337
20180728_hrrrt23_pk,5.0,0.98,71.88642883300781,57.944007873535156,0.32329851388931274,0.19868813455104828,0.3472159489741946
20180802_hrrrt21_npk,10.0,0.98,70.22454071044922,59.58909606933594,0.3162590563297272,0.22463902831077576,0.29772115456793696
20180802_hrrrt21_idw,10.0,0.98,20.594026565551758,15.33767318725586,0.19913439452648163,0.3325653076171875,0.1164282841525342
20180802_hrrrt21_ordinary_kriging,10.0,0.98,29.73985481262207,23.808515548706055,0.26290345191955566,0.32149285078048706,0.12984979011735612
20180802_hrrrt21_pk,10.0,0.98,48.31748580932617,39.5850944519043,0.20730337500572205,0.1363416314125061,0.18440018794057844
20180802_hrrrt21_npk,1.0,0.98,116.64867401123047,107.59713745117188,0.5479092001914978,0.45270147919654846,0.36323355039158556
20180802_hrrrt21_idw,1.0,0.98,23.428966522216797,18.089004516601562,0.2101045846939087,0.5433447360992432,0.12443119813875421
20180802_hrrrt21_ordinary_kriging,1.0,0.98,29.013931274414062,23.266271591186523,0.24786123633384705,0.5256564617156982,0.13310486056465468
20180802_hrrrt21_pk,1.0,0.98,90.6578369140625,80.8658218383789,0.4212055504322052,0.33459675312042236,0.354253102193698
20180802_hrrrt21_npk,20.0,0.98,17.049041748046875,12.321330070495605,0.07133685797452927,0.04006124660372734,0.028919147705256665
20180802_hrrrt21_idw,20.0,0.98,18.402122497558594,13.275251388549805,0.20374000072479248,0.16947856545448303,0.10302321170963787
20180802_hrrrt21_ordinary_kriging,20.0,0.98,28.485363006591797,23.022275924682617,0.27200496196746826,0.18353056907653809,0.12394921943293602
20180802_hrrrt21_pk,20.0,0.98,17.819355010986328,12.606810569763184,0.07131385803222656,0.035886332392692566,0.014043869135603
20180802_hrrrt21_npk,30.0,0.98,8.951266288757324,6.6161088943481445,0.04114573076367378,0.024581609293818474,0.024722482482376008
20180802_hrrrt21_idw,30.0,0.98,16.810184478759766,12.610878944396973,0.21294225752353668,0.14767210185527802,0.08751569618563086
20180802_hrrrt21_ordinary_kriging,30.0,0.98,28.018268585205078,23.213041305541992,0.2785978317260742,0.19922401010990143,0.1141999256094313
20180802_hrrrt21_pk,30.0,0.98,9.13178539276123,6.65969181060791,0.04725788161158562,0.02557884156703949,0.013515224279124395
20180802_hrrrt21_npk,5.0,0.98,77.21664428710938,66.09429931640625,0.35191860795021057,0.23851236701011658,0.3557368033148077
20180802_hrrrt21_idw,5.0,0.98,21.369840621948242,15.901849746704102,0.19519631564617157,0.37671416997909546,0.11740300691393758
20180802_hrrrt21_ordinary_kriging,5.0,0.98,29.21420669555664,23.349178314208984,0.2538025379180908,0.2777376174926758,0.13176156952936688
20180802_hrrrt21_pk,5.0,0.98,58.52949523925781,48.341087341308594,0.2585837244987488,0.17363689839839935,0.2710933932675011
20180802_hrrrt23_npk,10.0,0.98,52.23601531982422,42.515052795410156,0.2260323315858841,0.17780658602714539,0.2109933378038906
20180802_hrrrt23_idw,10.0,0.98,24.710798263549805,18.266069412231445,0.22331395745277405,0.38624295592308044,0.13979135652963748
20180802_hrrrt23_ordinary_kriging,10.0,0.98,35.123443603515625,28.04095458984375,0.2992652654647827,0.33669084310531616,0.1549643923062104
20180802_hrrrt23_pk,10.0,0.98,56.05387496948242,42.7618522644043,0.2232898622751236,0.14251300692558289,0.2194246065499674
20180802_hrrrt23_npk,1.0,0.98,114.26091766357422,107.25592041015625,0.555263876914978,0.4269181191921234,0.31628384382330915
20180802_hrrrt23_idw,1.0,0.98,26.948509216308594,21.139793395996094,0.230000302195549,0.5780133008956909,0.14720402268439894
20180802_hrrrt23_ordinary_kriging,1.0,0.98,33.71446228027344,27.501232147216797,0.27772584557533264,0.5270578861236572,0.15834311588908853
20180802_hrrrt23_pk,1.0,0.98,92.68814086914062,82.81754302978516,0.4265359044075012,0.3891017735004425,0.3036495996381444
20180802_hrrrt23_npk,20.0,0.98,21.318695068359375,14.519072532653809,0.0843963548541069,0.04469180107116699,0.026869788451931102
20180802_hrrrt23_idw,20.0,0.98,21.10947036743164,15.276472091674805,0.22091513872146606,0.20431971549987793,0.11972181247574744
20180802_hrrrt23_ordinary_kriging,20.0,0.98,33.29964828491211,27.08880043029785,0.3048698604106903,0.2266097068786621,0.14658924929504047
20180802_hrrrt23_pk,20.0,0.98,19.0750789642334,12.966270446777344,0.075138159096241,0.0660654753446579,0.05006974668643035
20180802_hrrrt23_npk,30.0,0.98,10.326436042785645,7.439330577850342,0.04776355251669884,0.0303586944937706,0.02791729618797903
20180802_hrrrt23_idw,30.0,0.98,18.910730361938477,14.5,0.22715459764003754,0.17160534858703613,0.0996646930388158
20180802_hrrrt23_ordinary_kriging,30.0,0.98,32.291160583496094,27.179218292236328,0.3071850538253784,0.2172612100839615,0.13350579480184563
20180802_hrrrt23_pk,30.0,0.98,9.971343040466309,7.364537239074707,0.048970967531204224,0.020346445962786674,0.02723330658703377
20180802_hrrrt23_npk,5.0,0.98,69.59886932373047,58.85714340209961,0.3085816502571106,0.20311564207077026,0.2960814850449013
20180802_hrrrt23_idw,5.0,0.98,25.23768424987793,18.6569881439209,0.2170596420764923,0.4258284866809845,0.1401314452747681
20180802_hrrrt23_ordinary_kriging,5.0,0.98,34.26616287231445,27.41623878479004,0.28716251254081726,0.29947853088378906,0.1569539515392481
20180802_hrrrt23_pk,5.0,0.98,66.12962341308594,54.71192932128906,0.295989066362381,0.21062222123146057,0.3244689957619093
20180804_hrrrt21_npk,10.0,0.98,58.52463912963867,48.818824768066406,0.2570897042751312,0.21654000878334045,0.22059078162910303
20180804_hrrrt21_idw,10.0,0.98,22.066932678222656,17.504474639892578,0.1560763269662857,0.4059446454048157,0.12679891006385
20180804_hrrrt21_ordinary_kriging,10.0,0.98,31.217496871948242,25.529155731201172,0.21288026869297028,0.334066241979599,0.14236998988929067
20180804_hrrrt21_pk,10.0,0.98,67.3127212524414,54.549400329589844,0.27987298369407654,0.21647116541862488,0.2434540175054773
20180804_hrrrt21_npk,1.0,0.98,112.24488067626953,104.44600677490234,0.5428332090377808,0.42683836817741394,0.3584690899408837
20180804_hrrrt21_idw,1.0,0.98,30.587940216064453,25.256656646728516,0.19759175181388855,0.618822455406189,0.14650311449900771
20180804_hrrrt21_ordinary_kriging,1.0,0.98,32.870399475097656,27.21819496154785,0.21238365769386292,0.5283600687980652,0.14728457063643272
20180804_hrrrt21_pk,1.0,0.98,96.79598236083984,86.30028533935547,0.44099152088165283,0.44246867299079895,0.3225979250105286
20180804_hrrrt21_npk,20.0,0.98,18.710277557373047,12.9575834274292,0.06873050332069397,0.04628375172615051,0.019693536588264095
20180804_hrrrt21_idw,20.0,0.98,20.493871688842773,15.478791236877441,0.16022978723049164,0.19218336045742035,0.11586483841250968
20180804_hrrrt21_ordinary_kriging,20.0,0.98,31.000757217407227,25.054927825927734,0.22444815933704376,0.20205728709697723,0.13729247772355602
20180804_hrrrt21_pk,20.0,0.98,21.49701690673828,15.693864822387695,0.08254582434892654,0.03897719830274582,0.05272252143002717
20180804_hrrrt21_npk,30.0,0.98,9.503816604614258,7.028940200805664,0.04070954769849777,0.025020739063620567,0.011576911803401091
20180804_hrrrt21_idw,30.0,0.98,20.259593963623047,15.499302864074707,0.16943737864494324,0.14975638687610626,0.10578128544517112
20180804_hrrrt21_ordinary_kriging,30.0,0.98,31.072490692138672,25.337865829467773,0.23050126433372498,0.18820372223854065,0.1290740662897086
20180804_hrrrt21_pk,30.0,0.98,9.472097396850586,6.740455150604248,0.04298308864235878,0.026726940646767616,0.019661495067060747
20180804_hrrrt21_npk,5.0,0.98,62.779911041259766,54.00231170654297,0.28180885314941406,0.23849299550056458,0.23736072064157557
20180804_hrrrt21_idw,5.0,0.98,22.84271240234375,17.93653678894043,0.15902850031852722,0.44305726885795593,0.1312777743355772
20180804_hrrrt21_ordinary_kriging,5.0,0.98,30.663982391357422,24.692445755004883,0.20959365367889404,0.3081945776939392,0.14597633452358513
20180804_hrrrt21_pk,5.0,0.98,70.78305053710938,59.21287536621094,0.3202053904533386,0.25287675857543945,0.3356934440899107
20180805_hrrrt22_npk,10.0,0.98,66.56592559814453,54.535667419433594,0.2761746346950531,0.2222067415714264,0.25040868291681073
20180805_hrrrt22_idw,10.0,0.98,19.901199340820312,14.579061508178711,0.1919483095407486,0.35690322518348694,0.09818076183992944
20180805_hrrrt22_ordinary_kriging,10.0,0.98,25.733686447143555,19.801193237304688,0.2294321358203888,0.30074459314346313,0.10601551848078303
20180805_hrrrt22_pk,10.0,0.98,60.840187072753906,50.122501373291016,0.24964718520641327,0.1906295120716095,0.22036909145647507
20180805_hrrrt22_npk,1.0,0.98,110.7209701538086,102.88166046142578,0.5170992612838745,0.4734484553337097,0.3075497317978228
20180805_hrrrt22_idw,1.0,0.98,23.45417594909668,17.712770462036133,0.20510876178741455,0.5951512455940247,0.10685101423285562
20180805_hrrrt22_ordinary_kriging,1.0,0.98,25.573707580566406,19.598373413085938,0.21967585384845734,0.6036577820777893,0.1101048943583448
20180805_hrrrt22_pk,1.0,0.98,100.27188110351562,89.6991958618164,0.44513532519340515,0.4592379629611969,0.3394261305834048
20180805_hrrrt22_npk,20.0,0.98,17.884117126464844,12.107110023498535,0.06873781234025955,0.0285777747631073,0.03655395901691761
20180805_hrrrt22_idw,20.0,0.98,19.193965911865234,13.21757698059082,0.20383863151073456,0.171800896525383,0.08948331431055194
20180805_hrrrt22_ordinary_kriging,20.0,0.98,25.467241287231445,19.366493225097656,0.24697370827198029,0.16707590222358704,0.10257315932923419
20180805_hrrrt22_pk,20.0,0.98,16.07785987854004,11.652104377746582,0.06468724459409714,0.030365262180566788,0.024861685621487613
20180805_hrrrt22_npk,30.0,0.98,8.630389213562012,6.461297035217285,0.041227299720048904,0.022941727191209793,0.023170213762877583
20180805_hrrrt22_idw,30.0,0.98,17.72714614868164,12.981171607971191,0.21019971370697021,0.13950717449188232,0.07455845089097417
20180805_hrrrt22_ordinary_kriging,30.0,0.98,24.891311645507812,19.522315979003906,0.24953198432922363,0.16209885478019714,0.09217934082061695
20180805_hrrrt22_pk,30.0,0.98,8.567195892333984,6.617107391357422,0.04221411794424057,0.015460046008229256,0.01803474834021408
20180805_hrrrt22_npk,5.0,0.98,78.60440826416016,67.03622436523438,0.33929479122161865,0.27627599239349365,0.32554511930923496
20180805_hrrrt22_idw,5.0,0.98,20.741384506225586,15.084275245666504,0.19079487025737762,0.3973124623298645,0.09931618569013285
20180805_hrrrt22_ordinary_kriging,5.0,0.98,25.772573471069336,19.590442657470703,0.22629669308662415,0.2777138948440552,0.10832740010126456
20180805_hrrrt22_pk,5.0,0.98,72.15597534179688,59.31836700439453,0.29838114976882935,0.23034951090812683,0.30601036552724764
20180807_hrrrt20_npk,10.0,0.98,28.898120880126953,24.594249725341797,0.19612544775009155,0.056210555136203766,0.2475295368298382
20180807_hrrrt20_idw,10.0,0.98,25.774965286254883,20.105234146118164,0.2669779658317566,0.20512981712818146,0.2304043451561415
20180807_hrrrt20_ordinary_kriging,10.0,0.98,47.04056167602539,39.75020217895508,0.47499415278434753,0.3402450978755951,0.28304458003144967
20180807_hrrrt20_pk,10.0,0.98,22.683900833129883,17.782123565673828,0.13560447096824646,0.03560246154665947,0.12546951508064286
20180807_hrrrt20_npk,1.0,0.98,66.52887725830078,55.82667541503906,0.3703058362007141,0.36536067724227905,0.21415162431619283
20180807_hrrrt20_idw,1.0,0.98,45.30361557006836,35.260108947753906,0.40510231256484985,0.5548621416091919,0.22665995578578974
20180807_hrrrt20_ordinary_kriging,1.0,0.98,58.308536529541016,48.193294525146484,0.5646878480911255,0.4690983295440674,0.29307740600392584
20180807_hrrrt20_pk,1.0,0.98,43.718658447265625,36.67739486694336,0.27169597148895264,0.2585555911064148,0.2542219293376507
20180807_hrrrt20_npk,20.0,0.98,17.937911987304688,12.289288520812988,0.08878197520971298,0.030865535140037537,0.0225538908481925
20180807_hrrrt20_idw,20.0,0.98,21.367284774780273,15.837656021118164,0.20398734509944916,0.11199767887592316,0.18733007259522727
20180807_hrrrt20_ordinary_kriging,20.0,0.98,23.906349182128906,18.87213897705078,0.23225897550582886,0.140029177069664,0.19908811287278277
20180807_hrrrt20_pk,20.0,0.98,15.497654914855957,11.42177963256836,0.08640526980161667,0.027220088988542557,0.08428516682873759
20180807_hrrrt20_npk,30.0,0.98,10.778225898742676,7.974895477294922,0.06909027695655823,0.020704464986920357,0.09786353988675624
20180807_hrrrt20_idw,30.0,0.98,16.675485610961914,13.072524070739746,0.2101493626832962,0.08998530358076096,0.16965942840261045
20180807_hrrrt20_ordinary_kriging,30.0,0.98,15.790325164794922,11.63424015045166,0.19127583503723145,0.13315995037555695,0.14872014595430438
20180807_hrrrt20_pk,30.0,0.98,10.612086296081543,7.834434509277344,0.06819749623537064,0.019067835062742233,0.08677950644087748
20180807_hrrrt20_npk,5.0,0.98,40.79920959472656,34.08787155151367,0.2515392601490021,0.09293293952941895,0.2528542014624561
20180807_hrrrt20_idw,5.0,0.98,29.526718139648438,22.08196258544922,0.2845333516597748,0.2602345943450928,0.24981395347202157
20180807_hrrrt20_ordinary_kriging,5.0,0.98,45.25872039794922,38.71146011352539,0.44281983375549316,0.30814817547798157,0.2876597103252846
20180807_hrrrt20_pk,5.0,0.98,28.145334243774414,24.039762496948242,0.20035320520401,0.05632037669420242,0.2548454421576682
20180808_hrrrt20_npk,10.0,0.98,56.31650924682617,45.18388748168945,0.24650812149047852,0.1860477477312088,0.13732935872919766
20180808_hrrrt20_idw,10.0,0.98,30.044456481933594,22.11771011352539,0.15247933566570282,0.3139851689338684,0.14445222160260116
20180808_hrrrt20_ordinary_kriging,10.0,0.98,31.97563934326172,24.350963592529297,0.1607845425605774,0.20870181918144226,0.13960464331874123
20180808_hrrrt20_pk,10.0,0.98,55.30706787109375,44.19474411010742,0.23659645020961761,0.17633631825447083,0.12173985820315937
20180808_hrrrt20_npk,1.0,0.98,105.25729370117188,92.52638244628906,0.521589457988739,0.4292955994606018,0.27605327902204935
20180808_hrrrt20_idw,1.0,0.98,40.862545013427734,31.365385055541992,0.23377825319766998,0.6082214117050171,0.11251039793449297
20180808_hrrrt20_ordinary_kriging,1.0,0.98,46.42554473876953,38.578895568847656,0.2858361601829529,0.48761534690856934,0.19034043482296698
20180808_hrrrt20_pk,1.0,0.98,84.62604522705078,71.090576171875,0.4063592255115509,0.3723447918891907,0.18285326431399837
20180808_hrrrt20_npk,20.0,0.98,17.14789581298828,12.939579010009766,0.07564389705657959,0.05184665322303772,0.01438486594672197
20180808_hrrrt20_idw,20.0,0.98,24.287622451782227,18.421422958374023,0.15428337454795837,0.1897660493850708,0.14155879757889903
20180808_hrrrt20_ordinary_kriging,20.0,0.98,21.826744079589844,15.99481201171875,0.12730102241039276,0.15681558847427368,0.13181894879411318
20180808_hrrrt20_pk,20.0,0.98,19.886903762817383,14.861227035522461,0.08481133729219437,0.042979080229997635,0.0521415157614962
20180808_hrrrt20_npk,30.0,0.98,17.534067153930664,12.056485176086426,0.06904055923223495,0.04035479202866554,0.06879903969863843
20180808_hrrrt20_idw,30.0,0.98,22.300048828125,16.224546432495117,0.13680772483348846,0.1660374104976654,0.13248020652780165
20180808_hrrrt20_ordinary_kriging,30.0,0.98,20.858232498168945,14.497559547424316,0.11787325143814087,0.15189407765865326,0.1212911085760111
20180808_hrrrt20_pk,30.0,0.98,14.2802734375,10.006975173950195,0.05406787246465683,0.03213733062148094,0.07442925574769307
20180808_hrrrt20_npk,5.0,0.98,69.67700958251953,58.14670944213867,0.3260467052459717,0.2004297375679016,0.1592500888982906
20180808_hrrrt20_idw,5.0,0.98,25.651025772094727,19.171377182006836,0.18300482630729675,0.35597580671310425,0.1597852776990692
20180808_hrrrt20_ordinary_kriging,5.0,0.98,28.433931350708008,21.574254989624023,0.19857129454612732,0.1967373937368393,0.15517618464887833
20180808_hrrrt20_pk,5.0,0.98,61.588462829589844,50.17527770996094,0.28447771072387695,0.17300035059452057,0.1585679122064156
20180810_hrrrt23_npk,10.0,0.98,68.8233642578125,56.04339599609375,0.3425954580307007,0.2269723266363144,0.127855325283839
20180810_hrrrt23_idw,10.0,0.98,41.01371383666992,27.034988403320312,0.3203718066215515,0.3959032893180847,0.206301765455311
20180810_hrrrt23_ordinary_kriging,10.0,0.98,41.82304763793945,28.597232818603516,0.3266817331314087,0.3453284204006195,0.21346247231669987
20180810_hrrrt23_pk,10.0,0.98,48.46483612060547,38.20588302612305,0.24992536008358002,0.19604463875293732,0.0941350745112386
20180810_hrrrt23_npk,1.0,0.98,99.45683288574219,90.85379791259766,0.5207860469818115,0.3675336539745331,0.09901972643797292
20180810_hrrrt23_idw,1.0,0.98,37.04755401611328,24.640039443969727,0.2850427031517029,0.5901259183883667,0.20573174779697992
20180810_hrrrt23_ordinary_kriging,1.0,0.98,45.596134185791016,34.193294525146484,0.3480151891708374,0.5113028883934021,0.23140766746543803
20180810_hrrrt23_pk,1.0,0.98,90.37789916992188,77.35245513916016,0.45083749294281006,0.3499724268913269,0.29394049127555194
20180810_hrrrt23_npk,20.0,0.98,33.282711029052734,19.972536087036133,0.23690171539783478,0.11988243460655212,0.18000107671592186
20180810_hrrrt23_idw,20.0,0.98,44.075504302978516,26.166616439819336,0.35838451981544495,0.2763625979423523,0.20910301762264893
20180810_hrrrt23_ordinary_kriging,20.0,0.98,49.26219940185547,35.9884033203125,0.4090787470340729,0.3819248676300049,0.22403678609506955
20180810_hrrrt23_pk,20.0,0.98,23.35533905029297,15.627368927001953,0.1661609262228012,0.11601902544498444,0.1397855364352071
20180810_hrrrt23_npk,30.0,0.98,15.641511917114258,11.329846382141113,0.07094801962375641,0.06315740197896957,0.04579398778693699
20180810_hrrrt23_idw,30.0,0.98,22.251306533813477,17.80125617980957,0.11338187009096146,0.18382038176059723,0.1138364364497646
20180810_hrrrt23_ordinary_kriging,30.0,0.98,23.422548294067383,17.398883819580078,0.11495757848024368,0.17378607392311096,0.11310625435903279
20180810_hrrrt23_pk,30.0,0.98,16.23223114013672,11.914831161499023,0.07207344472408295,0.059023160487413406,0.061555564983521174
20180810_hrrrt23_npk,5.0,0.98,85.81279754638672,72.06808471679688,0.3994491994380951,0.24605201184749603,0.20473468432197575
20180810_hrrrt23_idw,5.0,0.98,39.83175277709961,27.628725051879883,0.30660730600357056,0.43065008521080017,0.2099959309639616
20180810_hrrrt23_ordinary_kriging,5.0,0.98,45.647560119628906,33.92060470581055,0.3492181897163391,0.4459945261478424,0.22798819168082005
20180810_hrrrt23_pk,5.0,0.98,78.19176483154297,61.73951721191406,0.35830196738243103,0.21212263405323029,0.22346094779495443
20180811_hrrrt23_npk,10.0,0.98,78.29015350341797,60.79793930053711,0.3267834782600403,0.26857417821884155,0.3182503013363239
20180811_hrrrt23_idw,10.0,0.98,28.067506790161133,22.33875846862793,0.22441920638084412,0.33391273021698,0.1631329298194638
20180811_hrrrt23_ordinary_kriging,10.0,0.98,32.35931396484375,25.312448501586914,0.2235036939382553,0.3185465335845947,0.10959431544961626
20180811_hrrrt23_pk,10.0,0.98,70.81208801269531,52.753570556640625,0.2774907648563385,0.22129929065704346,0.2733260375353378
20180811_hrrrt23_npk,1.0,0.98,121.66354370117188,109.45660400390625,0.5688656568527222,0.49707478284835815,0.2954755632450516
20180811_hrrrt23_idw,1.0,0.98,84.92212677001953,73.51380920410156,0.4509609043598175,0.6776015758514404,0.23890203643149424
20180811_hrrrt23_ordinary_kriging,1.0,0.98,86.00035095214844,79.96376037597656,0.47547948360443115,0.5992212891578674,0.18967593595754667
20180811_hrrrt23_pk,1.0,0.98,111.50397491455078,95.88917541503906,0.5013334155082703,0.47501203417778015,0.39107035249696126
20180811_hrrrt23_npk,20.0,0.98,23.58558464050293,16.192554473876953,0.10161148756742477,0.09578346461057663,0.08151750625363557
20180811_hrrrt23_idw,20.0,0.98,32.06688690185547,22.12358856201172,0.26918208599090576,0.20942199230194092,0.16487942455240917
20180811_hrrrt23_ordinary_kriging,20.0,0.98,28.844892501831055,20.11687469482422,0.244361013174057,0.21602895855903625,0.15611159617516793
20180811_hrrrt23_pk,20.0,0.98,24.601240158081055,16.9755859375,0.10298766195774078,0.09151613712310791,0.0748028384127629
20180811_hrrrt23_npk,30.0,0.98,16.201679229736328,11.143653869628906,0.07634548097848892,0.0638265460729599,0.018218167913478866
20180811_hrrrt23_idw,30.0,0.98,25.886735916137695,18.285564422607422,0.2454233467578888,0.18541410565376282,0.14146948087087013
20180811_hrrrt23_ordinary_kriging,30.0,0.98,23.30353546142578,16.27789306640625,0.21485280990600586,0.21837309002876282,0.1244987761116381
20180811_hrrrt23_pk,30.0,0.98,15.685861587524414,10.92070484161377,0.07058993726968765,0.05806276574730873,0.030252812392125763
20180811_hrrrt23_npk,5.0,0.98,78.3767318725586,66.00924682617188,0.35149773955345154,0.2519857585430145,0.27622116105440303
20180811_hrrrt23_idw,5.0,0.98,26.177560806274414,21.081192016601562,0.23051178455352783,0.3646933436393738,0.15185500028318738
20180811_hrrrt23_ordinary_kriging,5.0,0.98,28.57673454284668,22.077852249145508,0.21888546645641327,0.2769157290458679,0.10721620625197525
20180811_hrrrt23_pk,5.0,0.98,77.89956665039062,62.473087310791016,0.32916685938835144,0.2106042355298996,0.30040500220048694
20180817_hrrrt20_npk,10.0,0.98,63.886070251464844,52.178192138671875,0.2890300750732422,0.2047804296016693,0.2707777431753966
20180817_hrrrt20_idw,10.0,0.98,20.613784790039062,16.063467025756836,0.1515255719423294,0.34565049409866333,0.10000474486170942
20180817_hrrrt20_ordinary_kriging,10.0,0.98,26.367965698242188,20.519392013549805,0.18471820652484894,0.38299980759620667,0.12358579602855813
20180817_hrrrt20_pk,10.0,0.98,54.995582580566406,42.99628829956055,0.24138718843460083,0.1617479771375656,0.23323722491581397
20180817_hrrrt20_npk,1.0,0.98,99.51396179199219,90.6854019165039,0.4975087344646454,0.39791348576545715,0.33242273559451085
20180817_hrrrt20_idw,1.0,0.98,28.58061981201172,22.491371154785156,0.20162467658519745,0.5325134992599487,0.09991692146367613
20180817_hrrrt20_ordinary_kriging,1.0,0.98,29.936880111694336,23.759614944458008,0.2193092554807663,0.5646107792854309,0.12847925522164938
20180817_hrrrt20_pk,1.0,0.98,77.92245483398438,68.59590148925781,0.3781071901321411,0.30707937479019165,0.27217603123905365
20180817_hrrrt20_npk,20.0,0.98,22.188486099243164,16.376564025878906,0.0912158191204071,0.06800524890422821,0.03973185042184885
20180817_hrrrt20_idw,20.0,0.98,21.327802658081055,16.34910011291504,0.16934454441070557,0.19921818375587463,0.10840210376372146
20180817_hrrrt20_ordinary_kriging,20.0,0.98,26.24683380126953,20.638694763183594,0.19985586404800415,0.25081920623779297,0.12104629918167159
20180817_hrrrt20_pk,20.0,0.98,22.796823501586914,15.848698616027832,0.0905672088265419,0.06967777013778687,0.055181659292348015
20180817_hrrrt20_npk,30.0,0.98,19.09898567199707,13.533473014831543,0.07420548051595688,0.046221259981393814,0.055430367975589485
20180817_hrrrt20_idw,30.0,0.98,21.068370819091797,15.742329597473145,0.16754601895809174,0.18597078323364258,0.10107708661872614
20180817_hrrrt20_ordinary_kriging,30.0,0.98,27.53412437438965,21.342050552368164,0.20330175757408142,0.24081572890281677,0.1136320971357277
20180817_hrrrt20_pk,30.0,0.98,19.04291343688965,13.308002471923828,0.07167568802833557,0.036530449986457825,0.05984812797706704
20180817_hrrrt20_npk,5.0,0.98,73.41490173339844,63.7767219543457,0.3592435419559479,0.2164161056280136,0.32628194374622455
20180817_hrrrt20_idw,5.0,0.98,21.840770721435547,17.087100982666016,0.16026671230793,0.3888586163520813,0.10747509447092805
20180817_hrrrt20_ordinary_kriging,5.0,0.98,26.118886947631836,20.532373428344727,0.18676748871803284,0.4032541811466217,0.12487521298241014
20180817_hrrrt20_pk,5.0,0.98,57.77357482910156,46.22450637817383,0.26075270771980286,0.16307733952999115,0.2639580380081302
20180819_hrrrt17_npk,10.0,0.98,59.69850540161133,48.149715423583984,0.3233836889266968,0.12234145402908325,0.39017283060101937
20180819_hrrrt17_idw,10.0,0.98,27.129045486450195,22.049633026123047,0.23507879674434662,0.3016362488269806,0.15314646255759176
20180819_hrrrt17_ordinary_kriging,10.0,0.98,29.342487335205078,23.702468872070312,0.24823834002017975,0.1454482525587082,0.1396852755821314
20180819_hrrrt17_pk,10.0,0.98,52.67206573486328,41.78669357299805,0.28505629301071167,0.09751909971237183,0.3343111080492602
20180819_hrrrt17_npk,1.0,0.98,87.42076110839844,70.64620208740234,0.42490628361701965,0.2539578676223755,0.25028895950968827
20180819_hrrrt17_idw,1.0,0.98,39.97248458862305,32.41888427734375,0.2734958827495575,0.5325738787651062,0.2185440934644587
20180819_hrrrt17_ordinary_kriging,1.0,0.98,58.575496673583984,47.36982345581055,0.5240795016288757,0.4175328016281128,0.2763287227327635
20180819_hrrrt17_pk,1.0,0.98,66.44258880615234,54.935115814208984,0.3604637682437897,0.16214843094348907,0.3810343441891064
20180819_hrrrt17_npk,20.0,0.98,21.445810317993164,15.286848068237305,0.12929251790046692,0.039698172360658646,0.09231047029883281
20180819_hrrrt17_idw,20.0,0.98,31.70034408569336,24.408910751342773,0.3440983295440674,0.1446613371372223,0.25829500671780853
20180819_hrrrt17_ordinary_kriging,20.0,0.98,22.292970657348633,16.736038208007812,0.23306362330913544,0.08881320804357529,0.1974057634246031
20180819_hrrrt17_pk,20.0,0.98,20.89372444152832,14.594603538513184,0.12405121326446533,0.04206354171037674,0.09970516884501357
20180819_hrrrt17_npk,30.0,0.98,19.495941162109375,13.102161407470703,0.10909992456436157,0.0345502644777298,0.1183288303889121
20180819_hrrrt17_idw,30.0,0.98,25.070722579956055,18.473501205444336,0.2200644314289093,0.08893583714962006,0.18378883845252109
20180819_hrrrt17_ordinary_kriging,30.0,0.98,17.857759475708008,13.116456985473633,0.17042697966098785,0.08284544944763184,0.13292663536109528
20180819_hrrrt17_pk,30.0,0.98,19.0157413482666,12.605727195739746,0.10317368805408478,0.032513778656721115,0.10626114765706388
20180819_hrrrt17_npk,5.0,0.98,55.09012985229492,45.48201370239258,0.31001409888267517,0.10828360170125961,0.3492578254806177
20180819_hrrrt17_idw,5.0,0.98,26.053295135498047,20.48381233215332,0.19859305024147034,0.35913488268852234,0.1462162419424378
20180819_hrrrt17_ordinary_kriging,5.0,0.98,26.837675094604492,20.461715698242188,0.2157386988401413,0.10093032568693161,0.16590998893274328
20180819_hrrrt17_pk,5.0,0.98,56.212074279785156,45.77549362182617,0.3236430585384369,0.10332953184843063,0.4093667590251331
20180823_hrrrt17_npk,10.0,0.98,20.693241119384766,16.450502395629883,0.196497842669487,0.06978646665811539,0.11473840202829746
20180823_hrrrt17_idw,10.0,0.98,39.88162612915039,30.58204460144043,0.4699902832508087,0.3139963150024414,0.3321110926674481
20180823_hrrrt17_ordinary_kriging,10.0,0.98,58.888736724853516,49.908870697021484,0.761238694190979,0.40923070907592773,0.41246987794071566
20180823_hrrrt17_pk,10.0,0.98,13.474969863891602,10.923757553100586,0.13477753102779388,0.04824179783463478,0.030588144406062175
20180823_hrrrt17_npk,1.0,0.98,72.65754699707031,58.64274978637695,0.559729278087616,0.33985868096351624,0.11144513307860426
20180823_hrrrt17_idw,1.0,0.98,54.803497314453125,43.67677688598633,0.6725461483001709,0.5801637768745422,0.39695001399549973
20180823_hrrrt17_ordinary_kriging,1.0,0.98,59.75665283203125,49.26430130004883,0.7497841715812683,0.46205905079841614,0.4259988228159226
20180823_hrrrt17_pk,1.0,0.98,44.994136810302734,34.6664924621582,0.37224698066711426,0.2352067530155182,0.2942050373491044
20180823_hrrrt17_npk,20.0,0.98,19.478099822998047,13.422032356262207,0.16261295974254608,0.04601529985666275,0.11322738399214784
20180823_hrrrt17_idw,20.0,0.98,17.098148345947266,12.39670467376709,0.1899111270904541,0.11907771974802017,0.24196692193268643
20180823_hrrrt17_ordinary_kriging,20.0,0.98,21.923967361450195,15.071101188659668,0.23071768879890442,0.11293430626392365,0.26297339072582376
20180823_hrrrt17_pk,20.0,0.98,13.469934463500977,10.123353958129883,0.11620554327964783,0.03525474667549133,0.08073606574419971
20180823_hrrrt17_npk,30.0,0.98,8.96617317199707,6.657252311706543,0.06509104371070862,0.023178040981292725,0.09534158927093929
20180823_hrrrt17_idw,30.0,0.98,17.00482940673828,12.461297035217285,0.12503060698509216,0.09815442562103271,0.19445750929993794
20180823_hrrrt17_ordinary_kriging,30.0,0.98,15.803226470947266,10.693862915039062,0.10798274725675583,0.06897550076246262,0.17154596379182388
20180823_hrrrt17_pk,30.0,0.98,9.708281517028809,7.341042518615723,0.06991724669933319,0.02439643256366253,0.07567835472482472
20180823_hrrrt17_npk,5.0,0.98,20.58936309814453,16.588899612426758,0.19345563650131226,0.10319225490093231,0.2076436145787795
20180823_hrrrt17_idw,5.0,0.98,45.854209899902344,34.64979553222656,0.5776803493499756,0.3844878077507019,0.3825051306855551
20180823_hrrrt17_ordinary_kriging,5.0,0.98,54.75252914428711,44.17086410522461,0.7046980857849121,0.24918445944786072,0.41004736030438577
20180823_hrrrt17_pk,5.0,0.98,16.97231674194336,13.255071640014648,0.16181448101997375,0.08987421542406082,0.17102943511436652
20180823_hrrrt21_npk,10.0,0.98,29.43290138244629,24.439382553100586,0.1964930295944214,0.11774289608001709,0.2562436119377999
20180823_hrrrt21_idw,10.0,0.98,25.348045349121094,19.645782470703125,0.2371513992547989,0.4272843599319458,0.2440491148251471
20180823_hrrrt21_ordinary_kriging,10.0,0.98,53.93793869018555,42.11201477050781,0.6097079515457153,0.35887840390205383,0.3619585088446356
20180823_hrrrt21_pk,10.0,0.98,25.927995681762695,19.740148544311523,0.15802288055419922,0.08582974970340729,0.21388221928608037
20180823_hrrrt21_npk,1.0,0.98,61.850616455078125,52.553993225097656,0.4365341365337372,0.25023409724235535,0.2732983491909421
20180823_hrrrt21_idw,1.0,0.98,57.80556869506836,43.45709991455078,0.6835888028144836,0.6106481552124023,0.35992696427747617
20180823_hrrrt21_ordinary_kriging,1.0,0.98,68.5135498046875,50.9260368347168,0.8279913067817688,0.4084700345993042,0.3825754830764078
20180823_hrrrt21_pk,1.0,0.98,57.34147644042969,45.88450622558594,0.3534301221370697,0.2768958806991577,0.07750551790860093
20180823_hrrrt21_npk,20.0,0.98,17.082685470581055,12.458956718444824,0.09972677379846573,0.0630975216627121,0.11410039700620518
20180823_hrrrt21_idw,20.0,0.98,18.53007698059082,15.203234672546387,0.16828463971614838,0.20926424860954285,0.1926141355137347
20180823_hrrrt21_ordinary_kriging,20.0,0.98,24.979589462280273,19.462923049926758,0.22682908177375793,0.12612955272197723,0.22245314108036654
20180823_hrrrt21_pk,20.0,0.98,15.341691017150879,10.85544490814209,0.0903865173459053,0.05321081355214119,0.10795595213110866
20180823_hrrrt21_npk,30.0,0.98,13.272923469543457,9.474546432495117,0.08350188285112381,0.055471211671829224,0.09832228029266397
20180823_hrrrt21_idw,30.0,0.98,21.220335006713867,17.705020904541016,0.208054319024086,0.17356985807418823,0.21333763587304733
20180823_hrrrt21_ordinary_kriging,30.0,0.98,21.726587295532227,16.618549346923828,0.1976623386144638,0.10840170830488205,0.19555040478637842
20180823_hrrrt21_pk,30.0,0.98,11.515264511108398,8.632158279418945,0.07659478485584259,0.039939675480127335,0.09453908904908358
20180823_hrrrt21_npk,5.0,0.98,37.81867218017578,30.966341018676758,0.2453538179397583,0.12530860304832458,0.1627260968607016
20180823_hrrrt21_idw,5.0,0.98,45.74216842651367,32.96762466430664,0.5442981719970703,0.4936830401420593,0.34508554536286673
20180823_hrrrt21_ordinary_kriging,5.0,0.98,61.14128494262695,47.49049377441406,0.7479529976844788,0.3904953896999359,0.3836206214274076
20180823_hrrrt21_pk,5.0,0.98,24.45944595336914,18.53070068359375,0.14233838021755219,0.07848288118839264,0.15733604241253127
20180827_hrrrt19_npk,10.0,0.98,62.41973876953125,52.79821014404297,0.29388317465782166,0.21948310732841492,0.27458071797831396
20180827_hrrrt19_idw,10.0,0.98,20.80890655517578,16.099809646606445,0.14017251133918762,0.41504737734794617,0.10166231948090429
20180827_hrrrt19_ordinary_kriging,10.0,0.98,26.015382766723633,20.661785125732422,0.1733088493347168,0.3666391670703888,0.11898655148607473
20180827_hrrrt19_pk,10.0,0.98,63.379337310791016,50.991146087646484,0.2820724546909332,0.20007756352424622,0.28703525801885343
20180827_hrrrt19_npk,1.0,0.98,103.42594909667969,95.54856872558594,0.5149956941604614,0.37421172857284546,0.31549071741653434
20180827_hrrrt19_idw,1.0,0.98,27.254751205444336,21.150888442993164,0.18055441975593567,0.6020601391792297,0.12392198708662065
20180827_hrrrt19_ordinary_kriging,1.0,0.98,27.889575958251953,21.80078887939453,0.18597851693630219,0.6250742077827454,0.12434115420516227
20180827_hrrrt19_pk,1.0,0.98,90.67790985107422,79.7308578491211,0.429935097694397,0.42794448137283325,0.3513728627920997
20180827_hrrrt19_npk,20.0,0.98,17.535560607910156,13.262129783630371,0.07499006390571594,0.052119288593530655,0.05901505243213502
20180827_hrrrt19_idw,20.0,0.98,20.043643951416016,14.916386604309082,0.14233838021755219,0.27501851320266724,0.09437898717570722
20180827_hrrrt19_ordinary_kriging,20.0,0.98,25.795568466186523,20.33475685119629,0.1777118444442749,0.25387001037597656,0.1126067074407871
20180827_hrrrt19_pk,20.0,0.98,20.747135162353516,15.014134407043457,0.08482862263917923,0.05023197829723358,0.07008886450383404
20180827_hrrrt19_npk,30.0,0.98,13.786236763000488,9.80090618133545,0.05631529539823532,0.03723312169313431,0.021462235378665564
20180827_hrrrt19_idw,30.0,0.98,20.262958526611328,15.399232864379883,0.1484541893005371,0.2401038110256195,0.09065318190569102
20180827_hrrrt19_ordinary_kriging,30.0,0.98,27.33251190185547,21.90655517578125,0.18526148796081543,0.23695383965969086,0.10860421659916086
20180827_hrrrt19_pk,30.0,0.98,16.142274856567383,11.092144012451172,0.06581318378448486,0.03976764529943466,0.0049530729274655525
20180827_hrrrt19_npk,5.0,0.98,57.19429397583008,49.75205612182617,0.2755725085735321,0.21107366681098938,0.2320479641009304
20180827_hrrrt19_idw,5.0,0.98,23.666393280029297,18.30678367614746,0.1561584174633026,0.458036869764328,0.11398113218155885
20180827_hrrrt19_ordinary_kriging,5.0,0.98,26.904312133789062,21.201696395874023,0.1796846091747284,0.3779701292514801,0.12271121099944793
20180827_hrrrt19_pk,5.0,0.98,66.79922485351562,55.39464569091797,0.3158005475997925,0.21765734255313873,0.3390896292509481
20180827_hrrrt20_npk,10.0,0.98,52.14509201049805,42.609981536865234,0.2431923747062683,0.18698760867118835,0.2217164972684692
20180827_hrrrt20_idw,10.0,0.98,21.530363082885742,16.447790145874023,0.14828172326087952,0.4096987247467041,0.11071254243909952
20180827_hrrrt20_ordinary_kriging,10.0,0.98,26.671066284179688,20.91727638244629,0.1820608526468277,0.3727220594882965,0.12739910994580214
20180827_hrrrt20_pk,10.0,0.98,53.771240234375,43.78783416748047,0.2548552453517914,0.16547226905822754,0.24895918776383752
20180827_hrrrt20_npk,1.0,0.98,98.58317565917969,89.52909088134766,0.4961755573749542,0.3409160077571869,0.3049577487763885
20180827_hrrrt20_idw,1.0,0.98,27.17763328552246,21.208580017089844,0.1838853806257248,0.6048531532287598,0.13253558274667013
20180827_hrrrt20_ordinary_kriging,1.0,0.98,27.592113494873047,21.634368896484375,0.1879257708787918,0.6327422857284546,0.1326538253838062
20180827_hrrrt20_pk,1.0,0.98,73.14360809326172,62.345703125,0.3476456105709076,0.33437836170196533,0.23608008581178125
20180827_hrrrt20_npk,20.0,0.98,22.884885787963867,17.43851089477539,0.10289378464221954,0.06694522500038147,0.07824010718158762
20180827_hrrrt20_idw,20.0,0.98,21.070531845092773,15.686603546142578,0.15154902637004852,0.2848380208015442,0.1040177972854236
20180827_hrrrt20_ordinary_kriging,20.0,0.98,26.602758407592773,20.719255447387695,0.18562081456184387,0.26584821939468384,0.1214996143010475
20180827_hrrrt20_pk,20.0,0.98,18.977508544921875,13.770639419555664,0.08138653635978699,0.04990842565894127,0.06845420228351151
20180827_hrrrt20_npk,30.0,0.98,12.387091636657715,8.905858039855957,0.05336299538612366,0.03864484652876854,0.020383303721252004
20180827_hrrrt20_idw,30.0,0.98,20.530813217163086,15.538005828857422,0.14990319311618805,0.24144935607910156,0.09585191324780822
20180827_hrrrt20_ordinary_kriging,30.0,0.98,28.17588996887207,22.245468139648438,0.18822425603866577,0.23274417221546173,0.11585195099103623
20180827_hrrrt20_pk,30.0,0.98,14.242111206054688,10.118942260742188,0.058733705431222916,0.04791617393493652,0.02897586987123694
20180827_hrrrt20_npk,5.0,0.98,65.775634765625,56.70940399169922,0.33084166049957275,0.23099499940872192,0.3199197852113158
20180827_hrrrt20_idw,5.0,0.98,24.20421028137207,18.55961036682129,0.1636827439069748,0.45870351791381836,0.12030218278587786
20180827_hrrrt20_ordinary_kriging,5.0,0.98,27.721466064453125,21.748971939086914,0.18939617276191711,0.38757628202438354,0.1309213250402251
20180827_hrrrt20_pk,5.0,0.98,57.137027740478516,47.29456329345703,0.28146255016326904,0.1701626479625702,0.3069958948670451
20180827_hrrrt22_npk,10.0,0.98,40.36561965942383,33.551395416259766,0.21131768822669983,0.1724834442138672,0.19593457930472508
20180827_hrrrt22_idw,10.0,0.98,25.520648956298828,19.371305465698242,0.19127237796783447,0.42043742537498474,0.14344922999885756
20180827_hrrrt22_ordinary_kriging,10.0,0.98,32.529293060302734,25.66069984436035,0.24409930408000946,0.39011693000793457,0.1657250244454235
20180827_hrrrt22_pk,10.0,0.98,39.982566833496094,33.541690826416016,0.20934361219406128,0.13275471329689026,0.18665980474708818
20180827_hrrrt22_npk,1.0,0.98,94.75186920166016,84.57322692871094,0.5064375400543213,0.4064376950263977,0.3693427858895578
20180827_hrrrt22_idw,1.0,0.98,35.268001556396484,26.493589401245117,0.2531434893608093,0.5951266884803772,0.16332024947562307
20180827_hrrrt22_ordinary_kriging,1.0,0.98,36.879329681396484,28.723865509033203,0.2717367112636566,0.6583640575408936,0.17162971260139773
20180827_hrrrt22_pk,1.0,0.98,70.01276397705078,60.961849212646484,0.37578171491622925,0.34054437279701233,0.3103819213312906
20180827_hrrrt22_npk,20.0,0.98,17.60763931274414,12.796154975891113,0.08068407326936722,0.049198735505342484,0.017634205014840296
20180827_hrrrt22_idw,20.0,0.98,22.351165771484375,17.027158737182617,0.17499984800815582,0.2974209487438202,0.1250054844068873
20180827_hrrrt22_ordinary_kriging,20.0,0.98,31.068344116210938,24.77631950378418,0.23253656923770905,0.2961658835411072,0.15547598728512513
20180827_hrrrt22_pk,20.0,0.98,17.604928970336914,12.81175708770752,0.08537077158689499,0.050004567950963974,0.06208924741093072
20180827_hrrrt22_npk,30.0,0.98,15.26777458190918,11.094491004943848,0.07370582222938538,0.03995588421821594,0.026301774074067828
20180827_hrrrt22_idw,30.0,0.98,22.14700698852539,17.31415557861328,0.16721804440021515,0.25724396109580994,0.11506678367831698
20180827_hrrrt22_ordinary_kriging,30.0,0.98,32.93894958496094,26.588912963867188,0.22718821465969086,0.24857622385025024,0.14841422705982857
20180827_hrrrt22_pk,30.0,0.98,16.933109283447266,11.888031959533691,0.07659253478050232,0.049274057149887085,0.024520139760888272
20180827_hrrrt22_npk,5.0,0.98,51.87039566040039,45.207862854003906,0.2912071943283081,0.19594919681549072,0.2973733025866268
20180827_hrrrt22_idw,5.0,0.98,30.159709930419922,22.692445755004883,0.2183728963136673,0.4645653963088989,0.15730173307676473
20180827_hrrrt22_ordinary_kriging,5.0,0.98,34.48345947265625,27.005653381347656,0.2540786564350128,0.43825653195381165,0.1697823960748812
20180827_hrrrt22_pk,5.0,0.98,45.58894348144531,38.0013542175293,0.24905434250831604,0.16799083352088928,0.2815660533785881
20180828_hrrrt22_npk,10.0,0.98,60.809818267822266,51.99240493774414,0.2933328151702881,0.2386205792427063,0.2293917588085311
20180828_hrrrt22_idw,10.0,0.98,23.701122283935547,17.887441635131836,0.17321015894412994,0.43076711893081665,0.12367218828466747
20180828_hrrrt22_ordinary_kriging,10.0,0.98,29.378915786743164,22.49688148498535,0.21383953094482422,0.4000328481197357,0.1390390187632898
20180828_hrrrt22_pk,10.0,0.98,57.67626190185547,48.483154296875,0.27063092589378357,0.21301603317260742,0.22112885665245344
20180828_hrrrt22_npk,1.0,0.98,103.59272766113281,96.28821563720703,0.531243085861206,0.3872290849685669,0.3482111520461214
20180828_hrrrt22_idw,1.0,0.98,27.37984275817871,20.428007125854492,0.21116343140602112,0.6386264562606812,0.12701254226470118
20180828_hrrrt22_ordinary_kriging,1.0,0.98,31.972070693969727,23.56878662109375,0.2395552098751068,0.5770342350006104,0.14404353576797976
20180828_hrrrt22_pk,1.0,0.98,92.49173736572266,83.15520477294922,0.46070051193237305,0.4192551374435425,0.3599071796220425
20180828_hrrrt22_npk,20.0,0.98,28.308504104614258,22.22459602355957,0.13017410039901733,0.11456131935119629,0.0536868359908478
20180828_hrrrt22_idw,20.0,0.98,25.48872947692871,19.00152587890625,0.192231684923172,0.30184033513069153,0.12768235691257696
20180828_hrrrt22_ordinary_kriging,20.0,0.98,30.388824462890625,23.804698944091797,0.22907274961471558,0.3333530128002167,0.1381006632953139
20180828_hrrrt22_pk,20.0,0.98,26.20214080810547,20.899131774902344,0.12567955255508423,0.09575178474187851,0.06528046073227713
20180828_hrrrt22_npk,30.0,0.98,20.77182388305664,15.62552261352539,0.09344133734703064,0.08289989829063416,0.007855516600691335
20180828_hrrrt22_idw,30.0,0.98,22.18942642211914,17.56241226196289,0.18175631761550903,0.2906332015991211,0.10184397643075767
20180828_hrrrt22_ordinary_kriging,30.0,0.98,29.940078735351562,24.150976181030273,0.22692851722240448,0.3267673850059509,0.12239028624601905
20180828_hrrrt22_pk,30.0,0.98,20.746742248535156,15.247429847717285,0.09110144525766373,0.08276596665382385,0.01499962181966504
20180828_hrrrt22_npk,5.0,0.98,80.46481323242188,68.56706237792969,0.3868711590766907,0.3301975131034851,0.39346250240454356
20180828_hrrrt22_idw,5.0,0.98,23.753395080566406,17.701696395874023,0.17056770622730255,0.49098873138427734,0.12322516118880146
20180828_hrrrt22_ordinary_kriging,5.0,0.98,29.455018997192383,22.39311408996582,0.21214225888252258,0.4176310896873474,0.14163107640182424
20180828_hrrrt22_pk,5.0,0.98,66.46454620361328,55.85582733154297,0.3193906843662262,0.24782468378543854,0.2969126016218507
20180830_hrrrt22_npk,10.0,0.98,74.86385345458984,62.9791145324707,0.3906870484352112,0.21046778559684753,0.45260739812993506
20180830_hrrrt22_idw,10.0,0.98,18.311857223510742,15.012205123901367,0.14012043178081512,0.3553183078765869,0.08476601596842007
20180830_hrrrt22_ordinary_kriging,10.0,0.98,25.47156524658203,19.62950897216797,0.20656554400920868,0.11720576882362366,0.1803790138275995
20180830_hrrrt22_pk,10.0,0.98,46.784366607666016,39.11507797241211,0.25054535269737244,0.11423355340957642,0.2900396917642059
20180830_hrrrt22_npk,1.0,0.98,99.52833557128906,86.80276489257812,0.5843328237533569,0.3688673973083496,0.17186483417958726
20180830_hrrrt22_idw,1.0,0.98,53.58615493774414,33.84245681762695,0.7078260183334351,0.5872315764427185,0.27086631630713714
20180830_hrrrt22_ordinary_kriging,1.0,0.98,58.914459228515625,38.88831329345703,0.773707926273346,0.5290270447731018,0.2787143749687228
20180830_hrrrt22_pk,1.0,0.98,81.38410186767578,69.33714294433594,0.5834366679191589,0.34307971596717834,0.1640708793768852
20180830_hrrrt22_npk,20.0,0.98,21.016603469848633,16.238937377929688,0.11955118179321289,0.047703396528959274,0.11926595469828935
20180830_hrrrt22_idw,20.0,0.98,18.648426055908203,14.790966987609863,0.1852540522813797,0.16865113377571106,0.13907541748478572
20180830_hrrrt22_ordinary_kriging,20.0,0.98,23.58726692199707,17.943546295166016,0.25432848930358887,0.1065313071012497,0.14007392026893248
20180830_hrrrt22_pk,20.0,0.98,23.116300582885742,17.62383460998535,0.11973855644464493,0.04906246066093445,0.12658668201528692
20180830_hrrrt22_npk,30.0,0.98,15.445758819580078,11.037308692932129,0.08668997138738632,0.03453060984611511,0.10259488310360702
20180830_hrrrt22_idw,30.0,0.98,21.17180824279785,16.755229949951172,0.2385493516921997,0.12985262274742126,0.16046816865304814
20180830_hrrrt22_ordinary_kriging,30.0,0.98,18.29190444946289,13.330892562866211,0.2052888572216034,0.09296545386314392,0.12508957263267365
20180830_hrrrt22_pk,30.0,0.98,17.885208129882812,12.197871208190918,0.09147486835718155,0.04230727627873421,0.10938215472066162
20180830_hrrrt22_npk,5.0,0.98,66.81420135498047,56.214027404785156,0.4387569725513458,0.1884177029132843,0.32202255678219194
20180830_hrrrt22_idw,5.0,0.98,44.3834228515625,27.29779052734375,0.6160473227500916,0.4064610004425049,0.2561313368198779
20180830_hrrrt22_ordinary_kriging,5.0,0.98,55.579933166503906,38.240238189697266,0.7581610679626465,0.30712050199508667,0.27541104768603836
20180830_hrrrt22_pk,5.0,0.98,54.83493423461914,45.07059860229492,0.33616018295288086,0.15362510085105896,0.2843024694701474
20180831_hrrrt19_npk,10.0,0.98,54.21175765991211,45.320587158203125,0.23721368610858917,0.16465313732624054,0.2100996100854879
20180831_hrrrt19_idw,10.0,0.98,18.464122772216797,14.215893745422363,0.13974125683307648,0.35479986667633057,0.07783618774997918
20180831_hrrrt19_ordinary_kriging,10.0,0.98,23.85466957092285,18.605913162231445,0.1648213267326355,0.3133445084095001,0.10119645218429707
20180831_hrrrt19_pk,10.0,0.98,59.39402389526367,48.14277648925781,0.2532472312450409,0.17562052607536316,0.24689931418511507
20180831_hrrrt19_npk,1.0,0.98,96.784423828125,89.74309539794922,0.46865400671958923,0.3412930965423584,0.2261407910363199
20180831_hrrrt19_idw,1.0,0.98,23.97296714782715,18.305227279663086,0.1587436944246292,0.5837624073028564,0.10447757875229857
20180831_hrrrt19_ordinary_kriging,1.0,0.98,25.25885772705078,19.575937271118164,0.16606615483760834,0.4949614405632019,0.10666055958439177
20180831_hrrrt19_pk,1.0,0.98,92.18789672851562,82.99870300292969,0.43204984068870544,0.37567275762557983,0.3173918459462067
20180831_hrrrt19_npk,20.0,0.98,20.375165939331055,15.667988777160645,0.08165165036916733,0.04592833295464516,0.05597388989297616
20180831_hrrrt19_idw,20.0,0.98,18.547121047973633,13.660055160522461,0.1477186530828476,0.2120538055896759,0.08032737814303785
20180831_hrrrt19_ordinary_kriging,20.0,0.98,23.623987197875977,18.297222137451172,0.17235544323921204,0.19132986664772034,0.09789549033902037
20180831_hrrrt19_pk,20.0,0.98,19.555418014526367,15.112752914428711,0.0818711593747139,0.039616283029317856,0.05834092334929095
20180831_hrrrt19_npk,30.0,0.98,16.11957359313965,11.201883316040039,0.05742230266332626,0.03334689140319824,0.012452886724462386
20180831_hrrrt19_idw,30.0,0.98,18.525943756103516,13.90027904510498,0.08932235836982727,0.1837235540151596,0.07734660625642542
20180831_hrrrt19_ordinary_kriging,30.0,0.98,24.828237533569336,19.47977638244629,0.11842205375432968,0.19144880771636963,0.09408416211661248
20180831_hrrrt19_pk,30.0,0.98,14.586115837097168,10.580763816833496,0.05498268082737923,0.025815840810537338,0.020480228384971717
20180831_hrrrt19_npk,5.0,0.98,77.18107604980469,66.45117950439453,0.35156044363975525,0.22857463359832764,0.3312783978147313
20180831_hrrrt19_idw,5.0,0.98,19.373579025268555,14.69064712524414,0.14512652158737183,0.4018282890319824,0.08543976506854034
20180831_hrrrt19_ordinary_kriging,5.0,0.98,23.871110916137695,18.617677688598633,0.16654784977436066,0.32340940833091736,0.10463310641297126
20180831_hrrrt19_pk,5.0,0.98,60.41763687133789,49.20719528198242,0.2634517252445221,0.1599884331226349,0.2717545769909288
20190601_hrrrt17_npk,10.0,0.98,48.46548080444336,41.6465950012207,0.3056660592556,0.11252148449420929,0.14590243227910377
20190601_hrrrt17_idw,10.0,0.98,35.56690216064453,26.45429801940918,0.210569366812706,0.2636058032512665,0.17640569683737117
20190601_hrrrt17_ordinary_kriging,10.0,0.98,45.9912109375,37.34011459350586,0.3271278142929077,0.3392980098724365,0.22955061337012408
20190601_hrrrt17_pk,10.0,0.98,47.274078369140625,40.64677429199219,0.2936416268348694,0.12575745582580566,0.16420191994586383
20190601_hrrrt17_npk,1.0,0.98,76.75577545166016,70.7877197265625,0.6451168060302734,0.2909720242023468,0.1922782656014409
20190601_hrrrt17_idw,1.0,0.98,58.28813552856445,43.67924118041992,0.6736475229263306,0.591130256652832,0.28706208332507466
20190601_hrrrt17_ordinary_kriging,1.0,0.98,57.48518371582031,45.81706237792969,0.6531012058258057,0.40560823678970337,0.2213296795615605
20190601_hrrrt17_pk,1.0,0.98,76.05220031738281,67.29067993164062,0.709405243396759,0.25396835803985596,0.18258177915246646
20190601_hrrrt17_npk,20.0,0.98,23.315052032470703,17.292036056518555,0.15879318118095398,0.07227131724357605,0.06463777567990252
20190601_hrrrt17_idw,20.0,0.98,28.100156784057617,21.159292221069336,0.20716592669487,0.2016233503818512,0.19604454275962171
20190601_hrrrt17_ordinary_kriging,20.0,0.98,38.21136474609375,29.191638946533203,0.32798200845718384,0.2743108570575714,0.23181544879879662
20190601_hrrrt17_pk,20.0,0.98,25.27341651916504,18.893993377685547,0.18483170866966248,0.07035437226295471,0.06305085381228195
20190601_hrrrt17_npk,30.0,0.98,14.394847869873047,10.00174331665039,0.12327197939157486,0.03962508961558342,0.1235990102709385
20190601_hrrrt17_idw,30.0,0.98,20.95540428161621,16.299163818359375,0.22531025111675262,0.12751685082912445,0.18322026139146513
20190601_hrrrt17_ordinary_kriging,30.0,0.98,30.31745147705078,20.32845115661621,0.3221639394760132,0.23790998756885529,0.2073829395144306
20190601_hrrrt17_pk,30.0,0.98,14.369162559509277,9.510278701782227,0.1415718048810959,0.04551052674651146,0.1014258619230888
20190601_hrrrt17_npk,5.0,0.98,64.37787628173828,54.4046745300293,0.3593888282775879,0.1575687825679779,0.1494273173337901
20190601_hrrrt17_idw,5.0,0.98,33.43867492675781,26.007707595825195,0.20161420106887817,0.3086373805999756,0.18130070764526496
20190601_hrrrt17_ordinary_kriging,5.0,0.98,34.74355697631836,26.494604110717773,0.21832840144634247,0.2936770021915436,0.19122249521037948
20190601_hrrrt17_pk,5.0,0.98,45.35603713989258,38.52907943725586,0.27471452951431274,0.09600960463285446,0.13285047176596626
20190605_hrrrt18_npk,10.0,0.98,39.7745246887207,33.39110565185547,0.2270471453666687,0.1373167335987091,0.1377986196855624
20190605_hrrrt18_idw,10.0,0.98,16.92331886291504,12.246271133422852,0.11887869983911514,0.2892797589302063,0.10178499841694646
20190605_hrrrt18_ordinary_kriging,10.0,0.98,20.751588821411133,15.725251197814941,0.14452096819877625,0.28711244463920593,0.11110361593602014
20190605_hrrrt18_pk,10.0,0.98,38.98875045776367,32.340946197509766,0.21577033400535583,0.13883844017982483,0.148032028879529
20190605_hrrrt18_npk,1.0,0.98,75.6444320678711,69.3478775024414,0.49410492181777954,0.4737900197505951,0.30368711315706676
20190605_hrrrt18_idw,1.0,0.98,22.863393783569336,17.277612686157227,0.19378691911697388,0.5634304285049438,0.11933029740280182
20190605_hrrrt18_ordinary_kriging,1.0,0.98,24.472808837890625,19.411489486694336,0.20313507318496704,0.558830738067627,0.10555998009360817
20190605_hrrrt18_pk,1.0,0.98,60.23551940917969,52.37062072753906,0.38108259439468384,0.396547794342041,0.24314899754566183
20190605_hrrrt18_npk,20.0,0.98,20.708189010620117,15.363747596740723,0.1045963317155838,0.0705837681889534,0.06487879367725843
20190605_hrrrt18_idw,20.0,0.98,17.032621383666992,11.746414184570312,0.12113738805055618,0.1761772632598877,0.10331804838508071
20190605_hrrrt18_ordinary_kriging,20.0,0.98,21.345237731933594,15.763197898864746,0.1600250005722046,0.2560243606567383,0.11402197727624876
20190605_hrrrt18_pk,20.0,0.98,17.662494659423828,12.604883193969727,0.08277882635593414,0.06669099628925323,0.08060837384935574
20190605_hrrrt18_npk,30.0,0.98,15.781070709228516,10.489191055297852,0.07500330358743668,0.061205245554447174,0.0571855956829343
20190605_hrrrt18_idw,30.0,0.98,16.331607818603516,10.919456481933594,0.11611323803663254,0.15821050107479095,0.08964505819086224
20190605_hrrrt18_ordinary_kriging,30.0,0.98,21.423112869262695,15.667364120483398,0.1618018001317978,0.2206992208957672,0.10647392844617712
20190605_hrrrt18_pk,30.0,0.98,16.070295333862305,10.603891372680664,0.0681205615401268,0.055205583572387695,0.05596767787815889
20190605_hrrrt18_npk,5.0,0.98,43.58015441894531,37.186279296875,0.26619935035705566,0.1336485743522644,0.12421248281058245
20190605_hrrrt18_idw,5.0,0.98,17.471435546875,12.606629371643066,0.16509921848773956,0.3065534830093384,0.11324144955570861
20190605_hrrrt18_ordinary_kriging,5.0,0.98,20.758787155151367,15.274665832519531,0.18754175305366516,0.38356736302375793,0.12056786624573466
20190605_hrrrt18_pk,5.0,0.98,50.003089904785156,42.33675765991211,0.30102336406707764,0.15364354848861694,0.20191035760216242
20190608_hrrrt21_npk,10.0,0.98,35.63932418823242,29.571739196777344,0.1554592102766037,0.10311528295278549,0.1473471803776326
20190608_hrrrt21_idw,10.0,0.98,18.442825317382812,13.9761323928833,0.17552794516086578,0.30090469121932983,0.09116369517054808
20190608_hrrrt21_ordinary_kriging,10.0,0.98,23.28302001953125,18.12937355041504,0.19831904768943787,0.3078555464744568,0.10126716564023387
20190608_hrrrt21_pk,10.0,0.98,41.06672668457031,31.619932174682617,0.17440469563007355,0.10532724112272263,0.1958342839459061
20190608_hrrrt21_npk,1.0,0.98,105.29161834716797,97.92825317382812,0.5128850340843201,0.5091236233711243,0.3282409237902917
20190608_hrrrt21_idw,1.0,0.98,30.07352066040039,24.365385055541992,0.24198845028877258,0.601207971572876,0.10681924740552877
20190608_hrrrt21_ordinary_kriging,1.0,0.98,33.9892692565918,27.34590721130371,0.2587844431400299,0.5254252552986145,0.10166526137642082
20190608_hrrrt21_pk,1.0,0.98,89.14579772949219,78.25227355957031,0.4165220856666565,0.49738094210624695,0.33514412466125754
20190608_hrrrt21_npk,20.0,0.98,16.635303497314453,13.272810935974121,0.0717281624674797,0.03899962455034256,0.04054830170535992
20190608_hrrrt21_idw,20.0,0.98,16.498443603515625,11.263655662536621,0.16704370081424713,0.23121976852416992,0.08169698431999828
20190608_hrrrt21_ordinary_kriging,20.0,0.98,23.216676712036133,17.605432510375977,0.20129317045211792,0.20989206433296204,0.09802203098280418
20190608_hrrrt21_pk,20.0,0.98,18.477567672729492,14.082235336303711,0.07848260551691055,0.038041725754737854,0.06656779028624757
20190608_hrrrt21_npk,30.0,0.98,10.354154586791992,7.781729221343994,0.04246599227190018,0.021424368023872375,0.04171640199081128
20190608_hrrrt21_idw,30.0,0.98,17.004030227661133,11.291143417358398,0.17859318852424622,0.19744861125946045,0.0798437197357534
20190608_hrrrt21_ordinary_kriging,30.0,0.98,24.745018005371094,18.859134674072266,0.21486426889896393,0.21567772328853607,0.09566825920374299
20190608_hrrrt21_pk,30.0,0.98,11.92719841003418,9.004772186279297,0.047615863382816315,0.030460502952337265,0.03431297403696176
20190608_hrrrt21_npk,5.0,0.98,62.83760070800781,53.50257110595703,0.2904202938079834,0.16549396514892578,0.2963816357971276
20190608_hrrrt21_idw,5.0,0.98,27.854738235473633,22.526206970214844,0.22888688743114471,0.33746421337127686,0.10326311170883375
20190608_hrrrt21_ordinary_kriging,5.0,0.98,30.30129623413086,24.862794876098633,0.24371542036533356,0.35516008734703064,0.10654479269599415
20190608_hrrrt21_pk,5.0,0.98,51.952186584472656,41.7595329284668,0.23350656032562256,0.1454380601644516,0.2650970573942427
20190613_hrrrt23_npk,10.0,0.98,38.8199577331543,31.773529052734375,0.22772619128227234,0.19345615804195404,0.24053135397449654
20190613_hrrrt23_idw,10.0,0.98,18.00665855407715,13.62408447265625,0.15728890895843506,0.48764103651046753,0.10792699017056845
20190613_hrrrt23_ordinary_kriging,10.0,0.98,37.51789855957031,29.646324157714844,0.33162808418273926,0.477529913187027,0.21400616657311822
20190613_hrrrt23_pk,10.0,0.98,47.79983901977539,37.716163635253906,0.2692320644855499,0.18633092939853668,0.31737595438946725
20190613_hrrrt23_npk,1.0,0.98,82.36875915527344,70.72855377197266,0.4468705356121063,0.2878414988517761,0.2390439729155509
20190613_hrrrt23_idw,1.0,0.98,35.211753845214844,27.74778175354004,0.30300524830818176,0.578360915184021,0.19699182708271482
20190613_hrrrt23_ordinary_kriging,1.0,0.98,42.10780334472656,33.3138542175293,0.36785921454429626,0.571003794670105,0.23027224050439907
20190613_hrrrt23_pk,1.0,0.98,62.843849182128906,50.06306838989258,0.33650821447372437,0.27418360114097595,0.2110068869512673
20190613_hrrrt23_npk,20.0,0.98,18.18508529663086,13.44125747680664,0.10013804584741592,0.054082240909338,0.06654962913670553
20190613_hrrrt23_idw,20.0,0.98,19.010581970214844,14.472688674926758,0.17418672144412994,0.30294132232666016,0.13976776783401024
20190613_hrrrt23_ordinary_kriging,20.0,0.98,33.1421012878418,26.066829681396484,0.2878272235393524,0.21941909193992615,0.1949544053824197
20190613_hrrrt23_pk,20.0,0.98,19.798900604248047,14.125602722167969,0.10294990986585617,0.05413970351219177,0.08106158934487183
20190613_hrrrt23_npk,30.0,0.98,13.825206756591797,9.952231407165527,0.07364314794540405,0.04652416706085205,0.0412058000006176
20190613_hrrrt23_idw,30.0,0.98,20.529081344604492,15.816247940063477,0.19559141993522644,0.2280152142047882,0.14847803102931184
20190613_hrrrt23_ordinary_kriging,30.0,0.98,27.636821746826172,21.040098190307617,0.24571460485458374,0.12095358222723007,0.1704815143607167
20190613_hrrrt23_pk,30.0,0.98,14.929299354553223,10.677680015563965,0.08266957849264145,0.048159316182136536,0.01696054332177705
20190613_hrrrt23_npk,5.0,0.98,37.89095687866211,31.963001251220703,0.22719520330429077,0.16687797009944916,0.2339591597341083
20190613_hrrrt23_idw,5.0,0.98,30.41370391845703,22.948612213134766,0.2703924775123596,0.5212513208389282,0.19394815523593548
20190613_hrrrt23_ordinary_kriging,5.0,0.98,42.475685119628906,33.366905212402344,0.37402018904685974,0.5006622076034546,0.2270562946333134
20190613_hrrrt23_pk,5.0,0.98,51.2946891784668,40.67487335205078,0.2914152145385742,0.18979021906852722,0.3436687170455255
20190616_hrrrt17_npk,10.0,0.98,33.64638900756836,26.026308059692383,0.3526787757873535,0.17157714068889618,0.11099346802620878
20190616_hrrrt17_idw,10.0,0.98,22.714977264404297,16.74803352355957,0.2680054306983948,0.3019096255302429,0.21886841987017092
20190616_hrrrt17_ordinary_kriging,10.0,0.98,21.34829330444336,15.410089492797852,0.24778123199939728,0.19894441962242126,0.20613813862054792
20190616_hrrrt17_pk,10.0,0.98,27.03534698486328,20.155054092407227,0.2925293445587158,0.15996143221855164,0.1547721616819247
20190616_hrrrt17_npk,1.0,0.98,34.6257438659668,27.7255916595459,0.3630784749984741,0.2717210054397583,0.17310055563374413
20190616_hrrrt17_idw,1.0,0.98,38.13185501098633,33.23816680908203,0.5043533444404602,0.5311955809593201,0.2557502326055231
20190616_hrrrt17_ordinary_kriging,1.0,0.98,35.09172058105469,29.17850112915039,0.44486764073371887,0.43465229868888855,0.22389268151522995
20190616_hrrrt17_pk,1.0,0.98,24.777090072631836,19.877239227294922,0.2654995322227478,0.21641883254051208,0.04665089999252984
20190616_hrrrt17_npk,20.0,0.98,19.980484008789062,13.923405647277832,0.19084617495536804,0.08590366691350937,0.13557256767706224
20190616_hrrrt17_idw,20.0,0.98,19.398704528808594,13.596887588500977,0.19136926531791687,0.19338354468345642,0.20654985084628177
20190616_hrrrt17_ordinary_kriging,20.0,0.98,17.7945499420166,11.628623962402344,0.17973394691944122,0.1733904629945755,0.19216317934473415
20190616_hrrrt17_pk,20.0,0.98,20.94883918762207,13.553484916687012,0.20873990654945374,0.08713123202323914,0.11702373448479687
20190616_hrrrt17_npk,30.0,0.98,10.762346267700195,7.8134589195251465,0.08654804527759552,0.04577110707759857,0.03289818395935223
20190616_hrrrt17_idw,30.0,0.98,15.902158737182617,10.898186683654785,0.11813033372163773,0.1457352489233017,0.14319600799597612
20190616_hrrrt17_ordinary_kriging,30.0,0.98,15.56806755065918,10.462343215942383,0.11757680028676987,0.17768436670303345,0.15786867128184465
20190616_hrrrt17_pk,30.0,0.98,9.674853324890137,7.243024826049805,0.08003919571638107,0.05300568789243698,0.04841206313071267
20190616_hrrrt17_npk,5.0,0.98,35.77442932128906,28.93679428100586,0.37064316868782043,0.18597255647182465,0.23673397734566523
20190616_hrrrt17_idw,5.0,0.98,21.011932373046875,15.5012845993042,0.24624952673912048,0.30765652656555176,0.21038408345070744
20190616_hrrrt17_ordinary_kriging,5.0,0.98,23.497413635253906,17.664953231811523,0.27798765897750854,0.24392592906951904,0.2293693766925028
20190616_hrrrt17_pk,5.0,0.98,29.962013244628906,23.21747398376465,0.3128437399864197,0.13956889510154724,0.13579846669721574
20190623_hrrrt20_npk,10.0,0.98,40.227970123291016,31.69812774658203,0.20636925101280212,0.12038934230804443,0.1687396656533499
20190623_hrrrt20_idw,10.0,0.98,24.652029037475586,16.635475158691406,0.21617598831653595,0.26497092843055725,0.1669811302547797
20190623_hrrrt20_ordinary_kriging,10.0,0.98,22.40524673461914,15.12774658203125,0.19713808596134186,0.18420203030109406,0.14070827087032928
20190623_hrrrt20_pk,10.0,0.98,49.123653411865234,37.96145248413086,0.2562461495399475,0.15274199843406677,0.2780067191619846
20190623_hrrrt20_npk,1.0,0.98,84.16546630859375,74.49605560302734,0.46202388405799866,0.3923919200897217,0.286498018738551
20190623_hrrrt20_idw,1.0,0.98,26.3625431060791,17.876232147216797,0.21368110179901123,0.5503145456314087,0.158153935836813
20190623_hrrrt20_ordinary_kriging,1.0,0.98,36.48115921020508,30.081113815307617,0.3195837438106537,0.5068500638008118,0.22702598864444554
20190623_hrrrt20_pk,1.0,0.98,75.70791625976562,64.81365203857422,0.4092056453227997,0.30172327160835266,0.35812083235477016
20190623_hrrrt20_npk,20.0,0.98,25.018980026245117,16.286848068237305,0.13832983374595642,0.08084852993488312,0.05990676497093533
20190623_hrrrt20_idw,20.0,0.98,24.3469295501709,15.867256164550781,0.2348906546831131,0.15019598603248596,0.16937960347297032
20190623_hrrrt20_ordinary_kriging,20.0,0.98,22.936885833740234,13.360390663146973,0.20441105961799622,0.16923877596855164,0.13957928619417345
20190623_hrrrt20_pk,20.0,0.98,21.907970428466797,15.71570873260498,0.12935800850391388,0.06663677841424942,0.05064092041961281
20190623_hrrrt20_npk,30.0,0.98,14.256528854370117,9.904114723205566,0.07193449884653091,0.03681707754731178,0.06313736996437841
20190623_hrrrt20_idw,30.0,0.98,19.09471321105957,14.02231502532959,0.21671029925346375,0.11926225572824478,0.15181204609911855
20190623_hrrrt20_ordinary_kriging,30.0,0.98,17.252492904663086,12.619246482849121,0.20292264223098755,0.16552695631980896,0.13486981055542033
20190623_hrrrt20_pk,30.0,0.98,15.082823753356934,10.423274993896484,0.08422531932592392,0.03628760948777199,0.07989900159038635
20190623_hrrrt20_npk,5.0,0.98,45.90773010253906,36.90339279174805,0.24627350270748138,0.1305529624223709,0.279703101558582
20190623_hrrrt20_idw,5.0,0.98,26.02999496459961,17.167009353637695,0.2130253165960312,0.30463993549346924,0.15949834666508836
20190623_hrrrt20_ordinary_kriging,5.0,0.98,26.63201904296875,18.310123443603516,0.22496764361858368,0.1841515451669693,0.17395065904816076
20190623_hrrrt20_pk,5.0,0.98,53.717891693115234,41.117393493652344,0.27816450595855713,0.15227530896663666,0.33992030816565477
20190624_hrrrt20_npk,10.0,0.98,33.9587287902832,27.54298973083496,0.21438248455524445,0.12544137239456177,0.16296583850616247
20190624_hrrrt20_idw,10.0,0.98,16.836978912353516,13.306482315063477,0.217686265707016,0.27346500754356384,0.12896539811094185
20190624_hrrrt20_ordinary_kriging,10.0,0.98,20.37670135498047,16.431516647338867,0.2432265728712082,0.227289617061615,0.13524469706112252
20190624_hrrrt20_pk,10.0,0.98,24.63753318786621,19.958309173583984,0.158820241689682,0.09006007015705109,0.1005074314142653
20190624_hrrrt20_npk,1.0,0.98,70.61002349853516,60.74211120605469,0.4509601891040802,0.4391803443431854,0.30693269173822
20190624_hrrrt20_idw,1.0,0.98,22.57730484008789,18.257396697998047,0.2609294056892395,0.5054651498794556,0.14860744118718847
20190624_hrrrt20_ordinary_kriging,1.0,0.98,22.52107810974121,18.142257690429688,0.2591671347618103,0.5335143804550171,0.1482090899092802
20190624_hrrrt20_pk,1.0,0.98,56.30128860473633,48.22735595703125,0.3805486261844635,0.3798765540122986,0.30210252820885364
20190624_hrrrt20_npk,20.0,0.98,14.344406127929688,10.107415199279785,0.08486400544643402,0.051788080483675,0.08314836040359533
20190624_hrrrt20_idw,20.0,0.98,15.726880073547363,11.977417945861816,0.21911540627479553,0.13850322365760803,0.1178564778027262
20190624_hrrrt20_ordinary_kriging,20.0,0.98,22.07365608215332,18.12267303466797,0.2719065248966217,0.20524166524410248,0.1373050027624225
20190624_hrrrt20_pk,20.0,0.98,15.605582237243652,10.18246078491211,0.08708367496728897,0.041277460753917694,0.07041902288888673
20190624_hrrrt20_npk,30.0,0.98,9.04278564453125,6.813807487487793,0.06621149927377701,0.03154947981238365,0.050739514261932635
20190624_hrrrt20_idw,30.0,0.98,15.182283401489258,11.853904724121094,0.24112743139266968,0.1287052035331726,0.11268833004329702
20190624_hrrrt20_ordinary_kriging,30.0,0.98,22.052595138549805,18.178871154785156,0.2960697412490845,0.20992082357406616,0.13200679895110604
20190624_hrrrt20_pk,30.0,0.98,10.900699615478516,8.011747360229492,0.06975559145212173,0.03294431418180466,0.050455246049008355
20190624_hrrrt20_npk,5.0,0.98,29.494203567504883,24.780061721801758,0.19720447063446045,0.11896239221096039,0.14071155636368293
20190624_hrrrt20_idw,5.0,0.98,22.628585815429688,17.983556747436523,0.26640012860298157,0.2920564115047455,0.14469989281966641
20190624_hrrrt20_ordinary_kriging,5.0,0.98,23.925743103027344,19.27055549621582,0.28114452958106995,0.3451693058013916,0.1477242835255423
20190624_hrrrt20_pk,5.0,0.98,44.43080139160156,35.73573303222656,0.28959542512893677,0.17965009808540344,0.31764208900007423
20190624_hrrrt22_npk,10.0,0.98,52.94304656982422,44.302955627441406,0.2849096357822418,0.17701685428619385,0.25836485506841794
20190624_hrrrt22_idw,10.0,0.98,22.47425079345703,17.161376953125,0.22956131398677826,0.35924190282821655,0.13669108892866405
20190624_hrrrt22_ordinary_kriging,10.0,0.98,27.022478103637695,21.613235473632812,0.25722089409828186,0.3818775415420532,0.14700653807323344
20190624_hrrrt22_pk,10.0,0.98,48.823001861572266,39.05682373046875,0.2605120539665222,0.16861894726753235,0.24905236591278243
20190624_hrrrt22_npk,1.0,0.98,70.43465423583984,60.02761459350586,0.36994829773902893,0.3330273926258087,0.20649277622944745
20190624_hrrrt22_idw,1.0,0.98,29.605392456054688,23.36735725402832,0.2748177647590637,0.5482575297355652,0.14959678447816396
20190624_hrrrt22_ordinary_kriging,1.0,0.98,30.08026695251465,23.61883544921875,0.2712724506855011,0.4898940324783325,0.14800837591566846
20190624_hrrrt22_pk,1.0,0.98,75.33875274658203,62.49026870727539,0.39668741822242737,0.38699615001678467,0.32064297787010915
20190624_hrrrt22_npk,20.0,0.98,25.22127342224121,17.366188049316406,0.12118353694677353,0.0929940715432167,0.06530971635746796
20190624_hrrrt22_idw,20.0,0.98,20.849008560180664,15.931644439697266,0.2322203814983368,0.2151206135749817,0.12613077959172062
20190624_hrrrt22_ordinary_kriging,20.0,0.98,27.24973487854004,22.0,0.27448391914367676,0.23150146007537842,0.14155368331823626
20190624_hrrrt22_pk,20.0,0.98,19.19063377380371,13.719563484191895,0.08828279376029968,0.08883120119571686,0.056985408039745736
20190624_hrrrt22_npk,30.0,0.98,14.01138973236084,9.557531356811523,0.06637091934680939,0.06939783692359924,0.07629127065812245
20190624_hrrrt22_idw,30.0,0.98,20.477468490600586,15.097977638244629,0.24215607345104218,0.17810747027397156,0.12109027761702551
20190624_hrrrt22_ordinary_kriging,30.0,0.98,27.76898956298828,22.466875076293945,0.2897322475910187,0.24011845886707306,0.1370989360245477
20190624_hrrrt22_pk,30.0,0.98,13.732069969177246,9.297356605529785,0.06369645148515701,0.06661952286958694,0.07503576597432465
20190624_hrrrt22_npk,5.0,0.98,50.96654510498047,42.990238189697266,0.278055340051651,0.17134690284729004,0.22310813365790513
20190624_hrrrt22_idw,5.0,0.98,29.673301696777344,23.30190086364746,0.28243178129196167,0.3816312551498413,0.1492198155799011
20190624_hrrrt22_ordinary_kriging,5.0,0.98,30.576866149902344,24.378982543945312,0.2888498902320862,0.43752604722976685,0.15126349812187273
20190624_hrrrt22_pk,5.0,0.98,48.62157440185547,38.71517562866211,0.25325867533683777,0.17416127026081085,0.2747101318940523
20190626_hrrrt17_npk,10.0,0.98,55.72819137573242,44.88093185424805,0.24233552813529968,0.15778131783008575,0.23009381190540837
20190626_hrrrt17_idw,10.0,0.98,18.979204177856445,14.541632652282715,0.15763774514198303,0.29266947507858276,0.11020000568552209
20190626_hrrrt17_ordinary_kriging,10.0,0.98,23.60203742980957,18.311906814575195,0.18157421052455902,0.22892507910728455,0.11452158822661875
20190626_hrrrt17_pk,10.0,0.98,41.17012023925781,32.46773147583008,0.17702865600585938,0.12297774851322174,0.1528895770912461
20190626_hrrrt17_npk,1.0,0.98,108.00265502929688,99.44847106933594,0.5367099046707153,0.4519256055355072,0.3988210652001917
20190626_hrrrt17_idw,1.0,0.98,20.3331298828125,15.278352737426758,0.15741488337516785,0.5035807490348816,0.10543252382590577
20190626_hrrrt17_ordinary_kriging,1.0,0.98,26.26233673095703,20.949951171875,0.19815807044506073,0.5347548723220825,0.12469283734496113
20190626_hrrrt17_pk,1.0,0.98,94.18031311035156,83.98780059814453,0.44327011704444885,0.4228461682796478,0.33088421676542706
20190626_hrrrt17_npk,20.0,0.98,14.797895431518555,11.145560264587402,0.06503841280937195,0.03890269249677658,0.030080093385196464
20190626_hrrrt17_idw,20.0,0.98,18.37933921813965,13.541958808898926,0.16557326912879944,0.14583927392959595,0.09629089078192934
20190626_hrrrt17_ordinary_kriging,20.0,0.98,24.220548629760742,19.1055850982666,0.204182967543602,0.15949009358882904,0.11333716687463821
20190626_hrrrt17_pk,20.0,0.98,13.703470230102539,10.644073486328125,0.0637623742222786,0.029342789202928543,0.019985526529037265
20190626_hrrrt17_npk,30.0,0.98,11.098267555236816,8.292886734008789,0.04743477702140808,0.02309456281363964,0.03427744913030739
20190626_hrrrt17_idw,30.0,0.98,17.44849967956543,12.39853572845459,0.1685977727174759,0.14253392815589905,0.09293990002947244
20190626_hrrrt17_ordinary_kriging,30.0,0.98,19.94461441040039,14.919456481933594,0.18282558023929596,0.1579476147890091,0.10009715666190055
20190626_hrrrt17_pk,30.0,0.98,11.162315368652344,8.468061447143555,0.05685516819357872,0.02898101508617401,0.013596529022341108
20190626_hrrrt17_npk,5.0,0.98,65.87918090820312,55.99742889404297,0.3047313988208771,0.16903676092624664,0.2656938870924599
20190626_hrrrt17_idw,5.0,0.98,20.509166717529297,15.99434757232666,0.16611792147159576,0.32671666145324707,0.11020022512051243
20190626_hrrrt17_ordinary_kriging,5.0,0.98,26.454580307006836,21.157758712768555,0.20193791389465332,0.31170833110809326,0.1231573700854964
20190626_hrrrt17_pk,5.0,0.98,55.67408752441406,44.37922668457031,0.24238817393779755,0.15763376653194427,0.2436692356306313
20190628_hrrrt20_npk,10.0,0.98,79.36288452148438,66.01573181152344,0.3271806240081787,0.23997992277145386,0.26620041438255765
20190628_hrrrt20_idw,10.0,0.98,22.71734046936035,17.54163360595703,0.1790715903043747,0.3138471841812134,0.08688236341901466
20190628_hrrrt20_ordinary_kriging,10.0,0.98,27.182273864746094,21.42120933532715,0.19233761727809906,0.232736736536026,0.08396922323895105
20190628_hrrrt20_pk,10.0,0.98,61.584083557128906,47.812965393066406,0.23233173787593842,0.1809205412864685,0.2024123929650939
20190628_hrrrt20_npk,1.0,0.98,114.99565124511719,107.03205108642578,0.5397689938545227,0.5072166323661804,0.2888593943520365
20190628_hrrrt20_idw,1.0,0.98,23.877756118774414,17.660503387451172,0.23832657933235168,0.5628776550292969,0.09986659564508148
20190628_hrrrt20_ordinary_kriging,1.0,0.98,23.988588333129883,17.55843162536621,0.2381901741027832,0.47619202733039856,0.09957835438237497
20190628_hrrrt20_pk,1.0,0.98,98.33956909179688,86.51777648925781,0.4557887613773346,0.45720207691192627,0.3203974656859068
20190628_hrrrt20_npk,20.0,0.98,13.041412353515625,9.739701271057129,0.05543786659836769,0.021174654364585876,0.015763908753926973
20190628_hrrrt20_idw,20.0,0.98,19.787349700927734,13.547146797180176,0.1804470717906952,0.18564192950725555,0.07170197928483944
20190628_hrrrt20_ordinary_kriging,20.0,0.98,21.492979049682617,15.592309951782227,0.19179923832416534,0.19032777845859528,0.0847828586016247
20190628_hrrrt20_pk,20.0,0.98,12.780247688293457,9.608416557312012,0.04975869879126549,0.015277555212378502,0.016040827657737795
20190628_hrrrt20_npk,30.0,0.98,8.348222732543945,5.784170150756836,0.03867839649319649,0.0132107799872756,0.03615410444845083
20190628_hrrrt20_idw,30.0,0.98,17.718402862548828,12.268131256103516,0.18385100364685059,0.16670259833335876,0.06990360487429713
20190628_hrrrt20_ordinary_kriging,30.0,0.98,19.74030303955078,13.879707336425781,0.18538545072078705,0.19330556690692902,0.07596570159552819
20190628_hrrrt20_pk,30.0,0.98,9.744026184082031,6.7206315994262695,0.03825119510293007,0.012149620801210403,0.036539503471277254
20190628_hrrrt20_npk,5.0,0.98,81.58341217041016,71.21145629882812,0.36235782504081726,0.2439088374376297,0.26073379917230927
20190628_hrrrt20_idw,5.0,0.98,20.5090274810791,15.3150053024292,0.22367757558822632,0.3365235924720764,0.0942781054530201
20190628_hrrrt20_ordinary_kriging,5.0,0.98,24.1213436126709,18.00462532043457,0.2402915507555008,0.35447821021080017,0.09952138118385531
20190628_hrrrt20_pk,5.0,0.98,72.7208251953125,57.91722869873047,0.28832942247390747,0.19333788752555847,0.2712922552118353
20190701_hrrrt22_npk,10.0,0.98,73.38334655761719,61.84920120239258,0.31206992268562317,0.25618821382522583,0.25955919999397775
20190701_hrrrt22_idw,10.0,0.98,17.62546157836914,12.789259910583496,0.1128852441906929,0.30074551701545715,0.07282015653978409
20190701_hrrrt22_ordinary_kriging,10.0,0.98,22.807640075683594,17.38134002685547,0.133554607629776,0.24910081923007965,0.07598221816055271
20190701_hrrrt22_pk,10.0,0.98,65.52410888671875,53.880638122558594,0.2684878706932068,0.21941278874874115,0.2405481515945695
20190701_hrrrt22_npk,1.0,0.98,121.35892486572266,113.8853530883789,0.5981146693229675,0.5305271148681641,0.36171846727363133
20190701_hrrrt22_idw,1.0,0.98,20.773012161254883,14.963264465332031,0.18466362357139587,0.5526688098907471,0.08626635158614765
20190701_hrrrt22_ordinary_kriging,1.0,0.98,22.261186599731445,16.562870025634766,0.19302265346050262,0.4877431392669678,0.08316901407967615
20190701_hrrrt22_pk,1.0,0.98,104.26155090332031,93.63560485839844,0.498931348323822,0.5356722474098206,0.4024093539266138
20190701_hrrrt22_npk,20.0,0.98,22.689340591430664,14.83430004119873,0.08048059791326523,0.04859982803463936,0.09209840103315002
20190701_hrrrt22_idw,20.0,0.98,15.961484909057617,10.806835174560547,0.11256629973649979,0.17304861545562744,0.06499421647723184
20190701_hrrrt22_ordinary_kriging,20.0,0.98,19.885358810424805,14.403417587280273,0.14368855953216553,0.18094265460968018,0.07784772265673032
20190701_hrrrt22_pk,20.0,0.98,15.37811279296875,11.191133499145508,0.05713047832250595,0.029001004993915558,0.048330282676137815
20190701_hrrrt22_npk,30.0,0.98,7.209192276000977,5.429218769073486,0.030922457575798035,0.008383922278881073,0.031919229449000656
20190701_hrrrt22_idw,30.0,0.98,15.544589042663574,10.425034523010254,0.1136983260512352,0.14987772703170776,0.06419532256775135
20190701_hrrrt22_ordinary_kriging,30.0,0.98,20.645231246948242,15.102161407470703,0.15158872306346893,0.18417669832706451,0.07628580319523613
20190701_hrrrt22_pk,30.0,0.98,8.41836929321289,6.033406734466553,0.030298784375190735,0.009606881998479366,0.031900143593119455
20190701_hrrrt22_npk,5.0,0.98,68.35906982421875,61.13180923461914,0.3226204812526703,0.233560711145401,0.2039406589664221
20190701_hrrrt22_idw,5.0,0.98,17.5415096282959,12.847379684448242,0.1705642193555832,0.3229098320007324,0.08001776267446238
20190701_hrrrt22_ordinary_kriging,5.0,0.98,20.787179946899414,15.15467643737793,0.18864235281944275,0.3425213694572449,0.08702419940102607
20190701_hrrrt22_pk,5.0,0.98,67.26485443115234,55.95996856689453,0.302862286567688,0.2098277360200882,0.2705955793445753
20190702_hrrrt17_npk,10.0,0.98,72.65303802490234,57.62164306640625,0.2853831350803375,0.17998217046260834,0.2638462788104382
20190702_hrrrt17_idw,10.0,0.98,20.387365341186523,15.653376579284668,0.16448380053043365,0.2566319406032562,0.09462623185094686
20190702_hrrrt17_ordinary_kriging,10.0,0.98,23.009868621826172,17.76105308532715,0.1730373352766037,0.2607186734676361,0.09655093323959017
20190702_hrrrt17_pk,10.0,0.98,58.4455680847168,43.18903350830078,0.20925848186016083,0.1491842269897461,0.19377457399084788
20190702_hrrrt17_npk,1.0,0.98,119.33485412597656,111.41395568847656,0.5506426692008972,0.49457982182502747,0.412199026569482
20190702_hrrrt17_idw,1.0,0.98,25.321157455444336,18.7625732421875,0.18358106911182404,0.5798019170761108,0.09791342217354751
20190702_hrrrt17_ordinary_kriging,1.0,0.98,30.55904197692871,24.055227279663086,0.20680788159370422,0.5024599432945251,0.06667246433977755
20190702_hrrrt17_pk,1.0,0.98,89.71807861328125,78.98416900634766,0.38577374815940857,0.420829176902771,0.2808935013227372
20190702_hrrrt17_npk,20.0,0.98,15.718854904174805,11.685993194580078,0.06274215131998062,0.022087283432483673,0.02169524680866974
20190702_hrrrt17_idw,20.0,0.98,18.133073806762695,12.571558952331543,0.16109301149845123,0.14700205624103546,0.07867011808985298
20190702_hrrrt17_ordinary_kriging,20.0,0.98,23.557188034057617,17.537382125854492,0.1893721967935562,0.18760548532009125,0.09454752098810094
20190702_hrrrt17_pk,20.0,0.98,13.509285926818848,9.696434020996094,0.05199523642659187,0.023519504815340042,0.025588597236031792
20190702_hrrrt17_npk,30.0,0.98,8.964715003967285,6.426080703735352,0.03866151347756386,0.01893683709204197,0.017848538373835203
20190702_hrrrt17_idw,30.0,0.98,16.019655227661133,10.966876029968262,0.16251306235790253,0.12894299626350403,0.07294058629432641
20190702_hrrrt17_ordinary_kriging,30.0,0.98,23.137264251708984,17.480823516845703,0.19382259249687195,0.1982986479997635,0.09006818116232397
20190702_hrrrt17_pk,30.0,0.98,8.967329025268555,6.389500617980957,0.035205502063035965,0.013390675187110901,0.005405999038431689
20190702_hrrrt17_npk,5.0,0.98,76.99261474609375,64.74588775634766,0.3154456317424774,0.1919579803943634,0.2699505693914549
20190702_hrrrt17_idw,5.0,0.98,23.05327033996582,17.593524932861328,0.1779017150402069,0.29951050877571106,0.09823213541915961
20190702_hrrrt17_ordinary_kriging,5.0,0.98,26.143714904785156,19.72661781311035,0.18828116357326508,0.3602102994918823,0.1030314567825652
20190702_hrrrt17_pk,5.0,0.98,66.4151611328125,52.37895584106445,0.2627872824668884,0.14676640927791595,0.24973928068562173
20190705_hrrrt18_npk,10.0,0.98,58.37001419067383,49.032005310058594,0.2820361256599426,0.15986749529838562,0.27742092698311854
20190705_hrrrt18_idw,10.0,0.98,19.053319931030273,14.43287181854248,0.197445347905159,0.2689499258995056,0.12090372491950536
20190705_hrrrt18_ordinary_kriging,10.0,0.98,28.610782623291016,22.775970458984375,0.25341445207595825,0.32968613505363464,0.1398007620046788
20190705_hrrrt18_pk,10.0,0.98,50.191402435302734,39.58195495605469,0.2259080559015274,0.11980032920837402,0.24757058300466947
20190705_hrrrt18_npk,1.0,0.98,99.29776000976562,92.23175811767578,0.5021613836288452,0.4278034567832947,0.26377070319752577
20190705_hrrrt18_idw,1.0,0.98,32.3426513671875,26.105276107788086,0.2590515613555908,0.5797582268714905,0.14283575071971552
20190705_hrrrt18_ordinary_kriging,1.0,0.98,29.842878341674805,23.89866828918457,0.2416429966688156,0.542730987071991,0.1471890259305676
20190705_hrrrt18_pk,1.0,0.98,89.89006805419922,77.10745239257812,0.4219016134738922,0.4615029990673065,0.31449162777811607
20190705_hrrrt18_npk,20.0,0.98,26.932640075683594,17.43729019165039,0.10084344446659088,0.036191340535879135,0.12317476858021459
20190705_hrrrt18_idw,20.0,0.98,16.05730438232422,11.715593338012695,0.19127926230430603,0.12937447428703308,0.09333308001424384
20190705_hrrrt18_ordinary_kriging,20.0,0.98,23.610815048217773,18.038145065307617,0.2353956550359726,0.19116739928722382,0.11736785227175466
20190705_hrrrt18_pk,20.0,0.98,15.969161987304688,11.571795463562012,0.06612539291381836,0.02322314865887165,0.06188094242486492
20190705_hrrrt18_npk,30.0,0.98,8.771665573120117,6.908647060394287,0.04476715996861458,0.012450065463781357,0.025927158834435814
20190705_hrrrt18_idw,30.0,0.98,16.553503036499023,11.941771507263184,0.20995283126831055,0.11872334778308868,0.09556801999515115
20190705_hrrrt18_ordinary_kriging,30.0,0.98,20.66046905517578,15.18061351776123,0.2312360554933548,0.16709691286087036,0.10447239235344316
20190705_hrrrt18_pk,30.0,0.98,9.244635581970215,7.19236421585083,0.044034842401742935,0.015026372857391834,0.03157904882747148
20190705_hrrrt18_npk,5.0,0.98,57.316104888916016,51.30704116821289,0.29053354263305664,0.14492858946323395,0.24329749865541744
20190705_hrrrt18_idw,5.0,0.98,27.521709442138672,20.643884658813477,0.2402001917362213,0.3031052052974701,0.1375834694461036
20190705_hrrrt18_ordinary_kriging,5.0,0.98,31.719932556152344,25.00667953491211,0.27307480573654175,0.4028175175189972,0.14543817959587707
20190705_hrrrt18_pk,5.0,0.98,53.115177154541016,44.461456298828125,0.2696533799171448,0.12569740414619446,0.2992173854724073
20190706_hrrrt20_npk,10.0,0.98,36.68117904663086,28.07811164855957,0.19174160063266754,0.1854422390460968,0.09313286092119569
20190706_hrrrt20_idw,10.0,0.98,23.96782112121582,16.053430557250977,0.14492760598659515,0.4043799638748169,0.1532983089633376
20190706_hrrrt20_ordinary_kriging,10.0,0.98,27.436872482299805,18.985353469848633,0.15999090671539307,0.2540135681629181,0.15134141734188802
20190706_hrrrt20_pk,10.0,0.98,35.27199935913086,26.384065628051758,0.176742821931839,0.19030267000198364,0.053477282134651374
20190706_hrrrt20_npk,1.0,0.98,70.10340118408203,61.53673553466797,0.4590233862400055,0.4065972864627838,0.21919410168167544
20190706_hrrrt20_idw,1.0,0.98,30.047189712524414,23.17430877685547,0.23404181003570557,0.5866790413856506,0.13485125354864438
20190706_hrrrt20_ordinary_kriging,1.0,0.98,30.25009536743164,22.49383544921875,0.22094175219535828,0.48353317379951477,0.16698382893388689
20190706_hrrrt20_pk,1.0,0.98,56.99496841430664,46.931480407714844,0.3363663852214813,0.3834802508354187,0.15820185631537256
20190706_hrrrt20_npk,20.0,0.98,14.67854118347168,10.60390567779541,0.08144689351320267,0.0928717851638794,0.04214486698820918
20190706_hrrrt20_idw,20.0,0.98,20.24566078186035,15.269148826599121,0.1636798232793808,0.19764947891235352,0.11213813702877075
20190706_hrrrt20_ordinary_kriging,20.0,0.98,21.671064376831055,16.418066024780273,0.16896076500415802,0.19359873235225677,0.13253560498210565
20190706_hrrrt20_pk,20.0,0.98,15.746200561523438,10.803726196289062,0.08164823055267334,0.09789526462554932,0.052085579155933925
20190706_hrrrt20_npk,30.0,0.98,13.747917175292969,8.641213417053223,0.06600728631019592,0.08784329891204834,0.04582708470550752
20190706_hrrrt20_idw,30.0,0.98,16.22525978088379,10.838563919067383,0.12567761540412903,0.17528481781482697,0.10010480719062992
20190706_hrrrt20_ordinary_kriging,30.0,0.98,16.482545852661133,11.07740592956543,0.11885930597782135,0.17678987979888916,0.09084614081974547
20190706_hrrrt20_pk,30.0,0.98,12.927619934082031,7.957415580749512,0.05521954596042633,0.08522361516952515,0.04076817241747795
20190706_hrrrt20_npk,5.0,0.98,44.928001403808594,36.55472946166992,0.2803177535533905,0.22197231650352478,0.15128656222295392
20190706_hrrrt20_idw,5.0,0.98,22.400402069091797,15.39773941040039,0.18332959711551666,0.4296870529651642,0.15354143014583121
20190706_hrrrt20_ordinary_kriging,5.0,0.98,27.043880462646484,19.70195198059082,0.2152266800403595,0.4261358380317688,0.16490542655497686
20190706_hrrrt20_pk,5.0,0.98,47.122283935546875,36.970516204833984,0.2743355333805084,0.20261208713054657,0.13236531925708225
20190706_hrrrt23_npk,10.0,0.98,64.32076263427734,51.175209045410156,0.30365386605262756,0.21347901225090027,0.26423779801684255
20190706_hrrrt23_idw,10.0,0.98,27.25,20.097097396850586,0.1850987821817398,0.3842964768409729,0.1831530115406085
20190706_hrrrt23_ordinary_kriging,10.0,0.98,39.286312103271484,30.07811164855957,0.26991114020347595,0.2253604233264923,0.2198753122701577
20190706_hrrrt23_pk,10.0,0.98,61.950286865234375,48.85636901855469,0.28747785091400146,0.2050318717956543,0.2340236158296343
20190706_hrrrt23_npk,1.0,0.98,89.10961151123047,78.3099136352539,0.45924246311187744,0.32747161388397217,0.24130679705679536
20190706_hrrrt23_idw,1.0,0.98,31.590412139892578,24.68047332763672,0.2300143539905548,0.5888627767562866,0.19680823780876233
20190706_hrrrt23_ordinary_kriging,1.0,0.98,40.44476318359375,30.263559341430664,0.2852135896682739,0.463422954082489,0.2319068971943614
20190706_hrrrt23_pk,1.0,0.98,75.61546325683594,64.8004150390625,0.3850632309913635,0.2895660698413849,0.2806673197328913
20190706_hrrrt23_npk,20.0,0.98,18.277002334594727,13.403722763061523,0.09474269300699234,0.066853828728199,0.040049057460780205
20190706_hrrrt23_idw,20.0,0.98,22.68735122680664,16.78059196472168,0.1974503993988037,0.1133599728345871,0.17477117836969677
20190706_hrrrt23_ordinary_kriging,20.0,0.98,27.422134399414062,19.612754821777344,0.22268888354301453,0.08788258582353592,0.1876872802457476
20190706_hrrrt23_pk,20.0,0.98,20.57103157043457,14.528107643127441,0.09976530820131302,0.0669730007648468,0.10235496328490135
20190706_hrrrt23_npk,30.0,0.98,14.494600296020508,9.908647537231445,0.0759562999010086,0.042775947600603104,0.06934072362940825
20190706_hrrrt23_idw,30.0,0.98,25.03545570373535,18.149232864379883,0.2197498083114624,0.10223676264286041,0.18097351373364218
20190706_hrrrt23_ordinary_kriging,30.0,0.98,26.295068740844727,18.665620803833008,0.22485855221748352,0.08294589072465897,0.17927355209687412
20190706_hrrrt23_pk,30.0,0.98,15.36660385131836,10.093612670898438,0.07937277853488922,0.03845658525824547,0.0459194282204316
20190706_hrrrt23_npk,5.0,0.98,55.002437591552734,45.89516830444336,0.2721707224845886,0.2091669887304306,0.1380368738873653
20190706_hrrrt23_idw,5.0,0.98,30.04628562927246,22.037769317626953,0.21862028539180756,0.4321087896823883,0.20964417063493673
20190706_hrrrt23_ordinary_kriging,5.0,0.98,40.91033172607422,31.160072326660156,0.2928890883922577,0.37883150577545166,0.23152970084033986
20190706_hrrrt23_pk,5.0,0.98,49.74425506591797,40.190696716308594,0.24454887211322784,0.18595033884048462,0.18900481899956006
20190708_hrrrt17_npk,10.0,0.98,69.82612609863281,57.78464889526367,0.2896251380443573,0.17138439416885376,0.1681546245959413
20190708_hrrrt17_idw,10.0,0.98,28.274560928344727,21.599403381347656,0.1506432145833969,0.3143813908100128,0.10529864521728623
20190708_hrrrt17_ordinary_kriging,10.0,0.98,33.326026916503906,25.477895736694336,0.16390526294708252,0.235051691532135,0.09133329549768639
20190708_hrrrt17_pk,10.0,0.98,71.19326782226562,56.83038330078125,0.28250420093536377,0.17304816842079163,0.21104779221195855
20190708_hrrrt17_npk,1.0,0.98,112.35362243652344,104.37129974365234,0.5567140579223633,0.3986777663230896,0.25240973749080275
20190708_hrrrt17_idw,1.0,0.98,52.16087341308594,45.0885124206543,0.3014533221721649,0.6269441843032837,0.11962373153163448
20190708_hrrrt17_ordinary_kriging,1.0,0.98,53.0445442199707,47.8237190246582,0.3221627473831177,0.5258251428604126,0.1421621890631525
20190708_hrrrt17_pk,1.0,0.98,101.3036117553711,91.39527893066406,0.4904213547706604,0.47794798016548157,0.281151608648722
20190708_hrrrt17_npk,20.0,0.98,19.451370239257812,14.289288520812988,0.07974332571029663,0.038941819220781326,0.06091190698090356
20190708_hrrrt17_idw,20.0,0.98,17.63729476928711,13.376258850097656,0.12489316612482071,0.18200711905956268,0.07751712401698521
20190708_hrrrt17_ordinary_kriging,20.0,0.98,16.678226470947266,12.010680198669434,0.10455067455768585,0.1764509081840515,0.06277381383458447
20190708_hrrrt17_pk,20.0,0.98,18.330591201782227,13.404111862182617,0.07123720645904541,0.03617353364825249,0.05338498870758325
20190708_hrrrt17_npk,30.0,0.98,12.19648265838623,9.016387939453125,0.05193352699279785,0.03595405071973801,0.02269230295893388
20190708_hrrrt17_idw,30.0,0.98,17.26143455505371,12.657252311706543,0.12729427218437195,0.16008388996124268,0.08210256997923997
20190708_hrrrt17_ordinary_kriging,30.0,0.98,14.971835136413574,10.395746231079102,0.1028265506029129,0.16010716557502747,0.07210139005090209
20190708_hrrrt17_pk,30.0,0.98,13.675048828125,9.432085037231445,0.050310250371694565,0.03220157325267792,0.031426794475558385
20190708_hrrrt17_npk,5.0,0.98,79.08415985107422,68.89234161376953,0.36715593934059143,0.2061731219291687,0.20470457909488
20190708_hrrrt17_idw,5.0,0.98,22.020050048828125,16.521839141845703,0.17684945464134216,0.33615395426750183,0.11472882911896432
20190708_hrrrt17_ordinary_kriging,5.0,0.98,25.071874618530273,18.892343521118164,0.18878605961799622,0.21977871656417847,0.1092399044992125
20190708_hrrrt17_pk,5.0,0.98,79.49896240234375,64.28157806396484,0.33916303515434265,0.1815515160560608,0.27584258168994247
20190710_hrrrt19_npk,10.0,0.98,61.503719329833984,50.51668167114258,0.27165743708610535,0.21114638447761536,0.283840392952843
20190710_hrrrt19_idw,10.0,0.98,21.604413986206055,15.767290115356445,0.20204737782478333,0.28648805618286133,0.10550758762695216
20190710_hrrrt19_ordinary_kriging,10.0,0.98,30.24323272705078,25.186330795288086,0.2724323570728302,0.2646886110305786,0.13566005666051043
20190710_hrrrt19_pk,10.0,0.98,52.2271728515625,41.94374465942383,0.23057043552398682,0.17888540029525757,0.247408150509296
20190710_hrrrt19_npk,1.0,0.98,103.09677124023438,97.16938018798828,0.5232053995132446,0.4435633420944214,0.2861650387486315
20190710_hrrrt19_idw,1.0,0.98,22.04476547241211,16.062870025634766,0.18757401406764984,0.5707783699035645,0.0676884847584221
20190710_hrrrt19_ordinary_kriging,1.0,0.98,30.207218170166016,25.481016159057617,0.2590101957321167,0.4601480960845947,0.14560691029258346
20190710_hrrrt19_pk,1.0,0.98,80.05604553222656,71.2486343383789,0.3839009404182434,0.333942174911499,0.2892797895633793
20190710_hrrrt19_npk,20.0,0.98,13.839152336120605,10.593225479125977,0.07037630677223206,0.052078478038311005,0.06229640217509776
20190710_hrrrt19_idw,20.0,0.98,21.260578155517578,15.277997970581055,0.22245562076568604,0.1713917851448059,0.10488779836709457
20190710_hrrrt19_ordinary_kriging,20.0,0.98,30.10284996032715,25.202014923095703,0.2949889302253723,0.20438742637634277,0.13281621476449618
20190710_hrrrt19_pk,20.0,0.98,10.498894691467285,7.621586799621582,0.04772753641009331,0.0327950194478035,0.0343473350839049
20190710_hrrrt19_npk,30.0,0.98,11.081068992614746,8.090655326843262,0.05029618367552757,0.03547819331288338,0.04633393332488255
20190710_hrrrt19_idw,30.0,0.98,15.738470077514648,11.334728240966797,0.20758682489395142,0.1552419811487198,0.08616189828495625
20190710_hrrrt19_ordinary_kriging,30.0,0.98,18.08056640625,13.137726783752441,0.22108115255832672,0.17299318313598633,0.09366817024284337
20190710_hrrrt19_pk,30.0,0.98,8.560359001159668,6.425844192504883,0.04583047702908516,0.02192186936736107,0.004648255057040568
20190710_hrrrt19_npk,5.0,0.98,68.76539611816406,58.79059600830078,0.31917157769203186,0.21706026792526245,0.33561054463069023
20190710_hrrrt19_idw,5.0,0.98,22.391115188598633,16.42060661315918,0.1984240859746933,0.3398825526237488,0.10615559506983979
20190710_hrrrt19_ordinary_kriging,5.0,0.98,31.065635681152344,26.373844146728516,0.2719508409500122,0.3311520516872406,0.14296261068344818
20190710_hrrrt19_pk,5.0,0.98,63.1763916015625,49.718421936035156,0.2747976779937744,0.16900576651096344,0.33380875060778975
20190711_hrrrt21_npk,10.0,0.98,74.71556854248047,60.70572280883789,0.31951799988746643,0.24334445595741272,0.3293838695660858
20190711_hrrrt21_idw,10.0,0.98,16.110986709594727,11.91700553894043,0.13818617165088654,0.2603602409362793,0.09880255076769115
20190711_hrrrt21_ordinary_kriging,10.0,0.98,27.940568923950195,23.221590042114258,0.21029923856258392,0.3027910888195038,0.13170435923009186
20190711_hrrrt21_pk,10.0,0.98,58.82020950317383,47.77241516113281,0.2544797360897064,0.18008828163146973,0.24704053086048483
20190711_hrrrt21_npk,1.0,0.98,113.61258697509766,106.83876037597656,0.5610095858573914,0.4753809869289398,0.37368721240496894
20190711_hrrrt21_idw,1.0,0.98,19.67882537841797,14.824211120605469,0.14702968299388885,0.548129141330719,0.06823323334483004
20190711_hrrrt21_ordinary_kriging,1.0,0.98,28.494112014770508,23.96326446533203,0.20892129838466644,0.4241744875907898,0.13931653947926778
20190711_hrrrt21_pk,1.0,0.98,88.87165832519531,79.74513244628906,0.4200308322906494,0.3548685610294342,0.3274398332990886
20190711_hrrrt21_npk,20.0,0.98,13.171378135681152,10.012511253356934,0.05525270476937294,0.02661065198481083,0.046844823957270416
20190711_hrrrt21_idw,20.0,0.98,15.438173294067383,10.966432571411133,0.15051156282424927,0.1450020968914032,0.09695496722564705
20190711_hrrrt21_ordinary_kriging,20.0,0.98,25.972597122192383,21.296003341674805,0.2150326520204544,0.19105248153209686,0.1235276280867796
20190711_hrrrt21_pk,20.0,0.98,16.365436553955078,12.35945987701416,0.07256697118282318,0.029124876484274864,0.06474342683377185
20190711_hrrrt21_npk,30.0,0.98,7.463509559631348,5.819735050201416,0.033998679369688034,0.014917419292032719,0.02246044680474555
20190711_hrrrt21_idw,30.0,0.98,14.846635818481445,10.550209045410156,0.15584486722946167,0.12585683166980743,0.08861415372827404
20190711_hrrrt21_ordinary_kriging,30.0,0.98,20.84646224975586,15.983612060546875,0.1900443434715271,0.1712430715560913,0.10380151684594156
20190711_hrrrt21_pk,30.0,0.98,6.846867084503174,5.333333492279053,0.033589690923690796,0.012569764629006386,0.0183684619616579
20190711_hrrrt21_npk,5.0,0.98,77.76480102539062,67.16341400146484,0.3587239384651184,0.22789542376995087,0.35821981869852504
20190711_hrrrt21_idw,5.0,0.98,17.8426513671875,13.76464557647705,0.14879409968852997,0.2926325500011444,0.10646629189404629
20190711_hrrrt21_ordinary_kriging,5.0,0.98,28.62114715576172,23.978931427001953,0.21475721895694733,0.33027100563049316,0.13665214609691587
20190711_hrrrt21_pk,5.0,0.98,56.90828323364258,46.63862609863281,0.2523585259914398,0.1395702064037323,0.2735183885391186
20190713_hrrrt20_npk,10.0,0.98,78.97908020019531,65.01057434082031,0.31306883692741394,0.2596455216407776,0.28582396317271064
20190713_hrrrt20_idw,10.0,0.98,18.010589599609375,13.033360481262207,0.16587620973587036,0.30215469002723694,0.08308722903631796
20190713_hrrrt20_ordinary_kriging,10.0,0.98,23.39276885986328,17.78736114501953,0.1859198659658432,0.2784665822982788,0.08736819439127434
20190713_hrrrt20_pk,10.0,0.98,61.30580139160156,49.96230697631836,0.2385316640138626,0.2138347178697586,0.20089780182741715
20190713_hrrrt20_npk,1.0,0.98,122.74842834472656,117.73644256591797,0.6006202697753906,0.5662415027618408,0.2944422892092547
20190713_hrrrt20_idw,1.0,0.98,21.88790512084961,14.714003562927246,0.23444277048110962,0.5529558062553406,0.09060754542664502
20190713_hrrrt20_ordinary_kriging,1.0,0.98,25.279590606689453,18.42011833190918,0.25064221024513245,0.504287600517273,0.08686724776145216
20190713_hrrrt20_pk,1.0,0.98,103.83587646484375,93.06047058105469,0.4806462228298187,0.5005537271499634,0.35148288257102306
20190713_hrrrt20_npk,20.0,0.98,11.654011726379395,8.765028953552246,0.049147408455610275,0.016867244616150856,0.015500613689157684
20190713_hrrrt20_idw,20.0,0.98,15.390512466430664,10.202624320983887,0.1690533459186554,0.19883647561073303,0.06812319719122412
20190713_hrrrt20_ordinary_kriging,20.0,0.98,22.444887161254883,16.690876007080078,0.21425603330135345,0.2074441909790039,0.0867692423526286
20190713_hrrrt20_pk,20.0,0.98,13.29493236541748,9.17732048034668,0.04756108298897743,0.020352177321910858,0.02669060912097121
20190713_hrrrt20_npk,30.0,0.98,7.760290622711182,5.7667365074157715,0.037688661366701126,0.012411875650286674,0.03220979061593843
20190713_hrrrt20_idw,30.0,0.98,15.555216789245605,10.563807487487793,0.183399498462677,0.1723366528749466,0.07016272672655641
20190713_hrrrt20_ordinary_kriging,30.0,0.98,23.462432861328125,17.800209045410156,0.230137437582016,0.2404833436012268,0.08513728755449604
20190713_hrrrt20_pk,30.0,0.98,7.33872127532959,5.443465709686279,0.02947232499718666,0.013660278171300888,0.030346188360083355
20190713_hrrrt20_npk,5.0,0.98,85.50437927246094,72.33761596679688,0.36346906423568726,0.25834426283836365,0.31414523134050165
20190713_hrrrt20_idw,5.0,0.98,18.75475311279297,13.97970199584961,0.22573378682136536,0.32546737790107727,0.08824214519650311
20190713_hrrrt20_ordinary_kriging,5.0,0.98,23.31086540222168,17.667266845703125,0.2463083267211914,0.3197624087333679,0.09277401101915272
20190713_hrrrt20_pk,5.0,0.98,68.5285415649414,56.043819427490234,0.2864319682121277,0.21899782121181488,0.2644738762574211
20190715_hrrrt17_npk,10.0,0.98,44.180152893066406,36.36262512207031,0.24848291277885437,0.1961592137813568,0.23121937740395246
20190715_hrrrt17_idw,10.0,0.98,14.432666778564453,10.244915008544922,0.22503352165222168,0.2557063400745392,0.09046478227435244
20190715_hrrrt17_ordinary_kriging,10.0,0.98,20.379947662353516,15.505559921264648,0.26012101769447327,0.2785424590110779,0.1050848506994073
20190715_hrrrt17_pk,10.0,0.98,42.98347473144531,35.499141693115234,0.2437637895345688,0.18346786499023438,0.23438392743257896
20190715_hrrrt17_npk,1.0,0.98,85.58042907714844,78.51799774169922,0.5039281249046326,0.5112716555595398,0.309386069151769
20190715_hrrrt17_idw,1.0,0.98,21.022811889648438,15.720414161682129,0.2546085715293884,0.5489690899848938,0.10835031082840844
20190715_hrrrt17_ordinary_kriging,1.0,0.98,20.61863136291504,15.647682189941406,0.24891597032546997,0.5008201599121094,0.10998087920368314
20190715_hrrrt17_pk,1.0,0.98,75.07715606689453,65.91305541992188,0.43202775716781616,0.5423717498779297,0.3433415546142842
20190715_hrrrt17_npk,20.0,0.98,13.941396713256836,10.633505821228027,0.07661030441522598,0.044941775500774384,0.039736354352369274
20190715_hrrrt17_idw,20.0,0.98,13.382315635681152,9.034482955932617,0.23009923100471497,0.1589047908782959,0.08514419938417928
20190715_hrrrt17_ordinary_kriging,20.0,0.98,20.157867431640625,15.808666229248047,0.27579590678215027,0.16864563524723053,0.10197770083275587
20190715_hrrrt17_pk,20.0,0.98,11.510173797607422,8.649212837219238,0.06408246606588364,0.032265082001686096,0.028221151331693773
20190715_hrrrt17_npk,30.0,0.98,7.572107791900635,5.443514823913574,0.04309637099504471,0.02743278443813324,0.03642352933896946
20190715_hrrrt17_idw,30.0,0.98,12.709403991699219,8.180265426635742,0.23371073603630066,0.14434660971164703,0.07464091738535467
20190715_hrrrt17_ordinary_kriging,30.0,0.98,20.192398071289062,15.711994171142578,0.2799158990383148,0.1677684187889099,0.09600254254592011
20190715_hrrrt17_pk,30.0,0.98,10.392675399780273,7.052496433258057,0.06649806350469589,0.04521196335554123,0.018600652754827307
20190715_hrrrt17_npk,5.0,0.98,45.80349349975586,40.54521942138672,0.27186888456344604,0.19878214597702026,0.2096075382858546
20190715_hrrrt17_idw,5.0,0.98,24.045120239257812,17.75719451904297,0.28091898560523987,0.28112608194351196,0.10782483479472481
20190715_hrrrt17_ordinary_kriging,5.0,0.98,25.06499671936035,18.934995651245117,0.2880108654499054,0.3385884463787079,0.10931560563556456
20190715_hrrrt17_pk,5.0,0.98,37.84932327270508,31.821475982666016,0.21639510989189148,0.16677582263946533,0.22265423412733473
20190717_hrrrt19_npk,10.0,0.98,52.33818435668945,43.0867919921875,0.21466079354286194,0.23580774664878845,0.15899470515710704
20190717_hrrrt19_idw,10.0,0.98,22.545568466186523,17.1320858001709,0.1528114676475525,0.3819104731082916,0.10273349583133477
20190717_hrrrt19_ordinary_kriging,10.0,0.98,26.51358985900879,20.90642738342285,0.16906273365020752,0.23424123227596283,0.10531476309186746
20190717_hrrrt19_pk,10.0,0.98,53.51359176635742,43.43603515625,0.2179325670003891,0.20124824345111847,0.19527356578991953
20190717_hrrrt19_npk,1.0,0.98,128.64048767089844,120.43417358398438,0.5969315767288208,0.4929145276546478,0.338655911735962
20190717_hrrrt19_idw,1.0,0.98,28.721054077148438,23.233728408813477,0.17721709609031677,0.5640358924865723,0.11310012603224462
20190717_hrrrt19_ordinary_kriging,1.0,0.98,28.74251937866211,23.03673553466797,0.17700472474098206,0.47009819746017456,0.11289037138448035
20190717_hrrrt19_pk,1.0,0.98,95.83309936523438,82.4609375,0.4078424870967865,0.4797794222831726,0.31422357748855295
20190717_hrrrt19_npk,20.0,0.98,11.07507610321045,8.737259864807129,0.04880782961845398,0.034320853650569916,0.019101341838763997
20190717_hrrrt19_idw,20.0,0.98,22.125995635986328,16.248092651367188,0.16215470433235168,0.20761243999004364,0.09271090682599054
20190717_hrrrt19_ordinary_kriging,20.0,0.98,25.778627395629883,19.88098907470703,0.1787094920873642,0.174071803689003,0.10323980828856912
20190717_hrrrt19_pk,20.0,0.98,11.539830207824707,8.95502758026123,0.04997706413269043,0.02139381319284439,0.030828829155313524
20190717_hrrrt19_npk,30.0,0.98,8.319060325622559,6.078452110290527,0.029502183198928833,0.019214008003473282,0.03197271612457596
20190717_hrrrt19_idw,30.0,0.98,18.787254333496094,13.836819648742676,0.08423767983913422,0.15553469955921173,0.08072298911265217
20190717_hrrrt19_ordinary_kriging,30.0,0.98,24.776771545410156,19.43584442138672,0.11056536436080933,0.1598721593618393,0.09165689275753759
20190717_hrrrt19_pk,30.0,0.98,7.595427989959717,5.595080852508545,0.02768591232597828,0.014678861945867538,0.025950977586364082
20190717_hrrrt19_npk,5.0,0.98,86.86941528320312,75.45040893554688,0.3803018033504486,0.3068068325519562,0.344956141695575
20190717_hrrrt19_idw,5.0,0.98,24.81441307067871,18.45195198059082,0.16829641163349152,0.42191919684410095,0.10653951932632053
20190717_hrrrt19_ordinary_kriging,5.0,0.98,26.686153411865234,20.612281799316406,0.1782655566930771,0.3049125671386719,0.11194003113076899
20190717_hrrrt19_pk,5.0,0.98,66.73393249511719,54.25453186035156,0.27417823672294617,0.2479827105998993,0.27487416010614024
20190719_hrrrt21_npk,10.0,0.98,69.37271881103516,55.70219802856445,0.27224451303482056,0.239618718624115,0.24877555816537358
20190719_hrrrt21_idw,10.0,0.98,19.47486686706543,14.909140586853027,0.13320152461528778,0.3568527102470398,0.08627011075964489
20190719_hrrrt21_ordinary_kriging,10.0,0.98,24.555274963378906,19.433958053588867,0.15297986567020416,0.18465524911880493,0.09053789080142222
20190719_hrrrt21_pk,10.0,0.98,42.851524353027344,34.72272872924805,0.17223922908306122,0.12990722060203552,0.15686857266401608
20190719_hrrrt21_npk,1.0,0.98,127.10466003417969,116.9852066040039,0.5702199935913086,0.5159690380096436,0.39636379773163316
20190719_hrrrt21_idw,1.0,0.98,24.4105167388916,19.133628845214844,0.15251344442367554,0.5819423198699951,0.10124576196741598
20190719_hrrrt21_ordinary_kriging,1.0,0.98,24.810365676879883,19.60700225830078,0.15623944997787476,0.4822384715080261,0.1018550680285689
20190719_hrrrt21_pk,1.0,0.98,106.76390838623047,95.1321029663086,0.46848899126052856,0.5065662860870361,0.38976817109956186
20190719_hrrrt21_npk,20.0,0.98,9.637716293334961,7.158376693725586,0.040613096207380295,0.013929886743426323,0.05026018629845645
20190719_hrrrt21_idw,20.0,0.98,19.760072708129883,14.61367130279541,0.1462317258119583,0.18257468938827515,0.07785931175951981
20190719_hrrrt21_ordinary_kriging,20.0,0.98,23.487619400024414,18.412878036499023,0.1626368761062622,0.1499239057302475,0.09055333275979763
20190719_hrrrt21_pk,20.0,0.98,9.855639457702637,6.6145195960998535,0.037206925451755524,0.011545458808541298,0.05951032502838392
20190719_hrrrt21_npk,30.0,0.98,4.955907344818115,3.7451186180114746,0.018847646191716194,0.004603577312082052,0.012155241731006709
20190719_hrrrt21_idw,30.0,0.98,16.5567569732666,11.923291206359863,0.06716571748256683,0.1624753326177597,0.06738213407084852
20190719_hrrrt21_ordinary_kriging,30.0,0.98,21.308298110961914,16.398534774780273,0.08776926249265671,0.15747517347335815,0.07690414833933333
20190719_hrrrt21_pk,30.0,0.98,5.250725269317627,3.9350221157073975,0.019725603982806206,0.0048258937895298,0.014588625806965164
20190719_hrrrt21_npk,5.0,0.98,71.61066436767578,62.369476318359375,0.31380823254585266,0.2700432240962982,0.23186844043421662
20190719_hrrrt21_idw,5.0,0.98,22.489486694335938,16.996915817260742,0.15162032842636108,0.40005868673324585,0.09209908210087109
20190719_hrrrt21_ordinary_kriging,5.0,0.98,25.21932601928711,19.66135597229004,0.16510134935379028,0.2877544164657593,0.10009204031862658
20190719_hrrrt21_pk,5.0,0.98,44.859886169433594,36.35515213012695,0.18409013748168945,0.12821440398693085,0.18434082185957856
20190720_hrrrt21_npk,10.0,0.98,77.99093627929688,64.77352905273438,0.30870142579078674,0.28339308500289917,0.28119948834644254
20190720_hrrrt21_idw,10.0,0.98,18.462770462036133,14.327095031738281,0.12645010650157928,0.3476545810699463,0.0778315304320292
20190720_hrrrt21_ordinary_kriging,10.0,0.98,23.488283157348633,18.955791473388672,0.14703096449375153,0.18473686277866364,0.08487423502899635
20190720_hrrrt21_pk,10.0,0.98,56.92704772949219,47.038265228271484,0.22527271509170532,0.20149749517440796,0.19603046922242198
20190720_hrrrt21_npk,1.0,0.98,111.51803588867188,103.81730651855469,0.49619752168655396,0.42179006338119507,0.25083631397187645
20190720_hrrrt21_idw,1.0,0.98,22.470624923706055,17.871795654296875,0.14035719633102417,0.5805919766426086,0.09144800746914386
20190720_hrrrt21_ordinary_kriging,1.0,0.98,23.789661407470703,19.197978973388672,0.14791440963745117,0.44561147689819336,0.0913729855515393
20190720_hrrrt21_pk,1.0,0.98,115.28595733642578,102.26525115966797,0.4883134663105011,0.5641083121299744,0.4175379012754901
20190720_hrrrt21_npk,20.0,0.98,13.454236030578613,8.82300853729248,0.05202481895685196,0.023479733616113663,0.07065079151666552
20190720_hrrrt21_idw,20.0,0.98,18.98580551147461,14.380226135253906,0.13918566703796387,0.18265023827552795,0.07396469930005146
20190720_hrrrt21_ordinary_kriging,20.0,0.98,22.43376350402832,17.87732696533203,0.15410928428173065,0.13896606862545013,0.08385328176640461
20190720_hrrrt21_pk,20.0,0.98,11.349045753479004,8.022165298461914,0.044082578271627426,0.015115531161427498,0.05727840438789298
20190720_hrrrt21_npk,30.0,0.98,5.877468109130859,4.4239888191223145,0.021214891225099564,0.008329539559781551,0.02197073675093529
20190720_hrrrt21_idw,30.0,0.98,16.23379898071289,11.958159446716309,0.06063135713338852,0.1494351178407669,0.06287371535600833
20190720_hrrrt21_ordinary_kriging,30.0,0.98,23.172710418701172,18.703277587890625,0.09205027669668198,0.13736742734909058,0.07803727664622341
20190720_hrrrt21_pk,30.0,0.98,5.508103847503662,4.234948635101318,0.020318973809480667,0.0072913155891001225,0.02046773594130575
20190720_hrrrt21_npk,5.0,0.98,87.52630615234375,75.50257110595703,0.3622773587703705,0.30423468351364136,0.3325991281723068
20190720_hrrrt21_idw,5.0,0.98,21.661544799804688,16.23843765258789,0.1413080096244812,0.3952210247516632,0.08305932192037216
20190720_hrrrt21_ordinary_kriging,5.0,0.98,23.81764793395996,18.592241287231445,0.15304017066955566,0.24446246027946472,0.09140016832077597
20190720_hrrrt21_pk,5.0,0.98,63.019927978515625,51.003517150878906,0.2485506385564804,0.21254754066467285,0.2564748433238823
20190721_hrrrt18_npk,10.0,0.98,51.78816223144531,41.7605094909668,0.24394722282886505,0.13193705677986145,0.16883053463262332
20190721_hrrrt18_idw,10.0,0.98,24.675777435302734,17.54705810546875,0.21898366510868073,0.2968687117099762,0.14390439390867288
20190721_hrrrt18_ordinary_kriging,10.0,0.98,28.638633728027344,21.356658935546875,0.2401549220085144,0.2801227271556854,0.14806475723746837
20190721_hrrrt18_pk,10.0,0.98,47.70093536376953,38.380924224853516,0.23409707844257355,0.1097109317779541,0.19628218725391233
20190721_hrrrt18_npk,1.0,0.98,83.97818756103516,77.02564239501953,0.4586162567138672,0.41509386897087097,0.28120907180727484
20190721_hrrrt18_idw,1.0,0.98,28.658109664916992,22.538707733154297,0.2510226368904114,0.5671161413192749,0.13994390476113985
20190721_hrrrt18_ordinary_kriging,1.0,0.98,31.15450668334961,24.50419044494629,0.27485987544059753,0.5278765559196472,0.15724671556279
20190721_hrrrt18_pk,1.0,0.98,81.3380126953125,72.9050064086914,0.43472033739089966,0.4260055422782898,0.281891983689967
20190721_hrrrt18_npk,20.0,0.98,30.042341232299805,19.042112350463867,0.11297045648097992,0.08221818506717682,0.10450237977633234
20190721_hrrrt18_idw,20.0,0.98,26.354591369628906,18.91364097595215,0.2367490530014038,0.21647009253501892,0.14267958225961555
20190721_hrrrt18_ordinary_kriging,20.0,0.98,32.1048698425293,24.77326774597168,0.2736300230026245,0.2965788245201111,0.15190157105387658
20190721_hrrrt18_pk,20.0,0.98,24.99278450012207,15.94282054901123,0.09633451700210571,0.06784825772047043,0.110603646686766
20190721_hrrrt18_npk,30.0,0.98,15.641701698303223,10.180265426635742,0.06620965152978897,0.05492043495178223,0.05391445761727698
20190721_hrrrt18_idw,30.0,0.98,20.05198860168457,14.630404472351074,0.22565527260303497,0.16938433051109314,0.11118862201867181
20190721_hrrrt18_ordinary_kriging,30.0,0.98,27.00160789489746,20.00592803955078,0.25975796580314636,0.2205972522497177,0.12714331436821608
20190721_hrrrt18_pk,30.0,0.98,20.159032821655273,12.915932655334473,0.08017154783010483,0.06906168162822723,0.0027884266024175023
20190721_hrrrt18_npk,5.0,0.98,60.117469787597656,51.00179672241211,0.31486496329307556,0.14448761940002441,0.27067916419214966
20190721_hrrrt18_idw,5.0,0.98,26.678749084472656,20.282888412475586,0.2455066293478012,0.32815080881118774,0.14803024452046043
20190721_hrrrt18_ordinary_kriging,5.0,0.98,31.112722396850586,24.57708168029785,0.27514275908470154,0.386779248714447,0.1562357453698293
20190721_hrrrt18_pk,5.0,0.98,49.02030944824219,40.01271438598633,0.24233785271644592,0.11016318202018738,0.21067854797646976
20190722_hrrrt22_npk,10.0,0.98,49.414588928222656,40.86764144897461,0.20918548107147217,0.17491036653518677,0.1918820171552994
20190722_hrrrt22_idw,10.0,0.98,15.939971923828125,11.684024810791016,0.12155018001794815,0.29940417408943176,0.09803128510349188
20190722_hrrrt22_ordinary_kriging,10.0,0.98,28.58757209777832,23.65717315673828,0.19403932988643646,0.25836122035980225,0.12614888133643593
20190722_hrrrt22_pk,10.0,0.98,51.22019958496094,42.40119934082031,0.21652749180793762,0.17718680202960968,0.2069597346818442
20190722_hrrrt22_npk,1.0,0.98,105.43632507324219,98.75172424316406,0.49493762850761414,0.4535573124885559,0.2483380128338327
20190722_hrrrt22_idw,1.0,0.98,19.278331756591797,13.565335273742676,0.12809620797634125,0.5689748525619507,0.08660958810490267
20190722_hrrrt22_ordinary_kriging,1.0,0.98,28.81092643737793,23.742603302001953,0.19024018943309784,0.4366464912891388,0.13081161022079385
20190722_hrrrt22_pk,1.0,0.98,93.07482147216797,83.81002044677734,0.42552080750465393,0.39845550060272217,0.3824610841484973
20190722_hrrrt22_npk,20.0,0.98,16.123247146606445,10.660970687866211,0.056068018078804016,0.029806938022375107,0.03159872642375587
20190722_hrrrt22_idw,20.0,0.98,15.604266166687012,11.038450241088867,0.1275891810655594,0.13394072651863098,0.09099910213691002
20190722_hrrrt22_ordinary_kriging,20.0,0.98,28.050050735473633,23.298442840576172,0.19763317704200745,0.16786819696426392,0.11969906593646967
20190722_hrrrt22_pk,20.0,0.98,14.996209144592285,9.952136039733887,0.05416923388838768,0.020361434668302536,0.026287498857382113
20190722_hrrrt22_npk,30.0,0.98,5.853213787078857,4.568340301513672,0.02866213768720627,0.006695669610053301,0.0380912827353413
20190722_hrrrt22_idw,30.0,0.98,15.998997688293457,11.323570251464844,0.1379721462726593,0.11307704448699951,0.08944174636881766
20190722_hrrrt22_ordinary_kriging,30.0,0.98,25.591693878173828,20.747211456298828,0.1932697743177414,0.16885943710803986,0.11021522582731193
20190722_hrrrt22_pk,30.0,0.98,5.863974571228027,4.546989917755127,0.0290119219571352,0.005544069688767195,0.032312574071865365
20190722_hrrrt22_npk,5.0,0.98,73.0312271118164,63.78237533569336,0.3329548239707947,0.2486935406923294,0.3453398106146613
20190722_hrrrt22_idw,5.0,0.98,19.648452758789062,14.27029800415039,0.1359352022409439,0.3571222722530365,0.10754628025425124
20190722_hrrrt22_ordinary_kriging,5.0,0.98,29.25504493713379,23.927030563354492,0.19464759528636932,0.2578182518482208,0.12914481393896474
20190722_hrrrt22_pk,5.0,0.98,62.19940185546875,48.220176696777344,0.2514340579509735,0.19530755281448364,0.30318356434740784
20190723_hrrrt19_npk,10.0,0.98,81.00910186767578,65.27637481689453,0.3313705027103424,0.23439806699752808,0.3343941058060839
20190723_hrrrt19_idw,10.0,0.98,19.751506805419922,15.304040908813477,0.14360181987285614,0.3230467736721039,0.11971023866000802
20190723_hrrrt19_ordinary_kriging,10.0,0.98,30.3264217376709,25.946298599243164,0.2101055383682251,0.2761978805065155,0.14166376153603472
20190723_hrrrt19_pk,10.0,0.98,60.26973342895508,47.74357604980469,0.24226269125938416,0.17553691565990448,0.20546288886007863
20190723_hrrrt19_npk,1.0,0.98,112.39778137207031,107.43244934082031,0.5599132180213928,0.4743264317512512,0.4070575635765197
20190723_hrrrt19_idw,1.0,0.98,18.92557144165039,13.363165855407715,0.13565342128276825,0.5796047449111938,0.10651884101565089
20190723_hrrrt19_ordinary_kriging,1.0,0.98,30.9000301361084,26.581607818603516,0.2158651500940323,0.4381539523601532,0.1459077492260366
20190723_hrrrt19_pk,1.0,0.98,93.55411529541016,82.64806365966797,0.43109428882598877,0.3686171770095825,0.4058655694619982
20190723_hrrrt19_npk,20.0,0.98,16.243812561035156,12.325297355651855,0.06677532941102982,0.04483581334352493,0.053769113110095225
20190723_hrrrt19_idw,20.0,0.98,16.677486419677734,12.382667541503906,0.1427171379327774,0.15657712519168854,0.10528156028093413
20190723_hrrrt19_ordinary_kriging,20.0,0.98,26.538427352905273,22.321636199951172,0.2017892599105835,0.13373810052871704,0.12860277699660516
20190723_hrrrt19_pk,20.0,0.98,15.31545352935791,11.513973236083984,0.06107528507709503,0.045120470225811005,0.037975211971336936
20190723_hrrrt19_npk,30.0,0.98,7.530736446380615,5.792887210845947,0.03240909427404404,0.03084423765540123,0.03353385322294125
20190723_hrrrt19_idw,30.0,0.98,17.088895797729492,12.68863296508789,0.155410036444664,0.11989204585552216,0.1034005217536608
20190723_hrrrt19_ordinary_kriging,30.0,0.98,24.68246078491211,19.933752059936523,0.20016272366046906,0.12527072429656982,0.11979026968604531
20190723_hrrrt19_pk,30.0,0.98,7.509147644042969,5.920337677001953,0.032552458345890045,0.03326534479856491,0.018458271368370943
20190723_hrrrt19_npk,5.0,0.98,78.46635437011719,65.6107406616211,0.33763012290000916,0.2258906066417694,0.3234963472819415
20190723_hrrrt19_idw,5.0,0.98,20.70389747619629,16.186279296875,0.14637291431427002,0.38217175006866455,0.12648263044011843
20190723_hrrrt19_ordinary_kriging,5.0,0.98,30.153078079223633,25.83350372314453,0.20474578440189362,0.26344871520996094,0.1444822634593708
20190723_hrrrt19_pk,5.0,0.98,70.78839111328125,57.129024505615234,0.3043938875198364,0.24064487218856812,0.33698750835495034
20190724_hrrrt22_npk,10.0,0.98,51.857933044433594,44.01274871826172,0.24323542416095734,0.13233864307403564,0.22235565068081473
20190724_hrrrt22_idw,10.0,0.98,16.967966079711914,12.676159858703613,0.20480330288410187,0.24509601294994354,0.10224847476248676
20190724_hrrrt22_ordinary_kriging,10.0,0.98,25.90238380432129,20.20558738708496,0.25327733159065247,0.3053154945373535,0.11938270568077751
20190724_hrrrt22_pk,10.0,0.98,56.3734245300293,46.16105270385742,0.25686362385749817,0.16643360257148743,0.2700467504508659
20190724_hrrrt22_npk,1.0,0.98,96.18907165527344,90.74876403808594,0.48837587237358093,0.4788114130496979,0.2070685181850665
20190724_hrrrt22_idw,1.0,0.98,26.61871910095215,20.365385055541992,0.24740760028362274,0.5657233595848083,0.12386017756210847
20190724_hrrrt22_ordinary_kriging,1.0,0.98,29.069639205932617,22.43885612487793,0.2603198289871216,0.5464473962783813,0.12210887525745408
20190724_hrrrt22_pk,1.0,0.98,81.06661224365234,73.22969055175781,0.3970358073711395,0.40739837288856506,0.31392186160304436
20190724_hrrrt22_npk,20.0,0.98,16.914024353027344,11.295086860656738,0.06688777357339859,0.0209845919162035,0.06583141303391406
20190724_hrrrt22_idw,20.0,0.98,14.459829330444336,9.83368968963623,0.19993746280670166,0.1516607403755188,0.0869515023081909
20190724_hrrrt22_ordinary_kriging,20.0,0.98,25.059185028076172,19.77296257019043,0.26259347796440125,0.2188604772090912,0.11233754074480773
20190724_hrrrt22_pk,20.0,0.98,15.958979606628418,10.764214515686035,0.06679493188858032,0.02210434153676033,0.06547235939818363
20190724_hrrrt22_npk,30.0,0.98,6.2987847328186035,4.723500728607178,0.0314793698489666,0.013284623622894287,0.03303709760226346
20190724_hrrrt22_idw,30.0,0.98,15.059285163879395,10.199790954589844,0.22397512197494507,0.13094419240951538,0.0862938688164957
20190724_hrrrt22_ordinary_kriging,30.0,0.98,23.900545120239258,18.74930191040039,0.2746908366680145,0.21635690331459045,0.10603651345557251
20190724_hrrrt22_pk,30.0,0.98,6.5730390548706055,4.939060211181641,0.03458372503519058,0.011272483505308628,0.04212302530273154
20190724_hrrrt22_npk,5.0,0.98,58.31783676147461,50.23843765258789,0.2848365008831024,0.15539512038230896,0.29557118970049706
20190724_hrrrt22_idw,5.0,0.98,27.948863983154297,21.044450759887695,0.25825461745262146,0.27772578597068787,0.12014188006234883
20190724_hrrrt22_ordinary_kriging,5.0,0.98,30.581966400146484,23.52029800415039,0.2782709300518036,0.3102656900882721,0.12298807830638003
20190724_hrrrt22_pk,5.0,0.98,67.95480346679688,55.94941711425781,0.32540446519851685,0.19636565446853638,0.3906357821997944
20190725_hrrrt18_npk,10.0,0.98,70.5748519897461,58.650123596191406,0.29261496663093567,0.24930106103420258,0.2746663494168775
20190725_hrrrt18_idw,10.0,0.98,17.33478355407715,12.76918888092041,0.1258120834827423,0.2975177764892578,0.07978256687828383
20190725_hrrrt18_ordinary_kriging,10.0,0.98,21.86173439025879,16.774070739746094,0.1434570848941803,0.2034100890159607,0.08489618738337747
20190725_hrrrt18_pk,10.0,0.98,57.94410705566406,44.828956604003906,0.22349873185157776,0.2094816118478775,0.2354870562997408
20190725_hrrrt18_npk,1.0,0.98,119.87010955810547,111.49950408935547,0.547824501991272,0.5501771569252014,0.3261844338988945
20190725_hrrrt18_idw,1.0,0.98,23.003210067749023,17.508628845214844,0.14447255432605743,0.5883392095565796,0.09192571857248887
20190725_hrrrt18_ordinary_kriging,1.0,0.98,25.586469650268555,20.06878662109375,0.15809611976146698,0.4963892102241516,0.08729960034334651
20190725_hrrrt18_pk,1.0,0.98,100.05243682861328,88.87645721435547,0.43921396136283875,0.5046827793121338,0.3121442275553975
20190725_hrrrt18_npk,20.0,0.98,12.618664741516113,9.093988418579102,0.05126431584358215,0.01764860935509205,0.05700015218889686
20190725_hrrrt18_idw,20.0,0.98,18.120161056518555,12.964601516723633,0.13692829012870789,0.17072293162345886,0.07580196937897972
20190725_hrrrt18_ordinary_kriging,20.0,0.98,22.2198429107666,16.86939239501953,0.15473532676696777,0.1576080620288849,0.08671121773126689
20190725_hrrrt18_pk,20.0,0.98,11.174290657043457,7.844522953033447,0.043928325176239014,0.01706613041460514,0.06034476102389
20190725_hrrrt18_npk,30.0,0.98,5.416733741760254,3.9476988315582275,0.019692158326506615,0.007199049927294254,0.012398386530555618
20190725_hrrrt18_idw,30.0,0.98,15.776198387145996,10.859135627746582,0.06328202784061432,0.15499816834926605,0.06611935090881133
20190725_hrrrt18_ordinary_kriging,30.0,0.98,22.546348571777344,17.20536994934082,0.09411349892616272,0.17141416668891907,0.08127736163957304
20190725_hrrrt18_pk,30.0,0.98,5.587707042694092,4.1042585372924805,0.02054932527244091,0.008421149104833603,0.015214168838060427
20190725_hrrrt18_npk,5.0,0.98,61.887264251708984,53.62795639038086,0.26874351501464844,0.21956749260425568,0.23086084721344027
20190725_hrrrt18_idw,5.0,0.98,23.68804168701172,17.912641525268555,0.15890341997146606,0.34916436672210693,0.08750623694288477
20190725_hrrrt18_ordinary_kriging,5.0,0.98,26.029767990112305,20.378725051879883,0.172017902135849,0.29565227031707764,0.09497545983198093
20190725_hrrrt18_pk,5.0,0.98,55.272552490234375,45.29023361206055,0.23347817361354828,0.1736818552017212,0.2291481209012816
20190730_hrrrt17_npk,10.0,0.98,67.97245788574219,55.87388229370117,0.2916712462902069,0.2327926754951477,0.29330853694298664
20190730_hrrrt17_idw,10.0,0.98,12.43899154663086,8.197993278503418,0.15424631536006927,0.22260110080242157,0.06762148476270036
20190730_hrrrt17_ordinary_kriging,10.0,0.98,21.629873275756836,16.29943084716797,0.20679502189159393,0.28276100754737854,0.09335183531117415
20190730_hrrrt17_pk,10.0,0.98,65.31842803955078,52.04997253417969,0.2754794657230377,0.2192975878715515,0.2873832112147943
20190730_hrrrt17_npk,1.0,0.98,112.14437103271484,106.17308044433594,0.5419416427612305,0.5311228632926941,0.3256583585786091
20190730_hrrrt17_idw,1.0,0.98,22.42630958557129,16.514299392700195,0.2001059204339981,0.5623358488082886,0.09961985291953332
20190730_hrrrt17_ordinary_kriging,1.0,0.98,26.125446319580078,19.508874893188477,0.2171056568622589,0.5317901372909546,0.0954576111118751
20190730_hrrrt17_pk,1.0,0.98,88.80516815185547,80.89385223388672,0.4241972863674164,0.482198029756546,0.2934176156888902
20190730_hrrrt17_npk,20.0,0.98,14.92505931854248,10.451632499694824,0.05635449290275574,0.025459304451942444,0.05489019089232498
20190730_hrrrt17_idw,20.0,0.98,12.379785537719727,7.721086502075195,0.17013193666934967,0.14239411056041718,0.06486183126355954
20190730_hrrrt17_ordinary_kriging,20.0,0.98,21.292713165283203,15.55477523803711,0.2222851663827896,0.203764408826828,0.088795561008548
20190730_hrrrt17_pk,20.0,0.98,17.837345123291016,11.466110229492188,0.0670001432299614,0.03271283954381943,0.07615196745640052
20190730_hrrrt17_npk,30.0,0.98,5.680534839630127,4.395397663116455,0.028286149725317955,0.015528804622590542,0.021142056853661616
20190730_hrrrt17_idw,30.0,0.98,12.867133140563965,8.14051628112793,0.19181719422340393,0.12782694399356842,0.06880931007725931
20190730_hrrrt17_ordinary_kriging,30.0,0.98,20.882299423217773,15.497907638549805,0.23668956756591797,0.20512932538986206,0.08526562943525437
20190730_hrrrt17_pk,30.0,0.98,5.454019546508789,4.3168134689331055,0.029735449701547623,0.006518446374684572,0.010573504277042848
20190730_hrrrt17_npk,5.0,0.98,75.47303009033203,63.46634292602539,0.33542507886886597,0.22937829792499542,0.3630515413697706
20190730_hrrrt17_idw,5.0,0.98,19.505393981933594,14.26156234741211,0.18924619257450104,0.2554956376552582,0.08720506291279793
20190730_hrrrt17_ordinary_kriging,5.0,0.98,24.23114776611328,18.392601013183594,0.2232014238834381,0.26928070187568665,0.09818146648227037
20190730_hrrrt17_pk,5.0,0.98,75.86323547363281,60.22071838378906,0.3272072672843933,0.22909529507160187,0.3845851780297049
20190731_hrrrt19_npk,10.0,0.98,69.36369323730469,56.74423599243164,0.2972516417503357,0.2380129098892212,0.3211592070857863
20190731_hrrrt19_idw,10.0,0.98,17.442190170288086,12.816924095153809,0.13561390340328217,0.22532126307487488,0.09533547359704292
20190731_hrrrt19_ordinary_kriging,10.0,0.98,27.50779151916504,21.640357971191406,0.18437480926513672,0.26381897926330566,0.11754856622089035
20190731_hrrrt19_pk,10.0,0.98,46.58797073364258,36.99971389770508,0.19564487040042877,0.12863412499427795,0.217205345000279
20190731_hrrrt19_npk,1.0,0.98,125.1299819946289,115.6898422241211,0.5799148678779602,0.5842838287353516,0.39363732510214694
20190731_hrrrt19_idw,1.0,0.98,27.163347244262695,21.085060119628906,0.17969423532485962,0.5821694135665894,0.12232055822168633
20190731_hrrrt19_ordinary_kriging,1.0,0.98,28.035369873046875,21.74580955505371,0.1833149939775467,0.5487638115882874,0.12245963261519456
20190731_hrrrt19_pk,1.0,0.98,91.6987075805664,80.37944793701172,0.4085729122161865,0.48585638403892517,0.3287833047968683
20190731_hrrrt19_npk,20.0,0.98,15.550532341003418,10.206591606140137,0.061303362250328064,0.02801549807190895,0.07182081044266539
20190731_hrrrt19_idw,20.0,0.98,17.00774383544922,12.283796310424805,0.13923873007297516,0.1169930025935173,0.08850328817449615
20190731_hrrrt19_ordinary_kriging,20.0,0.98,26.624584197998047,20.811717987060547,0.18444016575813293,0.17370736598968506,0.11172574005812308
20190731_hrrrt19_pk,20.0,0.98,16.144922256469727,10.44715690612793,0.05905447527766228,0.024763623252511024,0.0816810048001165
20190731_hrrrt19_npk,30.0,0.98,5.8394670486450195,4.37900972366333,0.023183373734354973,0.012632505036890507,0.033049072831100784
20190731_hrrrt19_idw,30.0,0.98,15.339736938476562,10.415620803833008,0.06896998733282089,0.10306672006845474,0.08328620147926993
20190731_hrrrt19_ordinary_kriging,30.0,0.98,26.988039016723633,21.375173568725586,0.12456148862838745,0.19310036301612854,0.10667155694722301
20190731_hrrrt19_pk,30.0,0.98,5.661232948303223,4.241189479827881,0.022171102464199066,0.014905675314366817,0.03253126475301495
20190731_hrrrt19_npk,5.0,0.98,67.683349609375,59.87975311279297,0.3186635375022888,0.2041587233543396,0.31548649831488373
20190731_hrrrt19_idw,5.0,0.98,27.184484481811523,20.148252487182617,0.18349407613277435,0.29445892572402954,0.11386145423178431
20190731_hrrrt19_ordinary_kriging,5.0,0.98,31.608428955078125,24.776206970214844,0.20799455046653748,0.24811580777168274,0.1211964632941254
20190731_hrrrt19_pk,5.0,0.98,62.37629699707031,50.51961135864258,0.2711338400840759,0.16313594579696655,0.32596494801740944
20190731_hrrrt22_npk,10.0,0.98,68.75472259521484,56.484676361083984,0.29199251532554626,0.2532016932964325,0.31870050620285123
20190731_hrrrt22_idw,10.0,0.98,18.59358024597168,14.052074432373047,0.13609763979911804,0.2936174273490906,0.10441276399564962
20190731_hrrrt22_ordinary_kriging,10.0,0.98,28.457569122314453,23.466503143310547,0.1858997493982315,0.23384524881839752,0.12422633493070112
20190731_hrrrt22_pk,10.0,0.98,53.83266830444336,43.348087310791016,0.22473587095737457,0.17963139712810516,0.2442523448706334
20190731_hrrrt22_npk,1.0,0.98,118.52794647216797,108.94280242919922,0.5423009395599365,0.53067547082901,0.33227971266256456
20190731_hrrrt22_idw,1.0,0.98,30.803306579589844,23.191814422607422,0.1904214471578598,0.630245566368103,0.12569101438922226
20190731_hrrrt22_ordinary_kriging,1.0,0.98,30.728546142578125,23.899900436401367,0.1953817754983902,0.5434610843658447,0.12988848723018842
20190731_hrrrt22_pk,1.0,0.98,99.14202880859375,86.11886596679688,0.4365982711315155,0.5299321413040161,0.36416796702858034
20190731_hrrrt22_npk,20.0,0.98,14.706351280212402,9.455294609069824,0.0554170161485672,0.026555629447102547,0.08682237899666481
20190731_hrrrt22_idw,20.0,0.98,18.65372657775879,14.085444450378418,0.14242693781852722,0.1648080050945282,0.09687767119424114
20190731_hrrrt22_ordinary_kriging,20.0,0.98,28.825794219970703,23.940189361572266,0.1936119645833969,0.16874372959136963,0.11979358527378942
20190731_hrrrt22_pk,20.0,0.98,11.637486457824707,8.15772533416748,0.04882095381617546,0.020725909620523453,0.06593445786247441
20190731_hrrrt22_npk,30.0,0.98,6.505951404571533,4.6732916831970215,0.024724265560507774,0.014058716595172882,0.030517199899283656
20190731_hrrrt22_idw,30.0,0.98,16.008365631103516,11.015341758728027,0.06548840552568436,0.13309499621391296,0.08183420863160645
20190731_hrrrt22_ordinary_kriging,30.0,0.98,26.074649810791016,20.88458824157715,0.1149258017539978,0.16499044001102448,0.10546762820093052
20190731_hrrrt22_pk,30.0,0.98,6.424159526824951,4.595815181732178,0.02414003200829029,0.012572557665407658,0.029477882161058466
20190731_hrrrt22_npk,5.0,0.98,65.75924682617188,55.264644622802734,0.2965633273124695,0.21866169571876526,0.33225445645727886
20190731_hrrrt22_idw,5.0,0.98,31.661184310913086,22.88129425048828,0.19835133850574493,0.3511396646499634,0.12742634808103417
20190731_hrrrt22_ordinary_kriging,5.0,0.98,34.222320556640625,26.312692642211914,0.2164420336484909,0.24640530347824097,0.13014703935845778
20190731_hrrrt22_pk,5.0,0.98,64.26252746582031,51.42710494995117,0.27373790740966797,0.23890915513038635,0.3150938401351915
20190802_hrrrt17_npk,10.0,0.98,27.23040008544922,22.534038543701172,0.17972874641418457,0.06456713378429413,0.26840885551927185
20190802_hrrrt17_idw,10.0,0.98,33.77827835083008,27.49335479736328,0.28839418292045593,0.2676793336868286,0.20641297137698886
20190802_hrrrt17_ordinary_kriging,10.0,0.98,47.250274658203125,38.84431838989258,0.4238932430744171,0.2236228734254837,0.27001167252557573
20190802_hrrrt17_pk,10.0,0.98,20.78119659423828,16.65019989013672,0.14054614305496216,0.05116038769483566,0.24665130433473537
20190802_hrrrt17_npk,1.0,0.98,77.78170013427734,62.08061981201172,0.3908482789993286,0.36894336342811584,0.21016125075571807
20190802_hrrrt17_idw,1.0,0.98,49.265769958496094,39.697486877441406,0.41604113578796387,0.5660847425460815,0.2594318158526028
20190802_hrrrt17_ordinary_kriging,1.0,0.98,56.617034912109375,47.3239631652832,0.5059537291526794,0.4467233121395111,0.29581908111130595
20190802_hrrrt17_pk,1.0,0.98,51.442378997802734,38.948612213134766,0.25664466619491577,0.2183118313550949,0.12791738665353408
20190802_hrrrt17_npk,20.0,0.98,12.145617485046387,9.498931884765625,0.0773787796497345,0.02288898453116417,0.10673892467815886
20190802_hrrrt17_idw,20.0,0.98,14.688652038574219,11.38602352142334,0.15953782200813293,0.11261609941720963,0.15901599777511694
20190802_hrrrt17_ordinary_kriging,20.0,0.98,18.235431671142578,13.617332458496094,0.16820302605628967,0.1141856461763382,0.1653391811729352
20190802_hrrrt17_pk,20.0,0.98,11.137619972229004,8.68647575378418,0.07159044593572617,0.015529746189713478,0.13504895186664692
20190802_hrrrt17_npk,30.0,0.98,7.333174705505371,5.723152160644531,0.04895330220460892,0.01728842779994011,0.06597079560957908
20190802_hrrrt17_idw,30.0,0.98,16.10104751586914,12.267434120178223,0.17375780642032623,0.08992714434862137,0.165686532986477
20190802_hrrrt17_ordinary_kriging,30.0,0.98,12.90569019317627,8.955020904541016,0.1316055953502655,0.09715315699577332,0.11747084689169054
20190802_hrrrt17_pk,30.0,0.98,7.798277854919434,5.955580234527588,0.048460379242897034,0.021816764026880264,0.04707372834626689
20190802_hrrrt17_npk,5.0,0.98,33.486812591552734,27.569629669189453,0.21714650094509125,0.08343220502138138,0.3176600249667429
20190802_hrrrt17_idw,5.0,0.98,43.534828186035156,34.89542770385742,0.3694773018360138,0.3497183620929718,0.25161981994514787
20190802_hrrrt17_ordinary_kriging,5.0,0.98,54.227867126464844,45.27466583251953,0.488063782453537,0.24582816660404205,0.28983649201802614
20190802_hrrrt17_pk,5.0,0.98,34.728118896484375,27.565052032470703,0.24725838005542755,0.09631969034671783,0.4025268412288757
20190806_hrrrt22_npk,10.0,0.98,73.01265716552734,59.818824768066406,0.37614569067955017,0.26600515842437744,0.40679047353874603
20190806_hrrrt22_idw,10.0,0.98,15.492581367492676,10.611879348754883,0.11743275821208954,0.22460900247097015,0.09974185911540787
20190806_hrrrt22_ordinary_kriging,10.0,0.98,31.1430721282959,22.008136749267578,0.23070493340492249,0.2225390374660492,0.1765527622219565
20190806_hrrrt22_pk,10.0,0.98,49.46724319458008,39.55939483642578,0.2567581534385681,0.1396629810333252,0.26917603839592524
20190806_hrrrt22_npk,1.0,0.98,90.0026626586914,81.98200225830078,0.46601322293281555,0.44206786155700684,0.21266920899314679
20190806_hrrrt22_idw,1.0,0.98,36.061279296875,22.435157775878906,0.2577812075614929,0.5476325750350952,0.19146727478228873
20190806_hrrrt22_ordinary_kriging,1.0,0.98,41.09165573120117,26.837770462036133,0.2940136790275574,0.5678630471229553,0.2030142488147166
20190806_hrrrt22_pk,1.0,0.98,82.75773620605469,68.75785064697266,0.40411654114723206,0.5090292692184448,0.31624971077941216
20190806_hrrrt22_npk,20.0,0.98,14.371068954467773,10.595361709594727,0.10285894572734833,0.05778466537594795,0.036411624648514
20190806_hrrrt22_idw,20.0,0.98,17.09607696533203,9.790051460266113,0.13475723564624786,0.10375145822763443,0.1311612516429861
20190806_hrrrt22_ordinary_kriging,20.0,0.98,22.303131103515625,14.589868545532227,0.1827688217163086,0.14915519952774048,0.1411076046276192
20190806_hrrrt22_pk,20.0,0.98,17.797861099243164,13.180854797363281,0.12034015357494354,0.07418384402990341,0.04049306973757089
20190806_hrrrt22_npk,30.0,0.98,12.581907272338867,8.32112979888916,0.09611387550830841,0.05729621648788452,0.043600728328019187
20190806_hrrrt22_idw,30.0,0.98,19.320581436157227,11.687238693237305,0.16081057488918304,0.09109989553689957,0.13878387313236556
20190806_hrrrt22_ordinary_kriging,30.0,0.98,20.8325252532959,12.645397186279297,0.17510509490966797,0.13673922419548035,0.13191072639315407
20190806_hrrrt22_pk,30.0,0.98,11.943146705627441,7.581497669219971,0.09682102501392365,0.05005462095141411,0.0543294981157782
20190806_hrrrt22_npk,5.0,0.98,66.88687896728516,57.29265213012695,0.3546242415904999,0.25237956643104553,0.344940538907462
20190806_hrrrt22_idw,5.0,0.98,31.503612518310547,18.565519332885742,0.22796373069286346,0.26436883211135864,0.18071385582746077
20190806_hrrrt22_ordinary_kriging,5.0,0.98,41.01210403442383,27.957347869873047,0.3021359145641327,0.31784793734550476,0.2019991873524705
20190806_hrrrt22_pk,5.0,0.98,55.09048080444336,44.62834548950195,0.2820417284965515,0.18031711876392365,0.31276121429458403
20190808_hrrrt21_npk,10.0,0.98,37.189971923828125,26.79387092590332,0.2855137586593628,0.1071796640753746,0.2352264421863629
20190808_hrrrt21_idw,10.0,0.98,23.615604400634766,18.62164306640625,0.26847925782203674,0.27769583463668823,0.2765870341734716
20190808_hrrrt21_ordinary_kriging,10.0,0.98,14.73514461517334,9.982099533081055,0.15555258095264435,0.13417309522628784,0.055147645847708184
20190808_hrrrt21_pk,10.0,0.98,31.17092514038086,23.117647171020508,0.25514885783195496,0.09125377237796783,0.15219371222569822
20190808_hrrrt21_npk,1.0,0.98,43.8970947265625,34.97337341308594,0.36832717061042786,0.28880637884140015,0.1837446827198748
20190808_hrrrt21_idw,1.0,0.98,28.465553283691406,23.536243438720703,0.35143566131591797,0.5951980352401733,0.28872223535252645
20190808_hrrrt21_ordinary_kriging,1.0,0.98,34.642757415771484,29.185157775878906,0.40810927748680115,0.4502287805080414,0.31507298038777254
20190808_hrrrt21_pk,1.0,0.98,31.48480224609375,25.487411499023438,0.3047448396682739,0.21630868315696716,0.18165592590789736
20190808_hrrrt21_npk,20.0,0.98,14.583035469055176,10.545926094055176,0.13050951063632965,0.052568309009075165,0.10267203385792363
20190808_hrrrt21_idw,20.0,0.98,20.1624698638916,13.500457763671875,0.20374302566051483,0.1831524670124054,0.24069292060776487
20190808_hrrrt21_ordinary_kriging,20.0,0.98,15.295402526855469,9.487946510314941,0.1547105461359024,0.12289406359195709,0.1706214862384166
20190808_hrrrt21_pk,20.0,0.98,18.558473587036133,12.758111000061035,0.1553160548210144,0.05168578773736954,0.17237079811526318
20190808_hrrrt21_npk,30.0,0.98,11.94840145111084,7.978382110595703,0.09099703282117844,0.03051196038722992,0.031374755184043444
20190808_hrrrt21_idw,30.0,0.98,12.413901329040527,8.322524070739746,0.12295564264059067,0.12659987807273865,0.15155659879672334
20190808_hrrrt21_ordinary_kriging,30.0,0.98,10.728178024291992,6.775104522705078,0.1004805713891983,0.1083127111196518,0.09025617533444501
20190808_hrrrt21_pk,30.0,0.98,10.221590042114258,7.017621040344238,0.08054987341165543,0.03120901808142662,0.05262899101952701
20190808_hrrrt21_npk,5.0,0.98,33.09425354003906,24.22970199584961,0.2693416476249695,0.1058836504817009,0.2624222982741295
20190808_hrrrt21_idw,5.0,0.98,29.689022064208984,24.50231170654297,0.34917667508125305,0.29463329911231995,0.27557780013225947
20190808_hrrrt21_ordinary_kriging,5.0,0.98,29.020366668701172,23.753597259521484,0.34114599227905273,0.16394568979740143,0.28821572994039174
20190808_hrrrt21_pk,5.0,0.98,30.588842391967773,24.202054977416992,0.2786940634250641,0.11997296661138535,0.04827281573630947
20190813_hrrrt19_npk,10.0,0.98,52.46337127685547,41.42961883544922,0.2526401877403259,0.11990860104560852,0.2280124843021447
20190813_hrrrt19_idw,10.0,0.98,21.4714412689209,16.892595291137695,0.21235986053943634,0.24968475103378296,0.1110942241255107
20190813_hrrrt19_ordinary_kriging,10.0,0.98,24.409021377563477,19.651748657226562,0.23087134957313538,0.30619221925735474,0.1142397987798616
20190813_hrrrt19_pk,10.0,0.98,37.92755889892578,29.21473503112793,0.1797560602426529,0.07431723922491074,0.16012172702301994
20190813_hrrrt19_npk,1.0,0.98,99.65357208251953,91.69132232666016,0.5316247940063477,0.4377290606498718,0.3272564871780428
20190813_hrrrt19_idw,1.0,0.98,23.644264221191406,19.009368896484375,0.21986638009548187,0.5535109043121338,0.11821364720949835
20190813_hrrrt19_ordinary_kriging,1.0,0.98,24.404146194458008,19.981508255004883,0.22468307614326477,0.4714427888393402,0.10865504235655991
20190813_hrrrt19_pk,1.0,0.98,82.88971710205078,70.773681640625,0.4125112295150757,0.36747655272483826,0.359233427586103
20190813_hrrrt19_npk,20.0,0.98,17.436138153076172,13.354287147521973,0.09598404914140701,0.0470229871571064,0.08501109840370487
20190813_hrrrt19_idw,20.0,0.98,21.465856552124023,16.582849502563477,0.22475308179855347,0.14422295987606049,0.10818105358532877
20190813_hrrrt19_ordinary_kriging,20.0,0.98,25.118667602539062,20.509918212890625,0.2518768310546875,0.2525647282600403,0.11451260803187195
20190813_hrrrt19_pk,20.0,0.98,13.04118824005127,10.334725379943848,0.07058743387460709,0.027333799749612808,0.04439469952129023
20190813_hrrrt19_npk,30.0,0.98,10.332090377807617,7.655857563018799,0.05947994440793991,0.030297689139842987,0.041974681662481035
20190813_hrrrt19_idw,30.0,0.98,16.974599838256836,12.574267387390137,0.20663726329803467,0.1326901912689209,0.09436734331163306
20190813_hrrrt19_ordinary_kriging,30.0,0.98,19.172698974609375,14.682356834411621,0.21417133510112762,0.1799815595149994,0.09857356301778672
20190813_hrrrt19_pk,30.0,0.98,11.427948951721191,8.388766288757324,0.05447797104716301,0.0357755571603775,0.0473359099367776
20190813_hrrrt19_npk,5.0,0.98,57.5106315612793,47.20246505737305,0.28410542011260986,0.12944746017456055,0.2647055000392863
20190813_hrrrt19_idw,5.0,0.98,23.437021255493164,18.885406494140625,0.22364915907382965,0.293697327375412,0.1131668457653532
20190813_hrrrt19_ordinary_kriging,5.0,0.98,27.760677337646484,22.64337158203125,0.24863290786743164,0.38136929273605347,0.11881586925601761
20190813_hrrrt19_pk,5.0,0.98,61.648170471191406,47.57722473144531,0.2797553837299347,0.11564949154853821,0.29642825229685693
20190813_hrrrt20_npk,10.0,0.98,54.6847038269043,41.66069793701172,0.24017897248268127,0.11120885610580444,0.25288728314481573
20190813_hrrrt20_idw,10.0,0.98,21.284561157226562,16.50800132751465,0.2344018518924713,0.25628310441970825,0.10693125974755631
20190813_hrrrt20_ordinary_kriging,10.0,0.98,23.788599014282227,19.0366153717041,0.24784612655639648,0.3057407736778259,0.11058599446301
20190813_hrrrt20_pk,10.0,0.98,47.4036865234375,34.97001647949219,0.20611736178398132,0.09629624336957932,0.21200245084301383
20190813_hrrrt20_npk,1.0,0.98,88.25540161132812,80.44477081298828,0.4669339954853058,0.39353543519973755,0.24138461345259896
20190813_hrrrt20_idw,1.0,0.98,23.3280086517334,18.559911727905273,0.23813781142234802,0.5524068474769592,0.11458531882431328
20190813_hrrrt20_ordinary_kriging,1.0,0.98,24.879962921142578,20.2630672454834,0.24804717302322388,0.4749715328216553,0.10433075717754865
20190813_hrrrt20_pk,1.0,0.98,76.4552230834961,66.1546859741211,0.3837915360927582,0.3862563669681549,0.2575873020454969
20190813_hrrrt20_npk,20.0,0.98,17.18147087097168,13.150442123413086,0.08845923840999603,0.054970983415842056,0.04927080355500438
20190813_hrrrt20_idw,20.0,0.98,21.20893669128418,16.398229598999023,0.24976885318756104,0.15333899855613708,0.10541549997306314
20190813_hrrrt20_ordinary_kriging,20.0,0.98,24.8355712890625,20.266096115112305,0.2748008966445923,0.2618059515953064,0.11147397981829532
20190813_hrrrt20_pk,20.0,0.98,15.127979278564453,12.149052619934082,0.08737502992153168,0.048127997666597366,0.041203430582174426
20190813_hrrrt20_npk,30.0,0.98,14.356380462646484,10.516387939453125,0.07589590549468994,0.043745141476392746,0.05763470632132973
20190813_hrrrt20_idw,30.0,0.98,17.601478576660156,12.911785125732422,0.24009549617767334,0.13718244433403015,0.09472565309200309
20190813_hrrrt20_ordinary_kriging,30.0,0.98,22.62247085571289,17.915620803833008,0.2648656666278839,0.2175445854663849,0.10417201548276567
20190813_hrrrt20_pk,30.0,0.98,11.921627044677734,8.843245506286621,0.06692380458116531,0.043600983917713165,0.05832921762440853
20190813_hrrrt20_npk,5.0,0.98,56.354000091552734,45.936279296875,0.27038639783859253,0.11379414051771164,0.2634667591302106
20190813_hrrrt20_idw,5.0,0.98,23.98404884338379,19.1251277923584,0.2506137788295746,0.30223917961120605,0.10981062168615571
20190813_hrrrt20_ordinary_kriging,5.0,0.98,27.644756317138672,22.528520584106445,0.26941347122192383,0.37849414348602295,0.11476973886070328
20190813_hrrrt20_pk,5.0,0.98,58.9107551574707,44.946983337402344,0.2611415386199951,0.11198441684246063,0.2896994498217183
20190815_hrrrt23_npk,10.0,0.98,46.502891540527344,37.33930206298828,0.22852998971939087,0.2451905906200409,0.25198773742241665
20190815_hrrrt23_idw,10.0,0.98,32.116790771484375,26.193923950195312,0.22995802760124207,0.42812779545783997,0.18400631413842675
20190815_hrrrt23_ordinary_kriging,10.0,0.98,45.25027084350586,38.54515838623047,0.3268132507801056,0.4333943724632263,0.22144368335212905
20190815_hrrrt23_pk,10.0,0.98,35.90887451171875,28.6287841796875,0.17545616626739502,0.23010826110839844,0.16909249487462807
20190815_hrrrt23_npk,1.0,0.98,91.31182861328125,78.12203979492188,0.4365089237689972,0.36349573731422424,0.23914208594572095
20190815_hrrrt23_idw,1.0,0.98,40.45378875732422,34.446006774902344,0.276721328496933,0.6740991473197937,0.19518259477344285
20190815_hrrrt23_ordinary_kriging,1.0,0.98,45.44859313964844,37.1637077331543,0.31225836277008057,0.4765535593032837,0.21624267888398505
20190815_hrrrt23_pk,1.0,0.98,65.93978881835938,56.23903274536133,0.327851802110672,0.27243539690971375,0.26639956935515346
20190815_hrrrt23_npk,20.0,0.98,20.589488983154297,13.890448570251465,0.09118638187646866,0.12288082391023636,0.08391887052889878
20190815_hrrrt23_idw,20.0,0.98,27.656885147094727,20.696369171142578,0.19669336080551147,0.2584651708602905,0.17655487239071832
20190815_hrrrt23_ordinary_kriging,20.0,0.98,41.63139343261719,35.517242431640625,0.29845643043518066,0.30870893597602844,0.2129493740575039
20190815_hrrrt23_pk,20.0,0.98,23.126379013061523,16.010921478271484,0.10062697529792786,0.11296592652797699,0.054382957676379046
20190815_hrrrt23_npk,30.0,0.98,14.418167114257812,10.171547889709473,0.06581456959247589,0.07682796567678452,0.08350151666184415
20190815_hrrrt23_idw,30.0,0.98,24.51776885986328,18.105648040771484,0.18153506517410278,0.1912628412246704,0.16339245039506736
20190815_hrrrt23_ordinary_kriging,30.0,0.98,40.29758834838867,34.06729507446289,0.2844711244106293,0.23105323314666748,0.20063591680116724
20190815_hrrrt23_pk,30.0,0.98,13.658019065856934,9.678047180175781,0.06639030575752258,0.0616045743227005,0.06118921134530572
20190815_hrrrt23_npk,5.0,0.98,58.607582092285156,48.561920166015625,0.30264246463775635,0.2890782952308655,0.37282830473169115
20190815_hrrrt23_idw,5.0,0.98,39.90688705444336,33.82271194458008,0.2863355278968811,0.4910455346107483,0.20579260480103415
20190815_hrrrt23_ordinary_kriging,5.0,0.98,48.25825881958008,40.69449996948242,0.34584417939186096,0.4171363413333893,0.22525544795383748
20190815_hrrrt23_pk,5.0,0.98,46.583580017089844,38.01622772216797,0.24579225480556488,0.22911801934242249,0.3044128803675244
20190817_hrrrt18_npk,10.0,0.98,30.031869888305664,23.53566551208496,0.20102646946907043,0.11878181993961334,0.32200215005033467
20190817_hrrrt18_idw,10.0,0.98,27.57164764404297,22.41876792907715,0.2386072278022766,0.3638345003128052,0.20265302070173602
20190817_hrrrt18_ordinary_kriging,10.0,0.98,48.40705108642578,39.62652587890625,0.4716396927833557,0.26334214210510254,0.3113275721069897
20190817_hrrrt18_pk,10.0,0.98,25.583158493041992,19.93832015991211,0.1700994074344635,0.11093072593212128,0.2698438337741351
20190817_hrrrt18_npk,1.0,0.98,70.51753234863281,59.38017654418945,0.4237693250179291,0.2456238567829132,0.29739359364060725
20190817_hrrrt18_idw,1.0,0.98,64.75157928466797,54.61686325073242,0.5880545973777771,0.5667733550071716,0.2700773413938648
20190817_hrrrt18_ordinary_kriging,1.0,0.98,75.48795318603516,64.974853515625,0.7518312931060791,0.5525225400924683,0.34193280982299795
20190817_hrrrt18_pk,1.0,0.98,45.75172805786133,36.651180267333984,0.27937042713165283,0.17620955407619476,0.17580460945485168
20190817_hrrrt18_npk,20.0,0.98,16.75661849975586,11.533109664916992,0.09324386715888977,0.08968719094991684,0.0980362821907666
20190817_hrrrt18_idw,20.0,0.98,17.822044372558594,14.007933616638184,0.17652134597301483,0.1647026091814041,0.20037156298367992
20190817_hrrrt18_ordinary_kriging,20.0,0.98,21.6375675201416,16.543790817260742,0.20205199718475342,0.11316831409931183,0.20806351804867107
20190817_hrrrt18_pk,20.0,0.98,18.174785614013672,12.79312515258789,0.10202625393867493,0.06333263218402863,0.12872998482762155
20190817_hrrrt18_npk,30.0,0.98,10.82470989227295,8.137377738952637,0.07330285757780075,0.06524095684289932,0.067598399161022
20190817_hrrrt18_idw,30.0,0.98,18.26447296142578,14.27231502532959,0.18546119332313538,0.1129329577088356,0.20036483889695336
20190817_hrrrt18_ordinary_kriging,30.0,0.98,19.019268035888672,13.767434120178223,0.17826123535633087,0.08085471391677856,0.18779465256934166
20190817_hrrrt18_pk,30.0,0.98,10.688590049743652,7.723201274871826,0.06550601124763489,0.04610209912061691,0.07377473814707527
20190817_hrrrt18_npk,5.0,0.98,31.69363021850586,24.824254989624023,0.1982472836971283,0.12452555447816849,0.3111494432527179
20190817_hrrrt18_idw,5.0,0.98,38.421043395996094,30.944759368896484,0.3629634976387024,0.4220421016216278,0.2801820550744445
20190817_hrrrt18_ordinary_kriging,5.0,0.98,54.113525390625,44.69321823120117,0.5343570113182068,0.32155081629753113,0.33363289595677553
20190817_hrrrt18_pk,5.0,0.98,27.855077743530273,21.64836311340332,0.19244502484798431,0.11129386723041534,0.32209538359319656
20190817_hrrrt23_npk,10.0,0.98,56.709476470947266,47.318687438964844,0.3008279800415039,0.20605897903442383,0.3863481896466938
20190817_hrrrt23_idw,10.0,0.98,25.5909481048584,20.109031677246094,0.18555764853954315,0.34640932083129883,0.1545556527350722
20190817_hrrrt23_ordinary_kriging,10.0,0.98,42.260990142822266,34.20178985595703,0.3032206892967224,0.29056626558303833,0.2130902015336379
20190817_hrrrt23_pk,10.0,0.98,38.609066009521484,30.571958541870117,0.19306765496730804,0.16890542209148407,0.24618814001219252
20190817_hrrrt23_npk,1.0,0.98,97.95365905761719,86.42036437988281,0.4963914752006531,0.38790765404701233,0.3999815091739405
20190817_hrrrt23_idw,1.0,0.98,43.4121208190918,34.283775329589844,0.29503297805786133,0.578000545501709,0.18471657740929187
20190817_hrrrt23_ordinary_kriging,1.0,0.98,50.92362594604492,39.97140121459961,0.35381895303726196,0.45099765062332153,0.222379856358199
20190817_hrrrt23_pk,1.0,0.98,75.12532043457031,64.40461730957031,0.38656193017959595,0.35480815172195435,0.38953485449769887
20190817_hrrrt23_npk,20.0,0.98,17.40863037109375,12.914555549621582,0.08144788444042206,0.08966494351625443,0.0670856637700427
20190817_hrrrt23_idw,20.0,0.98,19.57362937927246,14.585597038269043,0.15365232527256012,0.18479901552200317,0.14638999168010355
20190817_hrrrt23_ordinary_kriging,20.0,0.98,28.005159378051758,22.528837203979492,0.2094663679599762,0.1494223177433014,0.17741889785125994
20190817_hrrrt23_pk,20.0,0.98,17.274991989135742,12.839061737060547,0.08031061291694641,0.0760444700717926,0.07050387024123611
20190817_hrrrt23_npk,30.0,0.98,12.795162200927734,8.537656784057617,0.056789953261613846,0.068435899913311,0.015520477320383542
20190817_hrrrt23_idw,30.0,0.98,19.40450668334961,15.365411758422852,0.16098634898662567,0.14893338084220886,0.1444263216416271
20190817_hrrrt23_ordinary_kriging,30.0,0.98,22.14250373840332,17.293933868408203,0.17176787555217743,0.11717516928911209,0.1498169002133519
20190817_hrrrt23_pk,30.0,0.98,14.124654769897461,9.476505279541016,0.06161414831876755,0.054781317710876465,0.03924272438036489
20190817_hrrrt23_npk,5.0,0.98,42.86447525024414,36.53134536743164,0.23864874243736267,0.19632071256637573,0.3045453689032612
20190817_hrrrt23_idw,5.0,0.98,37.881980895996094,30.151336669921875,0.26495036482810974,0.3853825330734253,0.19567043310222473
20190817_hrrrt23_ordinary_kriging,5.0,0.98,48.212276458740234,38.95246505737305,0.3415051996707916,0.33994972705841064,0.22302469404730657
20190817_hrrrt23_pk,5.0,0.98,37.168575286865234,30.38923454284668,0.20604607462882996,0.1792602390050888,0.2888274878320689
20190819_hrrrt20_npk,10.0,0.98,55.520870208740234,44.73854064941406,0.24806296825408936,0.167018324136734,0.2972008955651874
20190819_hrrrt20_idw,10.0,0.98,20.564695358276367,15.200162887573242,0.16634422540664673,0.21473602950572968,0.10422996701558723
20190819_hrrrt20_ordinary_kriging,10.0,0.98,33.75410842895508,27.34418296813965,0.2503214180469513,0.31175270676612854,0.14178579939498484
20190819_hrrrt20_pk,10.0,0.98,42.64882278442383,34.152198791503906,0.19259825348854065,0.11389043182134628,0.23407099753392052
20190819_hrrrt20_npk,1.0,0.98,104.46355438232422,96.17997741699219,0.5037274956703186,0.4516031742095947,0.34559538129575884
20190819_hrrrt20_idw,1.0,0.98,37.70377731323242,28.941322326660156,0.2542377710342407,0.5417225360870361,0.13038829319024878
20190819_hrrrt20_ordinary_kriging,1.0,0.98,41.83142852783203,34.33604431152344,0.2930217683315277,0.4844648540019989,0.14870582540150695
20190819_hrrrt20_pk,1.0,0.98,81.32011413574219,71.04126739501953,0.38863125443458557,0.46708232164382935,0.31198739763407085
20190819_hrrrt20_npk,20.0,0.98,10.686848640441895,7.955447196960449,0.044676199555397034,0.02774597518146038,0.02140423264009682
20190819_hrrrt20_idw,20.0,0.98,15.985612869262695,11.307292938232422,0.15224337577819824,0.12923955917358398,0.09855958110973614
20190819_hrrrt20_ordinary_kriging,20.0,0.98,29.872779846191406,23.92157554626465,0.23139367997646332,0.2511926591396332,0.1343000766291935
20190819_hrrrt20_pk,20.0,0.98,9.985132217407227,7.14519739151001,0.04029254987835884,0.03170100599527359,0.007330992862370072
20190819_hrrrt20_npk,30.0,0.98,8.185991287231445,6.059972286224365,0.034697093069553375,0.02022877335548401,0.016634113892235142
20190819_hrrrt20_idw,30.0,0.98,14.390233039855957,10.23570442199707,0.15409867465496063,0.11979085206985474,0.09249074786318344
20190819_hrrrt20_ordinary_kriging,30.0,0.98,24.15006446838379,18.777196884155273,0.20338033139705658,0.16852562129497528,0.1171286795620235
20190819_hrrrt20_pk,30.0,0.98,7.342597007751465,5.361600399017334,0.03143839165568352,0.02791084535419941,0.01080883632702405
20190819_hrrrt20_npk,5.0,0.98,65.7970199584961,56.35611343383789,0.3184621334075928,0.18305838108062744,0.38353320114097506
20190819_hrrrt20_idw,5.0,0.98,30.52068328857422,23.43396759033203,0.2185543328523636,0.25847119092941284,0.13562132117377804
20190819_hrrrt20_ordinary_kriging,5.0,0.98,37.61250305175781,30.764131546020508,0.26865899562835693,0.33213329315185547,0.14716802774631585
20190819_hrrrt20_pk,5.0,0.98,33.40774154663086,26.635921478271484,0.1577700823545456,0.06577618420124054,0.21794972030034224
20190820_hrrrt20_npk,10.0,0.98,66.18785095214844,53.356117248535156,0.27041056752204895,0.19877201318740845,0.28119493617251434
20190820_hrrrt20_idw,10.0,0.98,19.80337905883789,14.307295799255371,0.1525520384311676,0.23321492969989777,0.08708946196234535
20190820_hrrrt20_ordinary_kriging,10.0,0.98,27.720224380493164,21.727420806884766,0.19974373281002045,0.28962400555610657,0.11361371605760658
20190820_hrrrt20_pk,10.0,0.98,56.04789733886719,42.942317962646484,0.2217714637517929,0.15777245163917542,0.25353797906043596
20190820_hrrrt20_npk,1.0,0.98,123.14288330078125,114.9896469116211,0.566601037979126,0.5178883075714111,0.3671728667940015
20190820_hrrrt20_idw,1.0,0.98,29.113821029663086,21.410995483398438,0.19513154029846191,0.5411246418952942,0.11471884910434466
20190820_hrrrt20_ordinary_kriging,1.0,0.98,29.82117462158203,22.69452667236328,0.20432773232460022,0.5195708274841309,0.11940721996711258
20190820_hrrrt20_pk,1.0,0.98,99.5399398803711,87.02413940429688,0.4333253502845764,0.5390332937240601,0.38875962829218463
20190820_hrrrt20_npk,20.0,0.98,12.15886402130127,8.43606948852539,0.04770558699965477,0.03614389896392822,0.01497390263882317
20190820_hrrrt20_idw,20.0,0.98,20.022600173950195,14.258772850036621,0.16297268867492676,0.15364693105220795,0.08684804011872788
20190820_hrrrt20_ordinary_kriging,20.0,0.98,26.820201873779297,21.022275924682617,0.20346571505069733,0.19221511483192444,0.10822760876643377
20190820_hrrrt20_pk,20.0,0.98,14.877840995788574,9.57822036743164,0.06196146830916405,0.024109287187457085,0.05754707753743953
20190820_hrrrt20_npk,30.0,0.98,9.1387300491333,6.295327663421631,0.043397173285484314,0.025923172011971474,0.014802566373186317
20190820_hrrrt20_idw,30.0,0.98,13.74747371673584,9.107392311096191,0.13707922399044037,0.13641829788684845,0.06877203731522893
20190820_hrrrt20_ordinary_kriging,30.0,0.98,20.615816116333008,15.626917839050293,0.1693866103887558,0.1491670310497284,0.08762968317684285
20190820_hrrrt20_pk,30.0,0.98,9.007542610168457,6.136563777923584,0.04855525866150856,0.026527270674705505,0.02383454767712325
20190820_hrrrt20_npk,5.0,0.98,69.16149139404297,57.164695739746094,0.2967248260974884,0.2003602385520935,0.3344455902761548
20190820_hrrrt20_idw,5.0,0.98,29.254087448120117,21.52723503112793,0.1976572424173355,0.2765360474586487,0.11448400917220458
20190820_hrrrt20_ordinary_kriging,5.0,0.98,32.401885986328125,24.82271385192871,0.21875663101673126,0.28810739517211914,0.11830121274526088
20190820_hrrrt20_pk,5.0,0.98,59.968299865722656,46.75033950805664,0.24961085617542267,0.14089146256446838,0.3016860340368877
20190820_hrrrt23_npk,10.0,0.98,66.4615478515625,52.317874908447266,0.27716678380966187,0.20512863993644714,0.2630076379318063
20190820_hrrrt23_idw,10.0,0.98,25.599802017211914,19.33523178100586,0.2378254532814026,0.30976206064224243,0.11772307219334394
20190820_hrrrt23_ordinary_kriging,10.0,0.98,24.01946449279785,17.839435577392578,0.22363899648189545,0.17422717809677124,0.10685200653390318
20190820_hrrrt23_pk,10.0,0.98,62.53268051147461,49.51256561279297,0.2674955427646637,0.18843849003314972,0.24885926589223242
20190820_hrrrt23_npk,1.0,0.98,111.72064971923828,102.31089782714844,0.5326168537139893,0.4420599043369293,0.34635508001146276
20190820_hrrrt23_idw,1.0,0.98,35.72291564941406,26.93540382385254,0.28854015469551086,0.6336008906364441,0.12760922434247554
20190820_hrrrt23_ordinary_kriging,1.0,0.98,42.00428009033203,31.558185577392578,0.31330031156539917,0.5073071718215942,0.09899014841938703
20190820_hrrrt23_pk,1.0,0.98,104.35828399658203,88.75992584228516,0.47304797172546387,0.5172935724258423,0.3994169508909877
20190820_hrrrt23_npk,20.0,0.98,17.296504974365234,12.115654945373535,0.07730428874492645,0.04499269276857376,0.040093642052170676
20190820_hrrrt23_idw,20.0,0.98,25.101970672607422,18.43545913696289,0.2523461580276489,0.19443413615226746,0.1122513961131859
20190820_hrrrt23_ordinary_kriging,20.0,0.98,24.688222885131836,17.699420928955078,0.24483788013458252,0.14311136305332184,0.11640028719651492
20190820_hrrrt23_pk,20.0,0.98,14.88239574432373,10.850305557250977,0.0703221932053566,0.038258183747529984,0.051880211229781176
20190820_hrrrt23_npk,30.0,0.98,12.618600845336914,8.657949447631836,0.055901795625686646,0.03705398738384247,0.04794758069850822
20190820_hrrrt23_idw,30.0,0.98,21.10684585571289,14.503835678100586,0.17491285502910614,0.16378411650657654,0.10433587033913877
20190820_hrrrt23_ordinary_kriging,30.0,0.98,18.8466796875,12.783821105957031,0.16268956661224365,0.14106756448745728,0.08829159815552717
20190820_hrrrt23_pk,30.0,0.98,14.495265007019043,10.001835823059082,0.0633217990398407,0.04266910254955292,0.05884504015162765
20190820_hrrrt23_npk,5.0,0.98,75.10128784179688,62.17908477783203,0.33323219418525696,0.22246834635734558,0.32559035639665795
20190820_hrrrt23_idw,5.0,0.98,34.17024612426758,26.064748764038086,0.28715774416923523,0.35600388050079346,0.1419174798474526
20190820_hrrrt23_ordinary_kriging,5.0,0.98,38.79631423950195,30.39748191833496,0.3143874704837799,0.36361265182495117,0.14857517420410635
20190820_hrrrt23_pk,5.0,0.98,70.61439514160156,55.14390182495117,0.3007044494152069,0.19878536462783813,0.3228497552254187
20190821_hrrrt23_npk,10.0,0.98,63.45428466796875,50.45647048950195,0.28511837124824524,0.16257062554359436,0.3530284453565738
20190821_hrrrt23_idw,10.0,0.98,17.25751495361328,12.198806762695312,0.19201676547527313,0.26757869124412537,0.0982046914293515
20190821_hrrrt23_ordinary_kriging,10.0,0.98,21.175201416015625,15.349878311157227,0.22105930745601654,0.1605762541294098,0.13497332783522215
20190821_hrrrt23_pk,10.0,0.98,48.69210433959961,38.67190170288086,0.22124527394771576,0.12100401520729065,0.23581884487225524
20190821_hrrrt23_npk,1.0,0.98,105.85214233398438,96.86538696289062,0.5313798785209656,0.3730372488498688,0.3464658083389253
20190821_hrrrt23_idw,1.0,0.98,24.83819007873535,19.872533798217773,0.2321755439043045,0.5403820276260376,0.0916232984708078
20190821_hrrrt23_ordinary_kriging,1.0,0.98,44.44265365600586,36.52416229248047,0.3898741602897644,0.4192276895046234,0.21852767764203335
20190821_hrrrt23_pk,1.0,0.98,82.37763977050781,71.39527893066406,0.3947373032569885,0.3040506839752197,0.3149121756225605
20190821_hrrrt23_npk,20.0,0.98,14.907403945922852,11.110772132873535,0.07337511330842972,0.04957420378923416,0.031333004298146956
20190821_hrrrt23_idw,20.0,0.98,18.480268478393555,12.909978866577148,0.2296668142080307,0.11981111764907837,0.14050841463251193
20190821_hrrrt23_ordinary_kriging,20.0,0.98,17.68958854675293,12.526090621948242,0.20175346732139587,0.1110989898443222,0.11047972651386812
20190821_hrrrt23_pk,20.0,0.98,16.463159561157227,12.041760444641113,0.07660087943077087,0.037825893610715866,0.06598899750319942
20190821_hrrrt23_npk,30.0,0.98,12.617439270019531,9.21792221069336,0.06314469128847122,0.036574531346559525,0.06151809488522419
20190821_hrrrt23_idw,30.0,0.98,17.522539138793945,13.026150703430176,0.24638673663139343,0.10492642968893051,0.13201369543435154
20190821_hrrrt23_ordinary_kriging,30.0,0.98,14.019686698913574,10.029986381530762,0.19784905016422272,0.10416333377361298,0.08035628321297801
20190821_hrrrt23_pk,30.0,0.98,12.02946949005127,8.520191192626953,0.06265837699174881,0.02784411981701851,0.06400703522190802
20190821_hrrrt23_npk,5.0,0.98,57.392478942871094,48.001285552978516,0.27887484431266785,0.14773990213871002,0.32438040249962363
20190821_hrrrt23_idw,5.0,0.98,23.049781799316406,17.101232528686523,0.22216294705867767,0.29640766978263855,0.14560391333121214
20190821_hrrrt23_ordinary_kriging,5.0,0.98,30.70083999633789,21.59506607055664,0.26896560192108154,0.1607852578163147,0.17372351452648424
20190821_hrrrt23_pk,5.0,0.98,50.804203033447266,40.71003341674805,0.23488205671310425,0.12903039157390594,0.27077852870432156
20190823_hrrrt18_npk,10.0,0.98,33.89757537841797,27.58692741394043,0.19829599559307098,0.10961397737264633,0.2415607018003858
20190823_hrrrt18_idw,10.0,0.98,33.611270904541016,27.923786163330078,0.3087286353111267,0.31251248717308044,0.17905077570291067
20190823_hrrrt18_ordinary_kriging,10.0,0.98,37.1446418762207,31.312721252441406,0.33827701210975647,0.2234143167734146,0.188172944757756
20190823_hrrrt18_pk,10.0,0.98,31.412864685058594,24.106796264648438,0.1834511011838913,0.09738423675298691,0.22418408075927174
20190823_hrrrt18_npk,1.0,0.98,62.321250915527344,57.316322326660156,0.40259793400764465,0.265275776386261,0.3069718942350047
20190823_hrrrt18_idw,1.0,0.98,59.36241149902344,51.353302001953125,0.5376529097557068,0.6137067079544067,0.16048888346379417
20190823_hrrrt18_ordinary_kriging,1.0,0.98,59.88325881958008,51.8759880065918,0.556041955947876,0.4215543866157532,0.20655700494827248
20190823_hrrrt18_pk,1.0,0.98,50.80730438232422,45.05657958984375,0.3345913290977478,0.22023090720176697,0.3205964550669222
20190823_hrrrt18_npk,20.0,0.98,20.089767456054688,14.270674705505371,0.10573175549507141,0.0723802000284195,0.11770878433692654
20190823_hrrrt18_idw,20.0,0.98,19.680450439453125,14.894110679626465,0.19866779446601868,0.17488980293273926,0.13623945918888375
20190823_hrrrt18_ordinary_kriging,20.0,0.98,17.730073928833008,12.881599426269531,0.1872801035642624,0.16473615169525146,0.11561646865539382
20190823_hrrrt18_pk,20.0,0.98,19.977685928344727,14.184066772460938,0.10675439238548279,0.06619220972061157,0.09598053780669825
20190823_hrrrt18_npk,30.0,0.98,14.974420547485352,10.485007286071777,0.08204425871372223,0.033118054270744324,0.09539137248101824
20190823_hrrrt18_idw,30.0,0.98,19.229890823364258,14.223152160644531,0.1928912252187729,0.15510310232639313,0.13751043110073913
20190823_hrrrt18_ordinary_kriging,30.0,0.98,16.38047981262207,11.227335929870605,0.1765550673007965,0.15018442273139954,0.12209034210894999
20190823_hrrrt18_pk,30.0,0.98,13.791025161743164,10.142437934875488,0.07663027942180634,0.04188942536711693,0.0783965368362939
20190823_hrrrt18_npk,5.0,0.98,44.649600982666016,37.537513732910156,0.2719480097293854,0.12741619348526,0.34251299792158213
20190823_hrrrt18_idw,5.0,0.98,34.928192138671875,29.844039916992188,0.32125329971313477,0.338894784450531,0.1967728488231606
20190823_hrrrt18_ordinary_kriging,5.0,0.98,36.813758850097656,29.083248138427734,0.3112253248691559,0.21707728505134583,0.17385946922994355
20190823_hrrrt18_pk,5.0,0.98,36.75022888183594,28.569650650024414,0.21841925382614136,0.11568514257669449,0.29916220061832566
20190825_hrrrt19_npk,10.0,0.98,33.05014419555664,27.756711959838867,0.2541840672492981,0.10187888145446777,0.19804054949002456
20190825_hrrrt19_idw,10.0,0.98,45.83901596069336,33.175209045410156,0.5369154214859009,0.29029741883277893,0.33670070966460863
20190825_hrrrt19_ordinary_kriging,10.0,0.98,68.11441802978516,56.45592498779297,0.8277149200439453,0.5028817653656006,0.3926295866230957
20190825_hrrrt19_pk,10.0,0.98,20.76448631286621,17.274700164794922,0.19308368861675262,0.06818793714046478,0.03648105438568751
20190825_hrrrt19_npk,1.0,0.98,78.15099334716797,65.85601806640625,0.5344238877296448,0.340461790561676,0.1277838132952001
20190825_hrrrt19_idw,1.0,0.98,52.16464614868164,37.785255432128906,0.5851616263389587,0.5968606472015381,0.37125048943579925
20190825_hrrrt19_ordinary_kriging,1.0,0.98,62.821563720703125,48.96868896484375,0.7178746461868286,0.5425422787666321,0.39250983581105436
20190825_hrrrt19_pk,1.0,0.98,50.86237335205078,42.212303161621094,0.32661187648773193,0.22829675674438477,0.0796664038676005
20190825_hrrrt19_npk,20.0,0.98,14.759169578552246,11.422947883605957,0.10692226886749268,0.03146851807832718,0.0592619565357937
20190825_hrrrt19_idw,20.0,0.98,22.45340347290039,16.843759536743164,0.2224397510290146,0.1375257819890976,0.2201648377383488
20190825_hrrrt19_ordinary_kriging,20.0,0.98,27.16640853881836,19.35154151916504,0.27491432428359985,0.1593063473701477,0.24327032635965587
20190825_hrrrt19_pk,20.0,0.98,18.070035934448242,12.625762939453125,0.10923241823911667,0.027929233387112617,0.09803076688705996
20190825_hrrrt19_npk,30.0,0.98,11.161487579345703,8.509065628051758,0.07909178733825684,0.021621374413371086,0.12854910281785523
20190825_hrrrt19_idw,30.0,0.98,20.048728942871094,15.44316577911377,0.20993897318840027,0.11324876546859741,0.20271300130307013
20190825_hrrrt19_ordinary_kriging,30.0,0.98,21.36532974243164,15.531729698181152,0.20386655628681183,0.15646426379680634,0.19402679574719792
20190825_hrrrt19_pk,30.0,0.98,10.917794227600098,8.164463996887207,0.07491903752088547,0.019114501774311066,0.12880289401802267
20190825_hrrrt19_npk,5.0,0.98,33.746700286865234,28.247173309326172,0.24771283566951752,0.09811317920684814,0.2545829038437929
20190825_hrrrt19_idw,5.0,0.98,54.0041389465332,38.2769775390625,0.6317617297172546,0.33926787972450256,0.367156717917788
20190825_hrrrt19_ordinary_kriging,5.0,0.98,66.49121856689453,53.9095573425293,0.7918234467506409,0.3837319016456604,0.39546676010026377
20190825_hrrrt19_pk,5.0,0.98,22.314895629882812,18.502029418945312,0.2036522924900055,0.07454990595579147,0.1230481651512197
20190830_hrrrt20_npk,10.0,0.98,49.209442138671875,40.79468536376953,0.25004687905311584,0.1394452154636383,0.2264994604736152
20190830_hrrrt20_idw,10.0,0.98,19.26448631286621,14.050718307495117,0.19881337881088257,0.27544182538986206,0.11824210901002227
20190830_hrrrt20_ordinary_kriging,10.0,0.98,27.536104202270508,21.70545196533203,0.25332292914390564,0.3102598488330841,0.1442446013572925
20190830_hrrrt20_pk,10.0,0.98,47.02204895019531,39.627071380615234,0.2621625065803528,0.1449618935585022,0.24374358626141288
20190830_hrrrt20_npk,1.0,0.98,84.92638397216797,77.40606689453125,0.4623268246650696,0.392279714345932,0.21306388198263307
20190830_hrrrt20_idw,1.0,0.98,26.77060317993164,19.355030059814453,0.23924703896045685,0.53510582447052,0.14022882992083774
20190830_hrrrt20_ordinary_kriging,1.0,0.98,27.664979934692383,21.40680503845215,0.24210169911384583,0.48059993982315063,0.15114506813543901
20190830_hrrrt20_pk,1.0,0.98,67.63861083984375,55.638980865478516,0.33744707703590393,0.3734591603279114,0.26934444821520526
20190830_hrrrt20_npk,20.0,0.98,24.618417739868164,17.938968658447266,0.11878987401723862,0.05371706187725067,0.11188882671259831
20190830_hrrrt20_idw,20.0,0.98,19.10956573486328,13.760756492614746,0.20946064591407776,0.1734362691640854,0.12244821077730074
20190830_hrrrt20_ordinary_kriging,20.0,0.98,28.503538131713867,22.20994758605957,0.2662222385406494,0.21903309226036072,0.1418274181288884
20190830_hrrrt20_pk,20.0,0.98,19.401535034179688,14.392547607421875,0.09402751922607422,0.046592678874731064,0.05957731703881629
20190830_hrrrt20_npk,30.0,0.98,14.227309226989746,9.920501708984375,0.06403295695781708,0.02592090703547001,0.048864234286604434
20190830_hrrrt20_idw,30.0,0.98,16.59229850769043,11.120989799499512,0.21303316950798035,0.15013642609119415,0.10049527944769569
20190830_hrrrt20_ordinary_kriging,30.0,0.98,28.027673721313477,21.528242111206055,0.27862924337387085,0.2149551957845688,0.1303291544568133
20190830_hrrrt20_pk,30.0,0.98,12.486351013183594,8.673274993896484,0.054732561111450195,0.018235493451356888,0.05013413057103548
20190830_hrrrt20_npk,5.0,0.98,46.15184783935547,40.087100982666016,0.2491750717163086,0.13953930139541626,0.18560370123401232
20190830_hrrrt20_idw,5.0,0.98,24.591094970703125,19.348920822143555,0.23899784684181213,0.29041358828544617,0.14394152377284047
20190830_hrrrt20_ordinary_kriging,5.0,0.98,29.99402618408203,24.649280548095703,0.27726200222969055,0.3784528970718384,0.14965780553734817
20190830_hrrrt20_pk,5.0,0.98,45.58955764770508,38.6602668762207,0.24569213390350342,0.1225547194480896,0.24549520065443398
20190830_hrrrt21_npk,10.0,0.98,56.474700927734375,48.32926559448242,0.2971162796020508,0.19584932923316956,0.29084559531239046
20190830_hrrrt21_idw,10.0,0.98,15.0740327835083,9.937076568603516,0.17264728248119354,0.3009161055088043,0.08247638657996614
20190830_hrrrt21_ordinary_kriging,10.0,0.98,25.39426612854004,17.70083999633789,0.23394307494163513,0.30542272329330444,0.12845228739188622
20190830_hrrrt21_pk,10.0,0.98,41.36125946044922,35.09880065917969,0.2199360579252243,0.11075006425380707,0.20845559522788448
20190830_hrrrt21_npk,1.0,0.98,86.70208740234375,79.78475952148438,0.4758114218711853,0.4155813455581665,0.2632833259980598
20190830_hrrrt21_idw,1.0,0.98,27.72320556640625,19.792160034179688,0.25249525904655457,0.5584412217140198,0.13827304352238695
20190830_hrrrt21_ordinary_kriging,1.0,0.98,28.795425415039062,20.19871711730957,0.2574538290500641,0.5466456413269043,0.13576986375785488
20190830_hrrrt21_pk,1.0,0.98,71.32649230957031,60.21619415283203,0.37194809317588806,0.4665011465549469,0.3157801765341819
20190830_hrrrt21_npk,20.0,0.98,19.63286018371582,14.992066383361816,0.09318775683641434,0.05542585998773575,0.06456990248774265
20190830_hrrrt21_idw,20.0,0.98,15.765716552734375,9.984131813049316,0.18565893173217773,0.18358129262924194,0.09388178640225406
20190830_hrrrt21_ordinary_kriging,20.0,0.98,26.1661319732666,18.190418243408203,0.24548162519931793,0.1931259036064148,0.12363032234373603
20190830_hrrrt21_pk,20.0,0.98,18.421039581298828,13.81657600402832,0.0882968157529831,0.04750353842973709,0.04873353016192964
20190830_hrrrt21_npk,30.0,0.98,13.62905216217041,9.428173065185547,0.06110120192170143,0.023258252069354057,0.04200583714050073
20190830_hrrrt21_idw,30.0,0.98,16.260540008544922,10.599023818969727,0.21083809435367584,0.15646103024482727,0.09446421639798863
20190830_hrrrt21_ordinary_kriging,30.0,0.98,26.805435180664062,18.753137588500977,0.27034854888916016,0.19788576662540436,0.12089031672115313
20190830_hrrrt21_pk,30.0,0.98,16.84930419921875,11.650880813598633,0.07354888319969177,0.04515068605542183,0.025322956067463428
20190830_hrrrt21_npk,5.0,0.98,50.735748291015625,44.78879928588867,0.2848794162273407,0.1967608630657196,0.2547875808397882
20190830_hrrrt21_idw,5.0,0.98,25.557043075561523,18.541624069213867,0.2410518079996109,0.3009597659111023,0.13400684249663225
20190830_hrrrt21_ordinary_kriging,5.0,0.98,28.946285247802734,21.476362228393555,0.26484888792037964,0.3718828558921814,0.1372431597558191
20190830_hrrrt21_pk,5.0,0.98,48.30825424194336,41.10792541503906,0.2612641751766205,0.1629003882408142,0.2818718885665306
20190830_hrrrt23_npk,10.0,0.98,62.074440002441406,52.5172233581543,0.3291695713996887,0.19818100333213806,0.31793602375320684
20190830_hrrrt23_idw,10.0,0.98,18.866676330566406,14.57797622680664,0.15723681449890137,0.31795841455459595,0.12723189119177006
20190830_hrrrt23_ordinary_kriging,10.0,0.98,35.54975509643555,27.620830535888672,0.27691513299942017,0.3680998384952545,0.19183701934830066
20190830_hrrrt23_pk,10.0,0.98,59.10877227783203,48.85750961303711,0.30554553866386414,0.17793092131614685,0.32095311426673423
20190830_hrrrt23_npk,1.0,0.98,89.93348693847656,78.53279113769531,0.4647851288318634,0.420266330242157,0.30991562284726326
20190830_hrrrt23_idw,1.0,0.98,37.794921875,25.189842224121094,0.291791170835495,0.5994787216186523,0.20424699793724427
20190830_hrrrt23_ordinary_kriging,1.0,0.98,39.782798767089844,26.37919044494629,0.30513012409210205,0.5364724397659302,0.20602630046104126
20190830_hrrrt23_pk,1.0,0.98,65.40399932861328,55.26680374145508,0.33492511510849,0.3500792980194092,0.24924619900594022
20190830_hrrrt23_npk,20.0,0.98,26.86321449279785,19.798290252685547,0.11887898296117783,0.0728456974029541,0.07501131237423611
20190830_hrrrt23_idw,20.0,0.98,19.72220802307129,15.287153244018555,0.16769501566886902,0.17095431685447693,0.12651080802070072
20190830_hrrrt23_ordinary_kriging,20.0,0.98,33.07329177856445,26.818431854248047,0.26213961839675903,0.2196687012910843,0.16970695652022239
20190830_hrrrt23_pk,20.0,0.98,22.992589950561523,17.897205352783203,0.10888877511024475,0.07320535182952881,0.04437166358027907
20190830_hrrrt23_npk,30.0,0.98,17.793317794799805,12.444561004638672,0.08069414645433426,0.04111992567777634,0.02238474181501468
20190830_hrrrt23_idw,30.0,0.98,19.29647445678711,14.724895477294922,0.18525853753089905,0.14058636128902435,0.13082304623652433
20190830_hrrrt23_ordinary_kriging,30.0,0.98,28.187068939208984,21.271617889404297,0.24595394730567932,0.18375800549983978,0.155763064384479
20190830_hrrrt23_pk,30.0,0.98,18.195201873779297,12.921439170837402,0.0842374637722969,0.042747341096401215,0.0500323443070529
20190830_hrrrt23_npk,5.0,0.98,57.106956481933594,48.780059814453125,0.29793524742126465,0.1827884018421173,0.25029481215636873
20190830_hrrrt23_idw,5.0,0.98,33.639373779296875,22.54316520690918,0.2612793743610382,0.346731036901474,0.19900220148041908
20190830_hrrrt23_ordinary_kriging,5.0,0.98,38.25770568847656,26.312950134277344,0.2966777980327606,0.3774173855781555,0.20514342033286964
20190830_hrrrt23_pk,5.0,0.98,43.62353515625,36.225318908691406,0.22933557629585266,0.12440085411071777,0.13811718303011214
20200601_hrrrt17_npk,10.0,0.98,57.716468811035156,46.24708557128906,0.2631966471672058,0.23658347129821777,0.2600439212892752
20200601_hrrrt17_idw,10.0,0.98,24.599428176879883,19.019527435302734,0.16661123931407928,0.48393070697784424,0.13857180565658478
20200601_hrrrt17_ordinary_kriging,10.0,0.98,30.678421020507812,24.719013214111328,0.2003580778837204,0.35330867767333984,0.1527248775704349
20200601_hrrrt17_pk,10.0,0.98,51.939064025878906,40.993431091308594,0.2332867830991745,0.17001357674598694,0.22667749746776847
20200601_hrrrt17_npk,1.0,0.98,106.34728240966797,94.07889556884766,0.5181666016578674,0.4111808240413666,0.3898573402091349
20200601_hrrrt17_idw,1.0,0.98,33.725074768066406,26.81952667236328,0.22212229669094086,0.708441972732544,0.15182593104820896
20200601_hrrrt17_ordinary_kriging,1.0,0.98,41.66920471191406,33.470909118652344,0.26174139976501465,0.47939449548721313,0.13676402044541544
20200601_hrrrt17_pk,1.0,0.98,78.21533203125,66.57669067382812,0.37023940682411194,0.30745697021484375,0.269842529982671
20200601_hrrrt17_npk,20.0,0.98,18.11888885498047,13.080256462097168,0.08307629823684692,0.0691404715180397,0.02046839332359443
20200601_hrrrt17_idw,20.0,0.98,23.845914840698242,17.370460510253906,0.16899029910564423,0.26548898220062256,0.1218976442846323
20200601_hrrrt17_ordinary_kriging,20.0,0.98,26.746074676513672,20.801342010498047,0.18898658454418182,0.16379329562187195,0.13538659634238687
20200601_hrrrt17_pk,20.0,0.98,14.491930961608887,10.614198684692383,0.0656488910317421,0.07012446224689484,0.05365739641073861
20200601_hrrrt17_npk,30.0,0.98,13.384663581848145,9.1868896484375,0.0588228665292263,0.0662793219089508,0.060305858054738294
20200601_hrrrt17_idw,30.0,0.98,22.001419067382812,16.6893310546875,0.1663689762353897,0.20116816461086273,0.1166565376620373
20200601_hrrrt17_ordinary_kriging,30.0,0.98,23.17200469970703,17.784170150756836,0.169675812125206,0.15256831049919128,0.1183237168988434
20200601_hrrrt17_pk,30.0,0.98,12.684786796569824,8.807636260986328,0.05704893171787262,0.06218315660953522,0.056137679857566736
20200601_hrrrt17_npk,5.0,0.98,57.96284103393555,47.79727554321289,0.26670217514038086,0.2346128672361374,0.2170245229699715
20200601_hrrrt17_idw,5.0,0.98,31.11304473876953,25.136690139770508,0.21233780682086945,0.5253245830535889,0.15231032493900987
20200601_hrrrt17_ordinary_kriging,5.0,0.98,34.02852249145508,28.374101638793945,0.23129704594612122,0.4113101363182068,0.15726175426925565
20200601_hrrrt17_pk,5.0,0.98,59.527950286865234,47.0938606262207,0.27734583616256714,0.20517897605895996,0.31594597045842954
20200601_hrrrt20_npk,10.0,0.98,60.942195892333984,48.9069709777832,0.26790958642959595,0.2345341444015503,0.26693861099314053
20200601_hrrrt20_idw,10.0,0.98,26.647132873535156,19.264713287353516,0.17446355521678925,0.45544013381004333,0.1428375726557232
20200601_hrrrt20_ordinary_kriging,10.0,0.98,33.4519157409668,26.404664993286133,0.21691742539405823,0.3319670855998993,0.16085498050778246
20200601_hrrrt20_pk,10.0,0.98,49.152347564697266,38.714447021484375,0.21260873973369598,0.20023508369922638,0.19720205078997763
20200601_hrrrt20_npk,1.0,0.98,103.90151977539062,93.19921112060547,0.4974230229854584,0.4180084466934204,0.31625377600419874
20200601_hrrrt20_idw,1.0,0.98,38.429527282714844,28.335060119628906,0.23749428987503052,0.6973487734794617,0.15264353732285682
20200601_hrrrt20_ordinary_kriging,1.0,0.98,38.60144805908203,30.335060119628906,0.25101250410079956,0.5307267904281616,0.16310826060246442
20200601_hrrrt20_pk,1.0,0.98,82.3187026977539,71.89592742919922,0.387337863445282,0.3215397000312805,0.27837461034712485
20200601_hrrrt20_npk,20.0,0.98,12.442066192626953,9.353676795959473,0.056512635201215744,0.0422365739941597,0.03613557837793727
20200601_hrrrt20_idw,20.0,0.98,28.94575309753418,20.12633514404297,0.19410915672779083,0.2685430347919464,0.13986870200825982
20200601_hrrrt20_ordinary_kriging,20.0,0.98,34.11478042602539,26.86115264892578,0.23220135271549225,0.24763604998588562,0.15573555214143692
20200601_hrrrt20_pk,20.0,0.98,11.611136436462402,8.805010795593262,0.05550786107778549,0.04413692653179169,0.06107654112989914
20200601_hrrrt20_npk,30.0,0.98,10.6116304397583,7.795676231384277,0.04568425938487053,0.042537666857242584,0.021191729962769457
20200601_hrrrt20_idw,30.0,0.98,19.846261978149414,15.157949447631836,0.1498931646347046,0.2025751918554306,0.10610477740614915
20200601_hrrrt20_ordinary_kriging,30.0,0.98,19.592233657836914,14.505578994750977,0.14446082711219788,0.16646930575370789,0.09383127530876562
20200601_hrrrt20_pk,30.0,0.98,11.063559532165527,8.071952819824219,0.0484490692615509,0.04351091384887695,0.026080523487090022
20200601_hrrrt20_npk,5.0,0.98,60.884517669677734,50.689361572265625,0.28139573335647583,0.26715660095214844,0.26024218945864364
20200601_hrrrt20_idw,5.0,0.98,31.838029861450195,24.25925064086914,0.21078701317310333,0.509063720703125,0.15814111368262784
20200601_hrrrt20_ordinary_kriging,5.0,0.98,36.228267669677734,29.119476318359375,0.24046465754508972,0.3720139265060425,0.16498449371538598
20200601_hrrrt20_pk,5.0,0.98,59.94294738769531,49.0238037109375,0.2757672965526581,0.2196294069290161,0.29421940853833184
20200602_hrrrt23_npk,10.0,0.98,52.05734634399414,41.21426773071289,0.2235255390405655,0.18655866384506226,0.22484240926206792
20200602_hrrrt23_idw,10.0,0.98,22.938940048217773,16.892595291137695,0.1527818739414215,0.4106062352657318,0.1281140876314234
20200602_hrrrt23_ordinary_kriging,10.0,0.98,32.97883605957031,27.020341873168945,0.217864528298378,0.27413779497146606,0.15709015121083397
20200602_hrrrt23_pk,10.0,0.98,50.306819915771484,39.468875885009766,0.21614456176757812,0.169021338224411,0.22248114852490627
20200602_hrrrt23_npk,1.0,0.98,110.2580337524414,99.49876403808594,0.521885871887207,0.47922831773757935,0.3227435819260401
20200602_hrrrt23_idw,1.0,0.98,32.75590515136719,25.83185386657715,0.20859873294830322,0.6284253001213074,0.15573105317285404
20200602_hrrrt23_ordinary_kriging,1.0,0.98,33.63716506958008,27.34245491027832,0.22066541016101837,0.5890951752662659,0.162893095270234
20200602_hrrrt23_pk,1.0,0.98,84.4148178100586,72.81002044677734,0.39108729362487793,0.40134793519973755,0.3099769395499113
20200602_hrrrt23_npk,20.0,0.98,10.646108627319336,7.998779296875,0.04811051860451698,0.03498777002096176,0.042581608981314384
20200602_hrrrt23_idw,20.0,0.98,23.554960250854492,16.55111312866211,0.16387493908405304,0.24249807000160217,0.12298268007751394
20200602_hrrrt23_ordinary_kriging,20.0,0.98,30.269025802612305,23.78364372253418,0.20938540995121002,0.16492542624473572,0.14409780481183787
20200602_hrrrt23_pk,20.0,0.98,11.321074485778809,8.561195373535156,0.049419693648815155,0.043451130390167236,0.037280806737985395
20200602_hrrrt23_npk,30.0,0.98,8.546146392822266,6.231868743896484,0.03704162687063217,0.023591255769133568,0.04092346245701611
20200602_hrrrt23_idw,30.0,0.98,18.250083923339844,13.707810401916504,0.14556391537189484,0.18747836351394653,0.10684501696499932
20200602_hrrrt23_ordinary_kriging,30.0,0.98,19.644407272338867,14.07287311553955,0.1449197679758072,0.16188980638980865,0.10387154898460732
20200602_hrrrt23_pk,30.0,0.98,8.426301956176758,6.10976505279541,0.03581606596708298,0.029954981058835983,0.039703624991378444
20200602_hrrrt23_npk,5.0,0.98,79.70806884765625,66.06295013427734,0.36600518226623535,0.3064575791358948,0.4255342773135371
20200602_hrrrt23_idw,5.0,0.98,30.540021896362305,23.07219886779785,0.199098601937294,0.4663781225681305,0.15152539997034994
20200602_hrrrt23_ordinary_kriging,5.0,0.98,35.3698844909668,28.461973190307617,0.23471049964427948,0.30071955919265747,0.16158285835338343
20200602_hrrrt23_pk,5.0,0.98,59.09476089477539,47.66513442993164,0.2749089002609253,0.18591588735580444,0.33090651372702734
20200603_hrrrt22_npk,10.0,0.98,64.18283081054688,52.67751693725586,0.266401469707489,0.20178236067295074,0.2501892711262408
20200603_hrrrt22_idw,10.0,0.98,18.729839324951172,13.199620246887207,0.13564983010292053,0.30273786187171936,0.09343222257474158
20200603_hrrrt22_ordinary_kriging,10.0,0.98,26.949792861938477,22.303770065307617,0.19113272428512573,0.25875771045684814,0.11561637966689499
20200603_hrrrt22_pk,10.0,0.98,51.98625946044922,41.644775390625,0.2109144628047943,0.1472565233707428,0.19696156597655756
20200603_hrrrt22_npk,1.0,0.98,123.92292785644531,116.39595794677734,0.578920841217041,0.5572183132171631,0.40129457732321216
20200603_hrrrt22_idw,1.0,0.98,22.924964904785156,17.49925994873047,0.154267355799675,0.565252423286438,0.10059338361270834
20200603_hrrrt22_ordinary_kriging,1.0,0.98,26.76839256286621,22.271696090698242,0.1850716918706894,0.5009523630142212,0.1200009449922179
20200603_hrrrt22_pk,1.0,0.98,91.80205535888672,80.1025161743164,0.4008764624595642,0.45951253175735474,0.32269000634477246
20200603_hrrrt22_npk,20.0,0.98,11.425309181213379,8.194690704345703,0.05655685439705849,0.0372481644153595,0.025539948035089483
20200603_hrrrt22_idw,20.0,0.98,20.305456161499023,13.459567070007324,0.15203452110290527,0.183927521109581,0.08954967634719459
20200603_hrrrt22_ordinary_kriging,20.0,0.98,26.803232192993164,22.064693450927734,0.20224425196647644,0.17056897282600403,0.10962179241640384
20200603_hrrrt22_pk,20.0,0.98,9.69782829284668,7.071956157684326,0.04515326768159866,0.027931738644838333,0.03510269312674401
20200603_hrrrt22_npk,30.0,0.98,8.244752883911133,6.002440929412842,0.045379672199487686,0.022691883146762848,0.022006472933567677
20200603_hrrrt22_idw,30.0,0.98,14.392680168151855,10.186192512512207,0.13729912042617798,0.1672115921974182,0.07416772322355901
20200603_hrrrt22_ordinary_kriging,30.0,0.98,16.644155502319336,11.97768497467041,0.14494337141513824,0.15617384016513824,0.07592963613257687
20200603_hrrrt22_pk,30.0,0.98,9.414718627929688,6.7793684005737305,0.04858345910906792,0.03318726271390915,0.01861509327456724
20200603_hrrrt22_npk,5.0,0.98,76.76454162597656,65.0706558227539,0.33426210284233093,0.2376422882080078,0.34312525075044703
20200603_hrrrt22_idw,5.0,0.98,21.09787368774414,15.785200119018555,0.14971986413002014,0.3455909788608551,0.10461988494938737
20200603_hrrrt22_ordinary_kriging,5.0,0.98,27.619110107421875,22.890287399291992,0.1929878145456314,0.25838157534599304,0.1184058737154259
20200603_hrrrt22_pk,5.0,0.98,76.06300354003906,60.56532287597656,0.31553614139556885,0.24105378985404968,0.36555684971996605
20200604_hrrrt19_npk,10.0,0.98,45.44386672973633,37.66856384277344,0.2694479525089264,0.2097397893667221,0.3296726614803002
20200604_hrrrt19_idw,10.0,0.98,15.8468656539917,11.239218711853027,0.16681039333343506,0.23710636794567108,0.10162472156061278
20200604_hrrrt19_ordinary_kriging,10.0,0.98,29.975711822509766,24.62625503540039,0.28991878032684326,0.28264567255973816,0.16540398148296476
20200604_hrrrt19_pk,10.0,0.98,33.592872619628906,26.31953239440918,0.1977383941411972,0.1421080231666565,0.2450203066646785
20200604_hrrrt19_npk,1.0,0.98,73.69137573242188,65.37031555175781,0.43464186787605286,0.5003330707550049,0.2807646719320129
20200604_hrrrt19_idw,1.0,0.98,31.138002395629883,23.74383544921875,0.26813414692878723,0.6209304928779602,0.13579648091091887
20200604_hrrrt19_ordinary_kriging,1.0,0.98,36.61542892456055,30.198471069335938,0.33468422293663025,0.5047842264175415,0.17543703871723865
20200604_hrrrt19_pk,1.0,0.98,53.44245529174805,45.426422119140625,0.32074087858200073,0.46124976873397827,0.30117974704131595
20200604_hrrrt19_npk,20.0,0.98,13.080931663513184,9.722917556762695,0.07072491198778152,0.06958632171154022,0.07316509197261178
20200604_hrrrt19_idw,20.0,0.98,12.127602577209473,7.533414840698242,0.1503894180059433,0.18815314769744873,0.09837971745131142
20200604_hrrrt19_ordinary_kriging,20.0,0.98,26.28913116455078,20.592309951782227,0.2593209743499756,0.2799448072910309,0.15316582026327327
20200604_hrrrt19_pk,20.0,0.98,13.672551155090332,9.526501655578613,0.07532241195440292,0.07439877092838287,0.06233616516888291
20200604_hrrrt19_npk,30.0,0.98,8.998546600341797,5.368549346923828,0.042439330369234085,0.061848219484090805,0.03839340252191721
20200604_hrrrt19_idw,30.0,0.98,13.413834571838379,8.595537185668945,0.1705191284418106,0.1796266883611679,0.10316433798624688
20200604_hrrrt19_ordinary_kriging,30.0,0.98,18.111896514892578,12.681659698486328,0.2039204090833664,0.24318189918994904,0.11964827717563865
20200604_hrrrt19_pk,30.0,0.98,9.000102043151855,5.399045467376709,0.04039912298321724,0.059404946863651276,0.019299594804625616
20200604_hrrrt19_npk,5.0,0.98,40.946319580078125,36.0367431640625,0.2601902484893799,0.1932400017976761,0.285078284355087
20200604_hrrrt19_idw,5.0,0.98,23.812145233154297,17.53879737854004,0.21925999224185944,0.28479433059692383,0.1491311232435372
20200604_hrrrt19_ordinary_kriging,5.0,0.98,31.963239669799805,26.239723205566406,0.298094779253006,0.3613640367984772,0.1732752130150936
20200604_hrrrt19_pk,5.0,0.98,45.384246826171875,38.093318939208984,0.2854200303554535,0.19768474996089935,0.34215312681437887
20200608_hrrrt21_npk,10.0,0.98,50.85368728637695,43.857879638671875,0.2529403269290924,0.14765664935112,0.21203880212004717
20200608_hrrrt21_idw,10.0,0.98,17.76869773864746,13.363167762756348,0.17593029141426086,0.3324994444847107,0.10564051170634065
20200608_hrrrt21_ordinary_kriging,10.0,0.98,31.247304916381836,24.779766082763672,0.25332796573638916,0.3008917570114136,0.15283859887837487
20200608_hrrrt21_pk,10.0,0.98,44.187049865722656,36.37378692626953,0.21252381801605225,0.10680962353944778,0.20960695576611352
20200608_hrrrt21_npk,1.0,0.98,89.295166015625,79.23200225830078,0.44830772280693054,0.41042420268058777,0.2521897292820517
20200608_hrrrt21_idw,1.0,0.98,32.05655288696289,24.74925994873047,0.2741480767726898,0.6141188144683838,0.1569457561675438
20200608_hrrrt21_ordinary_kriging,1.0,0.98,34.147891998291016,26.231508255004883,0.28547200560569763,0.5541664361953735,0.16049706956094392
20200608_hrrrt21_pk,1.0,0.98,92.84296417236328,82.35297393798828,0.4696671962738037,0.46639519929885864,0.39295419529660486
20200608_hrrrt21_npk,20.0,0.98,14.947022438049316,10.374122619628906,0.06751230359077454,0.02267790213227272,0.08735368414424644
20200608_hrrrt21_idw,20.0,0.98,17.315275192260742,12.152578353881836,0.18485544621944427,0.17901010811328888,0.10429704462958259
20200608_hrrrt21_ordinary_kriging,20.0,0.98,27.757253646850586,21.421422958374023,0.24444395303726196,0.16925957798957825,0.13713586157007682
20200608_hrrrt21_pk,20.0,0.98,10.57866382598877,7.921618938446045,0.05358003452420235,0.014637485146522522,0.05554765733827585
20200608_hrrrt21_npk,30.0,0.98,7.003684997558594,5.163179874420166,0.0339401513338089,0.008431386202573776,0.026946657266077326
20200608_hrrrt21_idw,30.0,0.98,17.72834587097168,12.880753517150879,0.17383502423763275,0.14303359389305115,0.10655850678152869
20200608_hrrrt21_ordinary_kriging,30.0,0.98,22.11760902404785,16.100069046020508,0.1894298642873764,0.14596052467823029,0.11446339591403584
20200608_hrrrt21_pk,30.0,0.98,6.683889389038086,4.801394939422607,0.030513590201735497,0.008214503526687622,0.016622752815859374
20200608_hrrrt21_npk,5.0,0.98,61.13767623901367,52.5149040222168,0.3129902184009552,0.2050318568944931,0.29524235954516204
20200608_hrrrt21_idw,5.0,0.98,29.905099868774414,22.294450759887695,0.262052059173584,0.36961090564727783,0.15345118489717702
20200608_hrrrt21_ordinary_kriging,5.0,0.98,34.160640716552734,26.835817337036133,0.293686181306839,0.2834014892578125,0.16097683579668637
20200608_hrrrt21_pk,5.0,0.98,46.02446746826172,38.930213928222656,0.23851227760314941,0.09592661261558533,0.2568820087167867
20200608_hrrrt22_npk,10.0,0.98,63.59542465209961,53.94927978515625,0.3287532329559326,0.1896437108516693,0.33679049924171384
20200608_hrrrt22_idw,10.0,0.98,17.387727737426758,12.761594772338867,0.2128724753856659,0.3283139169216156,0.10962726190648328
20200608_hrrrt22_ordinary_kriging,10.0,0.98,31.662385940551758,25.150527954101562,0.30449870228767395,0.2831769287586212,0.16321747631706002
20200608_hrrrt22_pk,10.0,0.98,43.819908142089844,37.2467155456543,0.2307971715927124,0.09588605910539627,0.2174255475079312
20200608_hrrrt22_npk,1.0,0.98,97.81434631347656,87.15088653564453,0.5066367387771606,0.4391266703605652,0.3014513122330654
20200608_hrrrt22_idw,1.0,0.98,31.419605255126953,24.86661720275879,0.30472442507743835,0.6115862131118774,0.16387759091655982
20200608_hrrrt22_ordinary_kriging,1.0,0.98,33.24158477783203,26.5256404876709,0.32139071822166443,0.5551321506500244,0.17250651339300926
20200608_hrrrt22_pk,1.0,0.98,90.89358520507812,79.05813598632812,0.47596120834350586,0.5333026051521301,0.40506867552155396
20200608_hrrrt22_npk,20.0,0.98,12.951990127563477,9.588647842407227,0.0660913735628128,0.018691208213567734,0.072870436859697
20200608_hrrrt22_idw,20.0,0.98,17.543336868286133,12.208727836608887,0.22999174892902374,0.17049065232276917,0.1133282187907119
20200608_hrrrt22_ordinary_kriging,20.0,0.98,29.350074768066406,22.803173065185547,0.3061767518520355,0.16720440983772278,0.15023467118296138
20200608_hrrrt22_pk,20.0,0.98,12.58581829071045,9.283649444580078,0.06815411150455475,0.019805267453193665,0.08058427444798118
20200608_hrrrt22_npk,30.0,0.98,6.73385763168335,4.77231502532959,0.032268453389406204,0.01195448637008667,0.03246103564614705
20200608_hrrrt22_idw,30.0,0.98,17.81985092163086,12.692119598388672,0.19448687136173248,0.13857534527778625,0.11491451931783771
20200608_hrrrt22_ordinary_kriging,30.0,0.98,22.901264190673828,16.608089447021484,0.21579213440418243,0.14259448647499084,0.12440155036240523
20200608_hrrrt22_pk,30.0,0.98,6.6212568283081055,4.849118709564209,0.03372259810566902,0.008959202095866203,0.03982471677947354
20200608_hrrrt22_npk,5.0,0.98,59.92704772949219,52.28391647338867,0.3209258019924164,0.2027667760848999,0.30324915359602217
20200608_hrrrt22_idw,5.0,0.98,28.93918800354004,22.108171463012695,0.2944137156009674,0.381136953830719,0.15733303776013288
20200608_hrrrt22_ordinary_kriging,5.0,0.98,34.93221664428711,27.932939529418945,0.34149065613746643,0.28416645526885986,0.1707162565017286
20200608_hrrrt22_pk,5.0,0.98,58.223785400390625,47.858802795410156,0.3153650164604187,0.16864167153835297,0.367578165699161
20200608_hrrrt23_npk,10.0,0.98,48.24008560180664,41.81095886230469,0.25137609243392944,0.13847225904464722,0.2466706794931021
20200608_hrrrt23_idw,10.0,0.98,17.731367111206055,13.144561767578125,0.14729076623916626,0.33796313405036926,0.10799893140255785
20200608_hrrrt23_ordinary_kriging,10.0,0.98,30.615453720092773,24.71196174621582,0.22930191457271576,0.25892168283462524,0.15791983907378185
20200608_hrrrt23_pk,10.0,0.98,33.32711410522461,28.366933822631836,0.17418496310710907,0.06386278569698334,0.19347626188299924
20200608_hrrrt23_npk,1.0,0.98,100.20294189453125,89.04216003417969,0.5036395788192749,0.5074935555458069,0.3194235695803433
20200608_hrrrt23_idw,1.0,0.98,30.06318473815918,24.200937271118164,0.22219516336917877,0.618289589881897,0.15343461213596943
20200608_hrrrt23_ordinary_kriging,1.0,0.98,32.00098419189453,25.99013900756836,0.24094584584236145,0.5061599016189575,0.1663479616428796
20200608_hrrrt23_pk,1.0,0.98,77.53108215332031,67.03789520263672,0.3861617147922516,0.4238821566104889,0.3216575791368924
20200608_hrrrt23_npk,20.0,0.98,12.162677764892578,8.515410423278809,0.055667415261268616,0.017402514815330505,0.07375683429867977
20200608_hrrrt23_idw,20.0,0.98,17.574081420898438,12.374122619628906,0.1528947800397873,0.18413545191287994,0.11211276161811458
20200608_hrrrt23_ordinary_kriging,20.0,0.98,30.588001251220703,24.33994483947754,0.23460698127746582,0.1921285092830658,0.15063478442913272
20200608_hrrrt23_pk,20.0,0.98,10.097119331359863,7.412142753601074,0.04882705584168434,0.014636214822530746,0.058730027648165935
20200608_hrrrt23_npk,30.0,0.98,7.0909857749938965,5.090306758880615,0.03499972075223923,0.009105509147047997,0.032714476374435815
20200608_hrrrt23_idw,30.0,0.98,17.657106399536133,12.28451919555664,0.15549971163272858,0.1531507670879364,0.11083343556285453
20200608_hrrrt23_ordinary_kriging,30.0,0.98,25.661785125732422,19.139469146728516,0.1984802484512329,0.16527287662029266,0.13020363019296605
20200608_hrrrt23_pk,30.0,0.98,6.70188045501709,4.934288024902344,0.032893791794776917,0.00755810784175992,0.0411071547840564
20200608_hrrrt23_npk,5.0,0.98,59.24721145629883,50.52106857299805,0.30943548679351807,0.21543052792549133,0.3544647190904661
20200608_hrrrt23_idw,5.0,0.98,27.907787322998047,21.625642776489258,0.2118479609489441,0.4063585698604584,0.14695724439339772
20200608_hrrrt23_ordinary_kriging,5.0,0.98,34.08935546875,27.609455108642578,0.2589834928512573,0.2734345495700836,0.16429308683019114
20200608_hrrrt23_pk,5.0,0.98,56.215614318847656,47.003517150878906,0.2979204058647156,0.16401466727256775,0.3607694175490719
